culture,post_id,text,post_url,level,category,phrase,type,intensity,strategy,emphaty_score
Indonesia,18o5s98,"Merasa lelah dengan naik turun nya hidup ini
Sebelumnya komodos bisa check last history comment saya untuk yang penasaran.
Jadi selama 3 tahun ini saya (male in late 20s / early 30) sudah mengalami depresi. dan selama depresi itu memang naik turun seperti roller coaster. Ibarat highest point I get married. lowest point I literraly hampir mengakhiri semua nya seandaikan saya tidak ke psikolog dan nangis habis"" an.
Istri saya tahu saya depresi tapi tidak tahu yang depresi berat nya. hanya Saya, Tuhan dan psikolog saya yang tahu. I hid everything from her karena I want her to not be burdened by me. saat ini tampaknya depresi saya menyentuh titik tertinggi sama seperti sebelumnya. Tapi bedanya kali ini saya sudah bisa menerima apapun yang akan saya lakukan.
Kerjaan saya sedang sangat sulit. banyak kena PHP, uang habis, bisa gagal bayar dll. saya mengorbankan apa yang saya punya demi pekerjaan tapi Saya benar"" berusaha.
Sejak kejadian depresi berat pertengahan/awal tahun ini saya berusaha merubah hidup saya. saya sekarang jauh lebih aktif ibadah dan bahkan menjadi pengurus / volunteer di tempat ibadah dengan harapan saya bisa lebih dekat dengan Tuhan, bahkan istri dan keluarga sampai salut, teman"" saya pun terkejut.
Tapi apa daya, saya lelah, ngetik ini aja saya nangis, I can't afford to leave my family wife, my family behind, my work behind (100+ of people bergantung pada saya). But I can't hold this much longer. saya benar"" lelah, benar"" mencari solusi dan jalan keluar dari masalah yang menghadapi ini.
Sorry for the rant and mix language. Pikiran saya sedang tidak lurus, dan saya harap dengan menulis ini saya bisa mendapatkan kekuatan.",https://www.reddit.com/r/indonesia/comments/18o5s98/merasa_lelah_dengan_naik_turun_nya_hidup_ini/,post,emotional_distress,Merasa lelah dengan naik turun nya hidup ini,,light,,
Indonesia,18o5s98,"Merasa lelah dengan naik turun nya hidup ini
Sebelumnya komodos bisa check last history comment saya untuk yang penasaran.
Jadi selama 3 tahun ini saya (male in late 20s / early 30) sudah mengalami depresi. dan selama depresi itu memang naik turun seperti roller coaster. Ibarat highest point I get married. lowest point I literraly hampir mengakhiri semua nya seandaikan saya tidak ke psikolog dan nangis habis"" an.
Istri saya tahu saya depresi tapi tidak tahu yang depresi berat nya. hanya Saya, Tuhan dan psikolog saya yang tahu. I hid everything from her karena I want her to not be burdened by me. saat ini tampaknya depresi saya menyentuh titik tertinggi sama seperti sebelumnya. Tapi bedanya kali ini saya sudah bisa menerima apapun yang akan saya lakukan.
Kerjaan saya sedang sangat sulit. banyak kena PHP, uang habis, bisa gagal bayar dll. saya mengorbankan apa yang saya punya demi pekerjaan tapi Saya benar"" berusaha.
Sejak kejadian depresi berat pertengahan/awal tahun ini saya berusaha merubah hidup saya. saya sekarang jauh lebih aktif ibadah dan bahkan menjadi pengurus / volunteer di tempat ibadah dengan harapan saya bisa lebih dekat dengan Tuhan, bahkan istri dan keluarga sampai salut, teman"" saya pun terkejut.
Tapi apa daya, saya lelah, ngetik ini aja saya nangis, I can't afford to leave my family wife, my family behind, my work behind (100+ of people bergantung pada saya). But I can't hold this much longer. saya benar"" lelah, benar"" mencari solusi dan jalan keluar dari masalah yang menghadapi ini.
Sorry for the rant and mix language. Pikiran saya sedang tidak lurus, dan saya harap dengan menulis ini saya bisa mendapatkan kekuatan.",https://www.reddit.com/r/indonesia/comments/18o5s98/merasa_lelah_dengan_naik_turun_nya_hidup_ini/,post,emotional_distress,Jadi selama 3 tahun ini saya (male in late 20s / early 30) sudah mengalami depresi,,moderate,,
Indonesia,18o5s98,"Merasa lelah dengan naik turun nya hidup ini
Sebelumnya komodos bisa check last history comment saya untuk yang penasaran.
Jadi selama 3 tahun ini saya (male in late 20s / early 30) sudah mengalami depresi. dan selama depresi itu memang naik turun seperti roller coaster. Ibarat highest point I get married. lowest point I literraly hampir mengakhiri semua nya seandaikan saya tidak ke psikolog dan nangis habis"" an.
Istri saya tahu saya depresi tapi tidak tahu yang depresi berat nya. hanya Saya, Tuhan dan psikolog saya yang tahu. I hid everything from her karena I want her to not be burdened by me. saat ini tampaknya depresi saya menyentuh titik tertinggi sama seperti sebelumnya. Tapi bedanya kali ini saya sudah bisa menerima apapun yang akan saya lakukan.
Kerjaan saya sedang sangat sulit. banyak kena PHP, uang habis, bisa gagal bayar dll. saya mengorbankan apa yang saya punya demi pekerjaan tapi Saya benar"" berusaha.
Sejak kejadian depresi berat pertengahan/awal tahun ini saya berusaha merubah hidup saya. saya sekarang jauh lebih aktif ibadah dan bahkan menjadi pengurus / volunteer di tempat ibadah dengan harapan saya bisa lebih dekat dengan Tuhan, bahkan istri dan keluarga sampai salut, teman"" saya pun terkejut.
Tapi apa daya, saya lelah, ngetik ini aja saya nangis, I can't afford to leave my family wife, my family behind, my work behind (100+ of people bergantung pada saya). But I can't hold this much longer. saya benar"" lelah, benar"" mencari solusi dan jalan keluar dari masalah yang menghadapi ini.
Sorry for the rant and mix language. Pikiran saya sedang tidak lurus, dan saya harap dengan menulis ini saya bisa mendapatkan kekuatan.",https://www.reddit.com/r/indonesia/comments/18o5s98/merasa_lelah_dengan_naik_turun_nya_hidup_ini/,post,emotional_distress,"I literraly hampir mengakhiri semua nya seandaikan saya tidak ke psikolog dan nangis habis"" an",,high,,
Indonesia,18o5s98,"Merasa lelah dengan naik turun nya hidup ini
Sebelumnya komodos bisa check last history comment saya untuk yang penasaran.
Jadi selama 3 tahun ini saya (male in late 20s / early 30) sudah mengalami depresi. dan selama depresi itu memang naik turun seperti roller coaster. Ibarat highest point I get married. lowest point I literraly hampir mengakhiri semua nya seandaikan saya tidak ke psikolog dan nangis habis"" an.
Istri saya tahu saya depresi tapi tidak tahu yang depresi berat nya. hanya Saya, Tuhan dan psikolog saya yang tahu. I hid everything from her karena I want her to not be burdened by me. saat ini tampaknya depresi saya menyentuh titik tertinggi sama seperti sebelumnya. Tapi bedanya kali ini saya sudah bisa menerima apapun yang akan saya lakukan.
Kerjaan saya sedang sangat sulit. banyak kena PHP, uang habis, bisa gagal bayar dll. saya mengorbankan apa yang saya punya demi pekerjaan tapi Saya benar"" berusaha.
Sejak kejadian depresi berat pertengahan/awal tahun ini saya berusaha merubah hidup saya. saya sekarang jauh lebih aktif ibadah dan bahkan menjadi pengurus / volunteer di tempat ibadah dengan harapan saya bisa lebih dekat dengan Tuhan, bahkan istri dan keluarga sampai salut, teman"" saya pun terkejut.
Tapi apa daya, saya lelah, ngetik ini aja saya nangis, I can't afford to leave my family wife, my family behind, my work behind (100+ of people bergantung pada saya). But I can't hold this much longer. saya benar"" lelah, benar"" mencari solusi dan jalan keluar dari masalah yang menghadapi ini.
Sorry for the rant and mix language. Pikiran saya sedang tidak lurus, dan saya harap dengan menulis ini saya bisa mendapatkan kekuatan.",https://www.reddit.com/r/indonesia/comments/18o5s98/merasa_lelah_dengan_naik_turun_nya_hidup_ini/,post,cultural_signals,I hid everything from her karena I want her to not be burdened by me,Norms and Morals,,,
Indonesia,18o5s98,"Merasa lelah dengan naik turun nya hidup ini
Sebelumnya komodos bisa check last history comment saya untuk yang penasaran.
Jadi selama 3 tahun ini saya (male in late 20s / early 30) sudah mengalami depresi. dan selama depresi itu memang naik turun seperti roller coaster. Ibarat highest point I get married. lowest point I literraly hampir mengakhiri semua nya seandaikan saya tidak ke psikolog dan nangis habis"" an.
Istri saya tahu saya depresi tapi tidak tahu yang depresi berat nya. hanya Saya, Tuhan dan psikolog saya yang tahu. I hid everything from her karena I want her to not be burdened by me. saat ini tampaknya depresi saya menyentuh titik tertinggi sama seperti sebelumnya. Tapi bedanya kali ini saya sudah bisa menerima apapun yang akan saya lakukan.
Kerjaan saya sedang sangat sulit. banyak kena PHP, uang habis, bisa gagal bayar dll. saya mengorbankan apa yang saya punya demi pekerjaan tapi Saya benar"" berusaha.
Sejak kejadian depresi berat pertengahan/awal tahun ini saya berusaha merubah hidup saya. saya sekarang jauh lebih aktif ibadah dan bahkan menjadi pengurus / volunteer di tempat ibadah dengan harapan saya bisa lebih dekat dengan Tuhan, bahkan istri dan keluarga sampai salut, teman"" saya pun terkejut.
Tapi apa daya, saya lelah, ngetik ini aja saya nangis, I can't afford to leave my family wife, my family behind, my work behind (100+ of people bergantung pada saya). But I can't hold this much longer. saya benar"" lelah, benar"" mencari solusi dan jalan keluar dari masalah yang menghadapi ini.
Sorry for the rant and mix language. Pikiran saya sedang tidak lurus, dan saya harap dengan menulis ini saya bisa mendapatkan kekuatan.",https://www.reddit.com/r/indonesia/comments/18o5s98/merasa_lelah_dengan_naik_turun_nya_hidup_ini/,post,emotional_distress,saat ini tampaknya depresi saya menyentuh titik tertinggi sama seperti sebelumnya,,high,,
Indonesia,18o5s98,"Merasa lelah dengan naik turun nya hidup ini
Sebelumnya komodos bisa check last history comment saya untuk yang penasaran.
Jadi selama 3 tahun ini saya (male in late 20s / early 30) sudah mengalami depresi. dan selama depresi itu memang naik turun seperti roller coaster. Ibarat highest point I get married. lowest point I literraly hampir mengakhiri semua nya seandaikan saya tidak ke psikolog dan nangis habis"" an.
Istri saya tahu saya depresi tapi tidak tahu yang depresi berat nya. hanya Saya, Tuhan dan psikolog saya yang tahu. I hid everything from her karena I want her to not be burdened by me. saat ini tampaknya depresi saya menyentuh titik tertinggi sama seperti sebelumnya. Tapi bedanya kali ini saya sudah bisa menerima apapun yang akan saya lakukan.
Kerjaan saya sedang sangat sulit. banyak kena PHP, uang habis, bisa gagal bayar dll. saya mengorbankan apa yang saya punya demi pekerjaan tapi Saya benar"" berusaha.
Sejak kejadian depresi berat pertengahan/awal tahun ini saya berusaha merubah hidup saya. saya sekarang jauh lebih aktif ibadah dan bahkan menjadi pengurus / volunteer di tempat ibadah dengan harapan saya bisa lebih dekat dengan Tuhan, bahkan istri dan keluarga sampai salut, teman"" saya pun terkejut.
Tapi apa daya, saya lelah, ngetik ini aja saya nangis, I can't afford to leave my family wife, my family behind, my work behind (100+ of people bergantung pada saya). But I can't hold this much longer. saya benar"" lelah, benar"" mencari solusi dan jalan keluar dari masalah yang menghadapi ini.
Sorry for the rant and mix language. Pikiran saya sedang tidak lurus, dan saya harap dengan menulis ini saya bisa mendapatkan kekuatan.",https://www.reddit.com/r/indonesia/comments/18o5s98/merasa_lelah_dengan_naik_turun_nya_hidup_ini/,post,cultural_signals,"Kerjaan saya sedang sangat sulit. banyak kena PHP, uang habis, bisa gagal bayar dll. saya mengorbankan apa yang saya punya demi pekerjaan tapi Saya benar"" berusaha.",Values,,,
Indonesia,18o5s98,"Merasa lelah dengan naik turun nya hidup ini
Sebelumnya komodos bisa check last history comment saya untuk yang penasaran.
Jadi selama 3 tahun ini saya (male in late 20s / early 30) sudah mengalami depresi. dan selama depresi itu memang naik turun seperti roller coaster. Ibarat highest point I get married. lowest point I literraly hampir mengakhiri semua nya seandaikan saya tidak ke psikolog dan nangis habis"" an.
Istri saya tahu saya depresi tapi tidak tahu yang depresi berat nya. hanya Saya, Tuhan dan psikolog saya yang tahu. I hid everything from her karena I want her to not be burdened by me. saat ini tampaknya depresi saya menyentuh titik tertinggi sama seperti sebelumnya. Tapi bedanya kali ini saya sudah bisa menerima apapun yang akan saya lakukan.
Kerjaan saya sedang sangat sulit. banyak kena PHP, uang habis, bisa gagal bayar dll. saya mengorbankan apa yang saya punya demi pekerjaan tapi Saya benar"" berusaha.
Sejak kejadian depresi berat pertengahan/awal tahun ini saya berusaha merubah hidup saya. saya sekarang jauh lebih aktif ibadah dan bahkan menjadi pengurus / volunteer di tempat ibadah dengan harapan saya bisa lebih dekat dengan Tuhan, bahkan istri dan keluarga sampai salut, teman"" saya pun terkejut.
Tapi apa daya, saya lelah, ngetik ini aja saya nangis, I can't afford to leave my family wife, my family behind, my work behind (100+ of people bergantung pada saya). But I can't hold this much longer. saya benar"" lelah, benar"" mencari solusi dan jalan keluar dari masalah yang menghadapi ini.
Sorry for the rant and mix language. Pikiran saya sedang tidak lurus, dan saya harap dengan menulis ini saya bisa mendapatkan kekuatan.",https://www.reddit.com/r/indonesia/comments/18o5s98/merasa_lelah_dengan_naik_turun_nya_hidup_ini/,post,cultural_signals,saya sekarang jauh lebih aktif ibadah dan bahkan menjadi pengurus / volunteer di tempat ibadah dengan harapan saya bisa lebih dekat dengan Tuhan,Values,,,
Indonesia,18o5s98,"Merasa lelah dengan naik turun nya hidup ini
Sebelumnya komodos bisa check last history comment saya untuk yang penasaran.
Jadi selama 3 tahun ini saya (male in late 20s / early 30) sudah mengalami depresi. dan selama depresi itu memang naik turun seperti roller coaster. Ibarat highest point I get married. lowest point I literraly hampir mengakhiri semua nya seandaikan saya tidak ke psikolog dan nangis habis"" an.
Istri saya tahu saya depresi tapi tidak tahu yang depresi berat nya. hanya Saya, Tuhan dan psikolog saya yang tahu. I hid everything from her karena I want her to not be burdened by me. saat ini tampaknya depresi saya menyentuh titik tertinggi sama seperti sebelumnya. Tapi bedanya kali ini saya sudah bisa menerima apapun yang akan saya lakukan.
Kerjaan saya sedang sangat sulit. banyak kena PHP, uang habis, bisa gagal bayar dll. saya mengorbankan apa yang saya punya demi pekerjaan tapi Saya benar"" berusaha.
Sejak kejadian depresi berat pertengahan/awal tahun ini saya berusaha merubah hidup saya. saya sekarang jauh lebih aktif ibadah dan bahkan menjadi pengurus / volunteer di tempat ibadah dengan harapan saya bisa lebih dekat dengan Tuhan, bahkan istri dan keluarga sampai salut, teman"" saya pun terkejut.
Tapi apa daya, saya lelah, ngetik ini aja saya nangis, I can't afford to leave my family wife, my family behind, my work behind (100+ of people bergantung pada saya). But I can't hold this much longer. saya benar"" lelah, benar"" mencari solusi dan jalan keluar dari masalah yang menghadapi ini.
Sorry for the rant and mix language. Pikiran saya sedang tidak lurus, dan saya harap dengan menulis ini saya bisa mendapatkan kekuatan.",https://www.reddit.com/r/indonesia/comments/18o5s98/merasa_lelah_dengan_naik_turun_nya_hidup_ini/,post,emotional_distress,"Tapi apa daya, saya lelah, ngetik ini aja saya nangis, I can't afford to leave my family wife, my family behind, my work behind (100+ of people bergantung pada saya)",,high,,
Indonesia,18o5s98,"Merasa lelah dengan naik turun nya hidup ini
Sebelumnya komodos bisa check last history comment saya untuk yang penasaran.
Jadi selama 3 tahun ini saya (male in late 20s / early 30) sudah mengalami depresi. dan selama depresi itu memang naik turun seperti roller coaster. Ibarat highest point I get married. lowest point I literraly hampir mengakhiri semua nya seandaikan saya tidak ke psikolog dan nangis habis"" an.
Istri saya tahu saya depresi tapi tidak tahu yang depresi berat nya. hanya Saya, Tuhan dan psikolog saya yang tahu. I hid everything from her karena I want her to not be burdened by me. saat ini tampaknya depresi saya menyentuh titik tertinggi sama seperti sebelumnya. Tapi bedanya kali ini saya sudah bisa menerima apapun yang akan saya lakukan.
Kerjaan saya sedang sangat sulit. banyak kena PHP, uang habis, bisa gagal bayar dll. saya mengorbankan apa yang saya punya demi pekerjaan tapi Saya benar"" berusaha.
Sejak kejadian depresi berat pertengahan/awal tahun ini saya berusaha merubah hidup saya. saya sekarang jauh lebih aktif ibadah dan bahkan menjadi pengurus / volunteer di tempat ibadah dengan harapan saya bisa lebih dekat dengan Tuhan, bahkan istri dan keluarga sampai salut, teman"" saya pun terkejut.
Tapi apa daya, saya lelah, ngetik ini aja saya nangis, I can't afford to leave my family wife, my family behind, my work behind (100+ of people bergantung pada saya). But I can't hold this much longer. saya benar"" lelah, benar"" mencari solusi dan jalan keluar dari masalah yang menghadapi ini.
Sorry for the rant and mix language. Pikiran saya sedang tidak lurus, dan saya harap dengan menulis ini saya bisa mendapatkan kekuatan.",https://www.reddit.com/r/indonesia/comments/18o5s98/merasa_lelah_dengan_naik_turun_nya_hidup_ini/,post,emotional_distress,"But I can't hold this much longer. saya benar"" lelah, benar"" mencari solusi dan jalan keluar dari masalah yang menghadapi ini",,high,,
Indonesia,18o5s98,"Merasa lelah dengan naik turun nya hidup ini
Sebelumnya komodos bisa check last history comment saya untuk yang penasaran.
Jadi selama 3 tahun ini saya (male in late 20s / early 30) sudah mengalami depresi. dan selama depresi itu memang naik turun seperti roller coaster. Ibarat highest point I get married. lowest point I literraly hampir mengakhiri semua nya seandaikan saya tidak ke psikolog dan nangis habis"" an.
Istri saya tahu saya depresi tapi tidak tahu yang depresi berat nya. hanya Saya, Tuhan dan psikolog saya yang tahu. I hid everything from her karena I want her to not be burdened by me. saat ini tampaknya depresi saya menyentuh titik tertinggi sama seperti sebelumnya. Tapi bedanya kali ini saya sudah bisa menerima apapun yang akan saya lakukan.
Kerjaan saya sedang sangat sulit. banyak kena PHP, uang habis, bisa gagal bayar dll. saya mengorbankan apa yang saya punya demi pekerjaan tapi Saya benar"" berusaha.
Sejak kejadian depresi berat pertengahan/awal tahun ini saya berusaha merubah hidup saya. saya sekarang jauh lebih aktif ibadah dan bahkan menjadi pengurus / volunteer di tempat ibadah dengan harapan saya bisa lebih dekat dengan Tuhan, bahkan istri dan keluarga sampai salut, teman"" saya pun terkejut.
Tapi apa daya, saya lelah, ngetik ini aja saya nangis, I can't afford to leave my family wife, my family behind, my work behind (100+ of people bergantung pada saya). But I can't hold this much longer. saya benar"" lelah, benar"" mencari solusi dan jalan keluar dari masalah yang menghadapi ini.
Sorry for the rant and mix language. Pikiran saya sedang tidak lurus, dan saya harap dengan menulis ini saya bisa mendapatkan kekuatan.",https://www.reddit.com/r/indonesia/comments/18o5s98/merasa_lelah_dengan_naik_turun_nya_hidup_ini/,response,emotional_support,"you SHOULD'VE talk to your wife about your current depression, open up to her about your mental state, especially when the thought of suicide is revolving on your mind",,,Providing Suggestions,
Indonesia,18o5s98,"Merasa lelah dengan naik turun nya hidup ini
Sebelumnya komodos bisa check last history comment saya untuk yang penasaran.
Jadi selama 3 tahun ini saya (male in late 20s / early 30) sudah mengalami depresi. dan selama depresi itu memang naik turun seperti roller coaster. Ibarat highest point I get married. lowest point I literraly hampir mengakhiri semua nya seandaikan saya tidak ke psikolog dan nangis habis"" an.
Istri saya tahu saya depresi tapi tidak tahu yang depresi berat nya. hanya Saya, Tuhan dan psikolog saya yang tahu. I hid everything from her karena I want her to not be burdened by me. saat ini tampaknya depresi saya menyentuh titik tertinggi sama seperti sebelumnya. Tapi bedanya kali ini saya sudah bisa menerima apapun yang akan saya lakukan.
Kerjaan saya sedang sangat sulit. banyak kena PHP, uang habis, bisa gagal bayar dll. saya mengorbankan apa yang saya punya demi pekerjaan tapi Saya benar"" berusaha.
Sejak kejadian depresi berat pertengahan/awal tahun ini saya berusaha merubah hidup saya. saya sekarang jauh lebih aktif ibadah dan bahkan menjadi pengurus / volunteer di tempat ibadah dengan harapan saya bisa lebih dekat dengan Tuhan, bahkan istri dan keluarga sampai salut, teman"" saya pun terkejut.
Tapi apa daya, saya lelah, ngetik ini aja saya nangis, I can't afford to leave my family wife, my family behind, my work behind (100+ of people bergantung pada saya). But I can't hold this much longer. saya benar"" lelah, benar"" mencari solusi dan jalan keluar dari masalah yang menghadapi ini.
Sorry for the rant and mix language. Pikiran saya sedang tidak lurus, dan saya harap dengan menulis ini saya bisa mendapatkan kekuatan.",https://www.reddit.com/r/indonesia/comments/18o5s98/merasa_lelah_dengan_naik_turun_nya_hidup_ini/,response,cultural_signals,your family is your supporting pillar.,Values,,,
Indonesia,18o5s98,"Merasa lelah dengan naik turun nya hidup ini
Sebelumnya komodos bisa check last history comment saya untuk yang penasaran.
Jadi selama 3 tahun ini saya (male in late 20s / early 30) sudah mengalami depresi. dan selama depresi itu memang naik turun seperti roller coaster. Ibarat highest point I get married. lowest point I literraly hampir mengakhiri semua nya seandaikan saya tidak ke psikolog dan nangis habis"" an.
Istri saya tahu saya depresi tapi tidak tahu yang depresi berat nya. hanya Saya, Tuhan dan psikolog saya yang tahu. I hid everything from her karena I want her to not be burdened by me. saat ini tampaknya depresi saya menyentuh titik tertinggi sama seperti sebelumnya. Tapi bedanya kali ini saya sudah bisa menerima apapun yang akan saya lakukan.
Kerjaan saya sedang sangat sulit. banyak kena PHP, uang habis, bisa gagal bayar dll. saya mengorbankan apa yang saya punya demi pekerjaan tapi Saya benar"" berusaha.
Sejak kejadian depresi berat pertengahan/awal tahun ini saya berusaha merubah hidup saya. saya sekarang jauh lebih aktif ibadah dan bahkan menjadi pengurus / volunteer di tempat ibadah dengan harapan saya bisa lebih dekat dengan Tuhan, bahkan istri dan keluarga sampai salut, teman"" saya pun terkejut.
Tapi apa daya, saya lelah, ngetik ini aja saya nangis, I can't afford to leave my family wife, my family behind, my work behind (100+ of people bergantung pada saya). But I can't hold this much longer. saya benar"" lelah, benar"" mencari solusi dan jalan keluar dari masalah yang menghadapi ini.
Sorry for the rant and mix language. Pikiran saya sedang tidak lurus, dan saya harap dengan menulis ini saya bisa mendapatkan kekuatan.",https://www.reddit.com/r/indonesia/comments/18o5s98/merasa_lelah_dengan_naik_turun_nya_hidup_ini/,response,emphaty_score,,,,,2 (slightly empathetic)
Indonesia,18f1stq,"Is this the power of ""friendship""?
Curhat dikit,
Gue orangnya introvert, punya social anxiety, sejak SMP punya temen nggak banyak, bisa dihitung dengan jari. Lulus SMP, COVID-19 dateng ke Indo dan akhirnya kena depresi karena kebanyakan pikiran. SMA cuma punya 1 tahun, udah abandon all hope. Kuliah ketolak Univ impian, it is what it is, sekarang kuliah di Univ plan B (maba tahun ini). Punya pikiran ""if college doesn't go well, I'll consider killing myself"".
Syukur, di sini keadaan mental gue membaik, jadi tangan kanan Dosen, punya temen-temen baik (albeit still few), sudah mulai lupa akan suicidal thoughts yang dulu berbisik tiap malem.
And, I have this best friend (girl). Kemana-mana selalu nempel ke gue, pada awalnya gue nggak terlalu peduli karena emang nggak kepikiran untuk hidup panjang. But as time flies, she suddenly getting to close, getting more intimate than ever before. She said that it's supposed to be a joke, so I follow her along. She started to pat my head, hugged me, and stuff that's beyond ""best friend"" boundary. At last, she managed to melt away the ice that resides within my heart.
And all of sudden, I can see colors of the world again. Is this really the power of ""friendship""?, I'm clueless since I have never encountered such event in my entire life. And thus, I really want to continue chasing my stars, but now I have not one, but two stars.
At the moment, I'm facing a dilemma, I think I have fallen in love with her, but she said once that she won't getting boyfriend any time soon because the trauma she had from her ex-boyfriend. And since I really want to continue my dream, getting jobs in science field, I might be moving to another Univ to get the required degree.
So, mungkin komodos di sini bisa bantu komodo satu ini?
1.	Apakah sarjana sains diperlukan secara absolut untuk kerja di bidang sains? (Apakah Informatika termasuk ke bidang sains?, gue sekarang D3 Informatika & rencana lanjut S1 Informatika juga. S1 Informatika & S2 Fisika, is that plausible for work in science field?, apa kudu S1 Fisika juga?).
2.	Since this is my first time falling in love, but with her condition, shall I keep my feelings a little longer?. I don't want to lose the comfort with her, so I'm afraid if I take the wrong step and everything will crumble into pieces.",https://www.reddit.com/r/indonesia/comments/18f1stq/is_this_the_power_of_friendship/,post,cultural_signals,"Curhat dikit,",Languange,,,
Indonesia,18f1stq,"Is this the power of ""friendship""?
Curhat dikit,
Gue orangnya introvert, punya social anxiety, sejak SMP punya temen nggak banyak, bisa dihitung dengan jari. Lulus SMP, COVID-19 dateng ke Indo dan akhirnya kena depresi karena kebanyakan pikiran. SMA cuma punya 1 tahun, udah abandon all hope. Kuliah ketolak Univ impian, it is what it is, sekarang kuliah di Univ plan B (maba tahun ini). Punya pikiran ""if college doesn't go well, I'll consider killing myself"".
Syukur, di sini keadaan mental gue membaik, jadi tangan kanan Dosen, punya temen-temen baik (albeit still few), sudah mulai lupa akan suicidal thoughts yang dulu berbisik tiap malem.
And, I have this best friend (girl). Kemana-mana selalu nempel ke gue, pada awalnya gue nggak terlalu peduli karena emang nggak kepikiran untuk hidup panjang. But as time flies, she suddenly getting to close, getting more intimate than ever before. She said that it's supposed to be a joke, so I follow her along. She started to pat my head, hugged me, and stuff that's beyond ""best friend"" boundary. At last, she managed to melt away the ice that resides within my heart.
And all of sudden, I can see colors of the world again. Is this really the power of ""friendship""?, I'm clueless since I have never encountered such event in my entire life. And thus, I really want to continue chasing my stars, but now I have not one, but two stars.
At the moment, I'm facing a dilemma, I think I have fallen in love with her, but she said once that she won't getting boyfriend any time soon because the trauma she had from her ex-boyfriend. And since I really want to continue my dream, getting jobs in science field, I might be moving to another Univ to get the required degree.
So, mungkin komodos di sini bisa bantu komodo satu ini?
1.	Apakah sarjana sains diperlukan secara absolut untuk kerja di bidang sains? (Apakah Informatika termasuk ke bidang sains?, gue sekarang D3 Informatika & rencana lanjut S1 Informatika juga. S1 Informatika & S2 Fisika, is that plausible for work in science field?, apa kudu S1 Fisika juga?).
2.	Since this is my first time falling in love, but with her condition, shall I keep my feelings a little longer?. I don't want to lose the comfort with her, so I'm afraid if I take the wrong step and everything will crumble into pieces.",https://www.reddit.com/r/indonesia/comments/18f1stq/is_this_the_power_of_friendship/,post,emotional_distress,"Lulus SMP, COVID-19 dateng ke Indo dan akhirnya kena depresi karena kebanyakan pikiran. SMA cuma punya 1 tahun, udah abandon all hope. Kuliah ketolak Univ impian, it is what it is, sekarang kuliah di Univ plan B (maba tahun ini)",,moderate,,
Indonesia,18f1stq,"Is this the power of ""friendship""?
Curhat dikit,
Gue orangnya introvert, punya social anxiety, sejak SMP punya temen nggak banyak, bisa dihitung dengan jari. Lulus SMP, COVID-19 dateng ke Indo dan akhirnya kena depresi karena kebanyakan pikiran. SMA cuma punya 1 tahun, udah abandon all hope. Kuliah ketolak Univ impian, it is what it is, sekarang kuliah di Univ plan B (maba tahun ini). Punya pikiran ""if college doesn't go well, I'll consider killing myself"".
Syukur, di sini keadaan mental gue membaik, jadi tangan kanan Dosen, punya temen-temen baik (albeit still few), sudah mulai lupa akan suicidal thoughts yang dulu berbisik tiap malem.
And, I have this best friend (girl). Kemana-mana selalu nempel ke gue, pada awalnya gue nggak terlalu peduli karena emang nggak kepikiran untuk hidup panjang. But as time flies, she suddenly getting to close, getting more intimate than ever before. She said that it's supposed to be a joke, so I follow her along. She started to pat my head, hugged me, and stuff that's beyond ""best friend"" boundary. At last, she managed to melt away the ice that resides within my heart.
And all of sudden, I can see colors of the world again. Is this really the power of ""friendship""?, I'm clueless since I have never encountered such event in my entire life. And thus, I really want to continue chasing my stars, but now I have not one, but two stars.
At the moment, I'm facing a dilemma, I think I have fallen in love with her, but she said once that she won't getting boyfriend any time soon because the trauma she had from her ex-boyfriend. And since I really want to continue my dream, getting jobs in science field, I might be moving to another Univ to get the required degree.
So, mungkin komodos di sini bisa bantu komodo satu ini?
1.	Apakah sarjana sains diperlukan secara absolut untuk kerja di bidang sains? (Apakah Informatika termasuk ke bidang sains?, gue sekarang D3 Informatika & rencana lanjut S1 Informatika juga. S1 Informatika & S2 Fisika, is that plausible for work in science field?, apa kudu S1 Fisika juga?).
2.	Since this is my first time falling in love, but with her condition, shall I keep my feelings a little longer?. I don't want to lose the comfort with her, so I'm afraid if I take the wrong step and everything will crumble into pieces.",https://www.reddit.com/r/indonesia/comments/18f1stq/is_this_the_power_of_friendship/,post,emotional_distress,"Punya pikiran ""if college doesn't go well, I'll consider killing myself"".",,high,,
Indonesia,18f1stq,"Is this the power of ""friendship""?
Curhat dikit,
Gue orangnya introvert, punya social anxiety, sejak SMP punya temen nggak banyak, bisa dihitung dengan jari. Lulus SMP, COVID-19 dateng ke Indo dan akhirnya kena depresi karena kebanyakan pikiran. SMA cuma punya 1 tahun, udah abandon all hope. Kuliah ketolak Univ impian, it is what it is, sekarang kuliah di Univ plan B (maba tahun ini). Punya pikiran ""if college doesn't go well, I'll consider killing myself"".
Syukur, di sini keadaan mental gue membaik, jadi tangan kanan Dosen, punya temen-temen baik (albeit still few), sudah mulai lupa akan suicidal thoughts yang dulu berbisik tiap malem.
And, I have this best friend (girl). Kemana-mana selalu nempel ke gue, pada awalnya gue nggak terlalu peduli karena emang nggak kepikiran untuk hidup panjang. But as time flies, she suddenly getting to close, getting more intimate than ever before. She said that it's supposed to be a joke, so I follow her along. She started to pat my head, hugged me, and stuff that's beyond ""best friend"" boundary. At last, she managed to melt away the ice that resides within my heart.
And all of sudden, I can see colors of the world again. Is this really the power of ""friendship""?, I'm clueless since I have never encountered such event in my entire life. And thus, I really want to continue chasing my stars, but now I have not one, but two stars.
At the moment, I'm facing a dilemma, I think I have fallen in love with her, but she said once that she won't getting boyfriend any time soon because the trauma she had from her ex-boyfriend. And since I really want to continue my dream, getting jobs in science field, I might be moving to another Univ to get the required degree.
So, mungkin komodos di sini bisa bantu komodo satu ini?
1.	Apakah sarjana sains diperlukan secara absolut untuk kerja di bidang sains? (Apakah Informatika termasuk ke bidang sains?, gue sekarang D3 Informatika & rencana lanjut S1 Informatika juga. S1 Informatika & S2 Fisika, is that plausible for work in science field?, apa kudu S1 Fisika juga?).
2.	Since this is my first time falling in love, but with her condition, shall I keep my feelings a little longer?. I don't want to lose the comfort with her, so I'm afraid if I take the wrong step and everything will crumble into pieces.",https://www.reddit.com/r/indonesia/comments/18f1stq/is_this_the_power_of_friendship/,post,emotional_distress,"At the moment, I'm facing a dilemma",,moderate,,
Indonesia,18f1stq,"Is this the power of ""friendship""?
Curhat dikit,
Gue orangnya introvert, punya social anxiety, sejak SMP punya temen nggak banyak, bisa dihitung dengan jari. Lulus SMP, COVID-19 dateng ke Indo dan akhirnya kena depresi karena kebanyakan pikiran. SMA cuma punya 1 tahun, udah abandon all hope. Kuliah ketolak Univ impian, it is what it is, sekarang kuliah di Univ plan B (maba tahun ini). Punya pikiran ""if college doesn't go well, I'll consider killing myself"".
Syukur, di sini keadaan mental gue membaik, jadi tangan kanan Dosen, punya temen-temen baik (albeit still few), sudah mulai lupa akan suicidal thoughts yang dulu berbisik tiap malem.
And, I have this best friend (girl). Kemana-mana selalu nempel ke gue, pada awalnya gue nggak terlalu peduli karena emang nggak kepikiran untuk hidup panjang. But as time flies, she suddenly getting to close, getting more intimate than ever before. She said that it's supposed to be a joke, so I follow her along. She started to pat my head, hugged me, and stuff that's beyond ""best friend"" boundary. At last, she managed to melt away the ice that resides within my heart.
And all of sudden, I can see colors of the world again. Is this really the power of ""friendship""?, I'm clueless since I have never encountered such event in my entire life. And thus, I really want to continue chasing my stars, but now I have not one, but two stars.
At the moment, I'm facing a dilemma, I think I have fallen in love with her, but she said once that she won't getting boyfriend any time soon because the trauma she had from her ex-boyfriend. And since I really want to continue my dream, getting jobs in science field, I might be moving to another Univ to get the required degree.
So, mungkin komodos di sini bisa bantu komodo satu ini?
1.	Apakah sarjana sains diperlukan secara absolut untuk kerja di bidang sains? (Apakah Informatika termasuk ke bidang sains?, gue sekarang D3 Informatika & rencana lanjut S1 Informatika juga. S1 Informatika & S2 Fisika, is that plausible for work in science field?, apa kudu S1 Fisika juga?).
2.	Since this is my first time falling in love, but with her condition, shall I keep my feelings a little longer?. I don't want to lose the comfort with her, so I'm afraid if I take the wrong step and everything will crumble into pieces.",https://www.reddit.com/r/indonesia/comments/18f1stq/is_this_the_power_of_friendship/,post,emotional_distress,so I'm afraid if I take the wrong step and everything will crumble into pieces,,moderate,,
Indonesia,18f1stq,"Is this the power of ""friendship""?
Curhat dikit,
Gue orangnya introvert, punya social anxiety, sejak SMP punya temen nggak banyak, bisa dihitung dengan jari. Lulus SMP, COVID-19 dateng ke Indo dan akhirnya kena depresi karena kebanyakan pikiran. SMA cuma punya 1 tahun, udah abandon all hope. Kuliah ketolak Univ impian, it is what it is, sekarang kuliah di Univ plan B (maba tahun ini). Punya pikiran ""if college doesn't go well, I'll consider killing myself"".
Syukur, di sini keadaan mental gue membaik, jadi tangan kanan Dosen, punya temen-temen baik (albeit still few), sudah mulai lupa akan suicidal thoughts yang dulu berbisik tiap malem.
And, I have this best friend (girl). Kemana-mana selalu nempel ke gue, pada awalnya gue nggak terlalu peduli karena emang nggak kepikiran untuk hidup panjang. But as time flies, she suddenly getting to close, getting more intimate than ever before. She said that it's supposed to be a joke, so I follow her along. She started to pat my head, hugged me, and stuff that's beyond ""best friend"" boundary. At last, she managed to melt away the ice that resides within my heart.
And all of sudden, I can see colors of the world again. Is this really the power of ""friendship""?, I'm clueless since I have never encountered such event in my entire life. And thus, I really want to continue chasing my stars, but now I have not one, but two stars.
At the moment, I'm facing a dilemma, I think I have fallen in love with her, but she said once that she won't getting boyfriend any time soon because the trauma she had from her ex-boyfriend. And since I really want to continue my dream, getting jobs in science field, I might be moving to another Univ to get the required degree.
So, mungkin komodos di sini bisa bantu komodo satu ini?
1.	Apakah sarjana sains diperlukan secara absolut untuk kerja di bidang sains? (Apakah Informatika termasuk ke bidang sains?, gue sekarang D3 Informatika & rencana lanjut S1 Informatika juga. S1 Informatika & S2 Fisika, is that plausible for work in science field?, apa kudu S1 Fisika juga?).
2.	Since this is my first time falling in love, but with her condition, shall I keep my feelings a little longer?. I don't want to lose the comfort with her, so I'm afraid if I take the wrong step and everything will crumble into pieces.",https://www.reddit.com/r/indonesia/comments/18f1stq/is_this_the_power_of_friendship/,post,cultural_signals,gue sekarang D3 Informatika & rencana lanjut S1 Informatika juga. S1 Informatika & S2 Fisika,Knowledge,,,
Indonesia,18f1stq,"Is this the power of ""friendship""?
Curhat dikit,
Gue orangnya introvert, punya social anxiety, sejak SMP punya temen nggak banyak, bisa dihitung dengan jari. Lulus SMP, COVID-19 dateng ke Indo dan akhirnya kena depresi karena kebanyakan pikiran. SMA cuma punya 1 tahun, udah abandon all hope. Kuliah ketolak Univ impian, it is what it is, sekarang kuliah di Univ plan B (maba tahun ini). Punya pikiran ""if college doesn't go well, I'll consider killing myself"".
Syukur, di sini keadaan mental gue membaik, jadi tangan kanan Dosen, punya temen-temen baik (albeit still few), sudah mulai lupa akan suicidal thoughts yang dulu berbisik tiap malem.
And, I have this best friend (girl). Kemana-mana selalu nempel ke gue, pada awalnya gue nggak terlalu peduli karena emang nggak kepikiran untuk hidup panjang. But as time flies, she suddenly getting to close, getting more intimate than ever before. She said that it's supposed to be a joke, so I follow her along. She started to pat my head, hugged me, and stuff that's beyond ""best friend"" boundary. At last, she managed to melt away the ice that resides within my heart.
And all of sudden, I can see colors of the world again. Is this really the power of ""friendship""?, I'm clueless since I have never encountered such event in my entire life. And thus, I really want to continue chasing my stars, but now I have not one, but two stars.
At the moment, I'm facing a dilemma, I think I have fallen in love with her, but she said once that she won't getting boyfriend any time soon because the trauma she had from her ex-boyfriend. And since I really want to continue my dream, getting jobs in science field, I might be moving to another Univ to get the required degree.
So, mungkin komodos di sini bisa bantu komodo satu ini?
1.	Apakah sarjana sains diperlukan secara absolut untuk kerja di bidang sains? (Apakah Informatika termasuk ke bidang sains?, gue sekarang D3 Informatika & rencana lanjut S1 Informatika juga. S1 Informatika & S2 Fisika, is that plausible for work in science field?, apa kudu S1 Fisika juga?).
2.	Since this is my first time falling in love, but with her condition, shall I keep my feelings a little longer?. I don't want to lose the comfort with her, so I'm afraid if I take the wrong step and everything will crumble into pieces.",https://www.reddit.com/r/indonesia/comments/18f1stq/is_this_the_power_of_friendship/,response,emotional_support,"Kalo masalah cewek, takutnya dia ngomong gitu ga mau pacaran. Taunya jadian sama yang lain. Apalagi lu Seneng sama nih cewek",,,Others,
Indonesia,18f1stq,"Is this the power of ""friendship""?
Curhat dikit,
Gue orangnya introvert, punya social anxiety, sejak SMP punya temen nggak banyak, bisa dihitung dengan jari. Lulus SMP, COVID-19 dateng ke Indo dan akhirnya kena depresi karena kebanyakan pikiran. SMA cuma punya 1 tahun, udah abandon all hope. Kuliah ketolak Univ impian, it is what it is, sekarang kuliah di Univ plan B (maba tahun ini). Punya pikiran ""if college doesn't go well, I'll consider killing myself"".
Syukur, di sini keadaan mental gue membaik, jadi tangan kanan Dosen, punya temen-temen baik (albeit still few), sudah mulai lupa akan suicidal thoughts yang dulu berbisik tiap malem.
And, I have this best friend (girl). Kemana-mana selalu nempel ke gue, pada awalnya gue nggak terlalu peduli karena emang nggak kepikiran untuk hidup panjang. But as time flies, she suddenly getting to close, getting more intimate than ever before. She said that it's supposed to be a joke, so I follow her along. She started to pat my head, hugged me, and stuff that's beyond ""best friend"" boundary. At last, she managed to melt away the ice that resides within my heart.
And all of sudden, I can see colors of the world again. Is this really the power of ""friendship""?, I'm clueless since I have never encountered such event in my entire life. And thus, I really want to continue chasing my stars, but now I have not one, but two stars.
At the moment, I'm facing a dilemma, I think I have fallen in love with her, but she said once that she won't getting boyfriend any time soon because the trauma she had from her ex-boyfriend. And since I really want to continue my dream, getting jobs in science field, I might be moving to another Univ to get the required degree.
So, mungkin komodos di sini bisa bantu komodo satu ini?
1.	Apakah sarjana sains diperlukan secara absolut untuk kerja di bidang sains? (Apakah Informatika termasuk ke bidang sains?, gue sekarang D3 Informatika & rencana lanjut S1 Informatika juga. S1 Informatika & S2 Fisika, is that plausible for work in science field?, apa kudu S1 Fisika juga?).
2.	Since this is my first time falling in love, but with her condition, shall I keep my feelings a little longer?. I don't want to lose the comfort with her, so I'm afraid if I take the wrong step and everything will crumble into pieces.",https://www.reddit.com/r/indonesia/comments/18f1stq/is_this_the_power_of_friendship/,response,emphaty_score,,,,,1 (not empathetic at all)
Indonesia,18f1stq,"Is this the power of ""friendship""?
Curhat dikit,
Gue orangnya introvert, punya social anxiety, sejak SMP punya temen nggak banyak, bisa dihitung dengan jari. Lulus SMP, COVID-19 dateng ke Indo dan akhirnya kena depresi karena kebanyakan pikiran. SMA cuma punya 1 tahun, udah abandon all hope. Kuliah ketolak Univ impian, it is what it is, sekarang kuliah di Univ plan B (maba tahun ini). Punya pikiran ""if college doesn't go well, I'll consider killing myself"".
Syukur, di sini keadaan mental gue membaik, jadi tangan kanan Dosen, punya temen-temen baik (albeit still few), sudah mulai lupa akan suicidal thoughts yang dulu berbisik tiap malem.
And, I have this best friend (girl). Kemana-mana selalu nempel ke gue, pada awalnya gue nggak terlalu peduli karena emang nggak kepikiran untuk hidup panjang. But as time flies, she suddenly getting to close, getting more intimate than ever before. She said that it's supposed to be a joke, so I follow her along. She started to pat my head, hugged me, and stuff that's beyond ""best friend"" boundary. At last, she managed to melt away the ice that resides within my heart.
And all of sudden, I can see colors of the world again. Is this really the power of ""friendship""?, I'm clueless since I have never encountered such event in my entire life. And thus, I really want to continue chasing my stars, but now I have not one, but two stars.
At the moment, I'm facing a dilemma, I think I have fallen in love with her, but she said once that she won't getting boyfriend any time soon because the trauma she had from her ex-boyfriend. And since I really want to continue my dream, getting jobs in science field, I might be moving to another Univ to get the required degree.
So, mungkin komodos di sini bisa bantu komodo satu ini?
1.	Apakah sarjana sains diperlukan secara absolut untuk kerja di bidang sains? (Apakah Informatika termasuk ke bidang sains?, gue sekarang D3 Informatika & rencana lanjut S1 Informatika juga. S1 Informatika & S2 Fisika, is that plausible for work in science field?, apa kudu S1 Fisika juga?).
2.	Since this is my first time falling in love, but with her condition, shall I keep my feelings a little longer?. I don't want to lose the comfort with her, so I'm afraid if I take the wrong step and everything will crumble into pieces.",https://www.reddit.com/r/indonesia/comments/18f1stq/is_this_the_power_of_friendship/,post,cultural_signals,"But as time flies, she suddenly getting to close, getting more intimate than ever before. She said that it's supposed to be a joke, so I follow her along. She started to pat my head, hugged me, and stuff that's beyond ""best friend"" boundary. At last, she managed to melt away the ice that resides within my heart.

",Values,,,
Indonesia,18f1stq,"Is this the power of ""friendship""?
Curhat dikit,
Gue orangnya introvert, punya social anxiety, sejak SMP punya temen nggak banyak, bisa dihitung dengan jari. Lulus SMP, COVID-19 dateng ke Indo dan akhirnya kena depresi karena kebanyakan pikiran. SMA cuma punya 1 tahun, udah abandon all hope. Kuliah ketolak Univ impian, it is what it is, sekarang kuliah di Univ plan B (maba tahun ini). Punya pikiran ""if college doesn't go well, I'll consider killing myself"".
Syukur, di sini keadaan mental gue membaik, jadi tangan kanan Dosen, punya temen-temen baik (albeit still few), sudah mulai lupa akan suicidal thoughts yang dulu berbisik tiap malem.
And, I have this best friend (girl). Kemana-mana selalu nempel ke gue, pada awalnya gue nggak terlalu peduli karena emang nggak kepikiran untuk hidup panjang. But as time flies, she suddenly getting to close, getting more intimate than ever before. She said that it's supposed to be a joke, so I follow her along. She started to pat my head, hugged me, and stuff that's beyond ""best friend"" boundary. At last, she managed to melt away the ice that resides within my heart.
And all of sudden, I can see colors of the world again. Is this really the power of ""friendship""?, I'm clueless since I have never encountered such event in my entire life. And thus, I really want to continue chasing my stars, but now I have not one, but two stars.
At the moment, I'm facing a dilemma, I think I have fallen in love with her, but she said once that she won't getting boyfriend any time soon because the trauma she had from her ex-boyfriend. And since I really want to continue my dream, getting jobs in science field, I might be moving to another Univ to get the required degree.
So, mungkin komodos di sini bisa bantu komodo satu ini?
1.	Apakah sarjana sains diperlukan secara absolut untuk kerja di bidang sains? (Apakah Informatika termasuk ke bidang sains?, gue sekarang D3 Informatika & rencana lanjut S1 Informatika juga. S1 Informatika & S2 Fisika, is that plausible for work in science field?, apa kudu S1 Fisika juga?).
2.	Since this is my first time falling in love, but with her condition, shall I keep my feelings a little longer?. I don't want to lose the comfort with her, so I'm afraid if I take the wrong step and everything will crumble into pieces.",https://www.reddit.com/r/indonesia/comments/18f1stq/is_this_the_power_of_friendship/,post,cultural_signals,"And since I really want to continue my dream, getting jobs in science field, I might be moving to another Univ to get the required degree.",Values,,,
Indonesia,16bfndy,"Desperate need to improve mental health. Any suggestion?

Long story short aku cowok umur 22, udah lulus dari kampus terkenal dengan ipk yang oke dan salah satu mahasiswa terbaik, tapi semenjak lulus nganggur karena capek mental. I've been using game as my escapism, yang berujung bikin mager keluar dari comfort zone dan stuck dengan rutinitas ini, been trying to find a job but haven't got any luck karena gamau ambil kerja yang berhubung sama major yg kuambil (IT). Banyak hal personal yang terjadi semenjak itu yang bikin mental health dan self esteem ku rock bottom, tapi bukan bikin suicidal, lebih ke kaya sampah masyarakat self esteem. Temen irl udah pada sibuk sendiri juga, beberapa bahkan udah nikah dan punya anak, sedangkan aku jadi beban doang. Hobi juga udah mulai ilang karena nyaman di comfort zone, jadinya main game aj dan deket sama temen online, which leads and makes me depends my happiness on them and being people's pleaser.

TLDR : I'm in desperate need to talk with someone, walaupun sudah konsul ke psikolog yang cukup terkenal juga (1 sesi bisa 350k hingga 500k) yang ku ga sanggup sering lakuin.

I'm not sure if this is the right place, but I'd appreciate for any suggestion. Maaf juga long text. Makasih.",https://www.reddit.com/r/indonesia/comments/16bfndy/desperate_need_to_improve_mental_health_any/,post,emotional_distress,Desperate need to improve mental health,,moderate,,
Indonesia,16bfndy,"Desperate need to improve mental health. Any suggestion?

Long story short aku cowok umur 22, udah lulus dari kampus terkenal dengan ipk yang oke dan salah satu mahasiswa terbaik, tapi semenjak lulus nganggur karena capek mental. I've been using game as my escapism, yang berujung bikin mager keluar dari comfort zone dan stuck dengan rutinitas ini, been trying to find a job but haven't got any luck karena gamau ambil kerja yang berhubung sama major yg kuambil (IT). Banyak hal personal yang terjadi semenjak itu yang bikin mental health dan self esteem ku rock bottom, tapi bukan bikin suicidal, lebih ke kaya sampah masyarakat self esteem. Temen irl udah pada sibuk sendiri juga, beberapa bahkan udah nikah dan punya anak, sedangkan aku jadi beban doang. Hobi juga udah mulai ilang karena nyaman di comfort zone, jadinya main game aj dan deket sama temen online, which leads and makes me depends my happiness on them and being people's pleaser.

TLDR : I'm in desperate need to talk with someone, walaupun sudah konsul ke psikolog yang cukup terkenal juga (1 sesi bisa 350k hingga 500k) yang ku ga sanggup sering lakuin.

I'm not sure if this is the right place, but I'd appreciate for any suggestion. Maaf juga long text. Makasih.",https://www.reddit.com/r/indonesia/comments/16bfndy/desperate_need_to_improve_mental_health_any/,post,cultural_signals,udah lulus dari kampus terkenal dengan ipk yang oke dan salah satu mahasiswa terbaik,Values,,,
Indonesia,16bfndy,"Desperate need to improve mental health. Any suggestion?

Long story short aku cowok umur 22, udah lulus dari kampus terkenal dengan ipk yang oke dan salah satu mahasiswa terbaik, tapi semenjak lulus nganggur karena capek mental. I've been using game as my escapism, yang berujung bikin mager keluar dari comfort zone dan stuck dengan rutinitas ini, been trying to find a job but haven't got any luck karena gamau ambil kerja yang berhubung sama major yg kuambil (IT). Banyak hal personal yang terjadi semenjak itu yang bikin mental health dan self esteem ku rock bottom, tapi bukan bikin suicidal, lebih ke kaya sampah masyarakat self esteem. Temen irl udah pada sibuk sendiri juga, beberapa bahkan udah nikah dan punya anak, sedangkan aku jadi beban doang. Hobi juga udah mulai ilang karena nyaman di comfort zone, jadinya main game aj dan deket sama temen online, which leads and makes me depends my happiness on them and being people's pleaser.

TLDR : I'm in desperate need to talk with someone, walaupun sudah konsul ke psikolog yang cukup terkenal juga (1 sesi bisa 350k hingga 500k) yang ku ga sanggup sering lakuin.

I'm not sure if this is the right place, but I'd appreciate for any suggestion. Maaf juga long text. Makasih.",https://www.reddit.com/r/indonesia/comments/16bfndy/desperate_need_to_improve_mental_health_any/,post,emotional_distress,"Banyak hal personal yang terjadi semenjak itu yang bikin mental health dan self esteem ku rock bottom, tapi bukan bikin suicidal, lebih ke kaya sampah masyarakat self esteem.",,moderate,,
Indonesia,16bfndy,"Desperate need to improve mental health. Any suggestion?

Long story short aku cowok umur 22, udah lulus dari kampus terkenal dengan ipk yang oke dan salah satu mahasiswa terbaik, tapi semenjak lulus nganggur karena capek mental. I've been using game as my escapism, yang berujung bikin mager keluar dari comfort zone dan stuck dengan rutinitas ini, been trying to find a job but haven't got any luck karena gamau ambil kerja yang berhubung sama major yg kuambil (IT). Banyak hal personal yang terjadi semenjak itu yang bikin mental health dan self esteem ku rock bottom, tapi bukan bikin suicidal, lebih ke kaya sampah masyarakat self esteem. Temen irl udah pada sibuk sendiri juga, beberapa bahkan udah nikah dan punya anak, sedangkan aku jadi beban doang. Hobi juga udah mulai ilang karena nyaman di comfort zone, jadinya main game aj dan deket sama temen online, which leads and makes me depends my happiness on them and being people's pleaser.

TLDR : I'm in desperate need to talk with someone, walaupun sudah konsul ke psikolog yang cukup terkenal juga (1 sesi bisa 350k hingga 500k) yang ku ga sanggup sering lakuin.

I'm not sure if this is the right place, but I'd appreciate for any suggestion. Maaf juga long text. Makasih.",https://www.reddit.com/r/indonesia/comments/16bfndy/desperate_need_to_improve_mental_health_any/,post,cultural_signals,"Temen irl udah pada sibuk sendiri juga, beberapa bahkan udah nikah dan punya anak, sedangkan aku jadi beban doang.",Norms and Morals,,,
Indonesia,16bfndy,"Desperate need to improve mental health. Any suggestion?

Long story short aku cowok umur 22, udah lulus dari kampus terkenal dengan ipk yang oke dan salah satu mahasiswa terbaik, tapi semenjak lulus nganggur karena capek mental. I've been using game as my escapism, yang berujung bikin mager keluar dari comfort zone dan stuck dengan rutinitas ini, been trying to find a job but haven't got any luck karena gamau ambil kerja yang berhubung sama major yg kuambil (IT). Banyak hal personal yang terjadi semenjak itu yang bikin mental health dan self esteem ku rock bottom, tapi bukan bikin suicidal, lebih ke kaya sampah masyarakat self esteem. Temen irl udah pada sibuk sendiri juga, beberapa bahkan udah nikah dan punya anak, sedangkan aku jadi beban doang. Hobi juga udah mulai ilang karena nyaman di comfort zone, jadinya main game aj dan deket sama temen online, which leads and makes me depends my happiness on them and being people's pleaser.

TLDR : I'm in desperate need to talk with someone, walaupun sudah konsul ke psikolog yang cukup terkenal juga (1 sesi bisa 350k hingga 500k) yang ku ga sanggup sering lakuin.

I'm not sure if this is the right place, but I'd appreciate for any suggestion. Maaf juga long text. Makasih.",https://www.reddit.com/r/indonesia/comments/16bfndy/desperate_need_to_improve_mental_health_any/,post,emotional_distress,which leads and makes me depends my happiness on them and being people's pleaser.,,moderate,,
Indonesia,16bfndy,"Desperate need to improve mental health. Any suggestion?

Long story short aku cowok umur 22, udah lulus dari kampus terkenal dengan ipk yang oke dan salah satu mahasiswa terbaik, tapi semenjak lulus nganggur karena capek mental. I've been using game as my escapism, yang berujung bikin mager keluar dari comfort zone dan stuck dengan rutinitas ini, been trying to find a job but haven't got any luck karena gamau ambil kerja yang berhubung sama major yg kuambil (IT). Banyak hal personal yang terjadi semenjak itu yang bikin mental health dan self esteem ku rock bottom, tapi bukan bikin suicidal, lebih ke kaya sampah masyarakat self esteem. Temen irl udah pada sibuk sendiri juga, beberapa bahkan udah nikah dan punya anak, sedangkan aku jadi beban doang. Hobi juga udah mulai ilang karena nyaman di comfort zone, jadinya main game aj dan deket sama temen online, which leads and makes me depends my happiness on them and being people's pleaser.

TLDR : I'm in desperate need to talk with someone, walaupun sudah konsul ke psikolog yang cukup terkenal juga (1 sesi bisa 350k hingga 500k) yang ku ga sanggup sering lakuin.

I'm not sure if this is the right place, but I'd appreciate for any suggestion. Maaf juga long text. Makasih.",https://www.reddit.com/r/indonesia/comments/16bfndy/desperate_need_to_improve_mental_health_any/,post,emotional_distress,"I'm in desperate need to talk with someone, walaupun sudah konsul ke psikolog yang cukup terkenal juga (1 sesi bisa 350k hingga 500k) yang ku ga sanggup sering lakuin.",,high,,
Indonesia,16bfndy,"Desperate need to improve mental health. Any suggestion?

Long story short aku cowok umur 22, udah lulus dari kampus terkenal dengan ipk yang oke dan salah satu mahasiswa terbaik, tapi semenjak lulus nganggur karena capek mental. I've been using game as my escapism, yang berujung bikin mager keluar dari comfort zone dan stuck dengan rutinitas ini, been trying to find a job but haven't got any luck karena gamau ambil kerja yang berhubung sama major yg kuambil (IT). Banyak hal personal yang terjadi semenjak itu yang bikin mental health dan self esteem ku rock bottom, tapi bukan bikin suicidal, lebih ke kaya sampah masyarakat self esteem. Temen irl udah pada sibuk sendiri juga, beberapa bahkan udah nikah dan punya anak, sedangkan aku jadi beban doang. Hobi juga udah mulai ilang karena nyaman di comfort zone, jadinya main game aj dan deket sama temen online, which leads and makes me depends my happiness on them and being people's pleaser.

TLDR : I'm in desperate need to talk with someone, walaupun sudah konsul ke psikolog yang cukup terkenal juga (1 sesi bisa 350k hingga 500k) yang ku ga sanggup sering lakuin.

I'm not sure if this is the right place, but I'd appreciate for any suggestion. Maaf juga long text. Makasih.",https://www.reddit.com/r/indonesia/comments/16bfndy/desperate_need_to_improve_mental_health_any/,response,emotional_support,"bisa relate sedikit dengan lu, keadaan kamu lebih parah dariku tapi ada hal yang mirip antara kita berdua yaitu saya juga pernah ke psikolog 2x karna merasa stuck di kehidupan.",,,Self-disclosure,
Indonesia,16bfndy,"Desperate need to improve mental health. Any suggestion?

Long story short aku cowok umur 22, udah lulus dari kampus terkenal dengan ipk yang oke dan salah satu mahasiswa terbaik, tapi semenjak lulus nganggur karena capek mental. I've been using game as my escapism, yang berujung bikin mager keluar dari comfort zone dan stuck dengan rutinitas ini, been trying to find a job but haven't got any luck karena gamau ambil kerja yang berhubung sama major yg kuambil (IT). Banyak hal personal yang terjadi semenjak itu yang bikin mental health dan self esteem ku rock bottom, tapi bukan bikin suicidal, lebih ke kaya sampah masyarakat self esteem. Temen irl udah pada sibuk sendiri juga, beberapa bahkan udah nikah dan punya anak, sedangkan aku jadi beban doang. Hobi juga udah mulai ilang karena nyaman di comfort zone, jadinya main game aj dan deket sama temen online, which leads and makes me depends my happiness on them and being people's pleaser.

TLDR : I'm in desperate need to talk with someone, walaupun sudah konsul ke psikolog yang cukup terkenal juga (1 sesi bisa 350k hingga 500k) yang ku ga sanggup sering lakuin.

I'm not sure if this is the right place, but I'd appreciate for any suggestion. Maaf juga long text. Makasih.",https://www.reddit.com/r/indonesia/comments/16bfndy/desperate_need_to_improve_mental_health_any/,response,emotional_support,Kenapa OP gamau kerja di bidang IT? Apakah OP memang terpaksa kuliah IT atau merasa salah jurusan di tengah jalan?,,,Questions,
Indonesia,16bfndy,"Desperate need to improve mental health. Any suggestion?

Long story short aku cowok umur 22, udah lulus dari kampus terkenal dengan ipk yang oke dan salah satu mahasiswa terbaik, tapi semenjak lulus nganggur karena capek mental. I've been using game as my escapism, yang berujung bikin mager keluar dari comfort zone dan stuck dengan rutinitas ini, been trying to find a job but haven't got any luck karena gamau ambil kerja yang berhubung sama major yg kuambil (IT). Banyak hal personal yang terjadi semenjak itu yang bikin mental health dan self esteem ku rock bottom, tapi bukan bikin suicidal, lebih ke kaya sampah masyarakat self esteem. Temen irl udah pada sibuk sendiri juga, beberapa bahkan udah nikah dan punya anak, sedangkan aku jadi beban doang. Hobi juga udah mulai ilang karena nyaman di comfort zone, jadinya main game aj dan deket sama temen online, which leads and makes me depends my happiness on them and being people's pleaser.

TLDR : I'm in desperate need to talk with someone, walaupun sudah konsul ke psikolog yang cukup terkenal juga (1 sesi bisa 350k hingga 500k) yang ku ga sanggup sering lakuin.

I'm not sure if this is the right place, but I'd appreciate for any suggestion. Maaf juga long text. Makasih.",https://www.reddit.com/r/indonesia/comments/16bfndy/desperate_need_to_improve_mental_health_any/,response,cultural_signals,Di satu sisi kamu lebih beruntung jg sih bisa nikmatin kuliah. ga kaya saya yang langsung nyebur kerja lulus SMA.,Norms and Morals,,,
Indonesia,16bfndy,"Desperate need to improve mental health. Any suggestion?

Long story short aku cowok umur 22, udah lulus dari kampus terkenal dengan ipk yang oke dan salah satu mahasiswa terbaik, tapi semenjak lulus nganggur karena capek mental. I've been using game as my escapism, yang berujung bikin mager keluar dari comfort zone dan stuck dengan rutinitas ini, been trying to find a job but haven't got any luck karena gamau ambil kerja yang berhubung sama major yg kuambil (IT). Banyak hal personal yang terjadi semenjak itu yang bikin mental health dan self esteem ku rock bottom, tapi bukan bikin suicidal, lebih ke kaya sampah masyarakat self esteem. Temen irl udah pada sibuk sendiri juga, beberapa bahkan udah nikah dan punya anak, sedangkan aku jadi beban doang. Hobi juga udah mulai ilang karena nyaman di comfort zone, jadinya main game aj dan deket sama temen online, which leads and makes me depends my happiness on them and being people's pleaser.

TLDR : I'm in desperate need to talk with someone, walaupun sudah konsul ke psikolog yang cukup terkenal juga (1 sesi bisa 350k hingga 500k) yang ku ga sanggup sering lakuin.

I'm not sure if this is the right place, but I'd appreciate for any suggestion. Maaf juga long text. Makasih.",https://www.reddit.com/r/indonesia/comments/16bfndy/desperate_need_to_improve_mental_health_any/,response,emphaty_score,,,,,4 (quite empathetic)
Indonesia,16bfndy,"Desperate need to improve mental health. Any suggestion?

Long story short aku cowok umur 22, udah lulus dari kampus terkenal dengan ipk yang oke dan salah satu mahasiswa terbaik, tapi semenjak lulus nganggur karena capek mental. I've been using game as my escapism, yang berujung bikin mager keluar dari comfort zone dan stuck dengan rutinitas ini, been trying to find a job but haven't got any luck karena gamau ambil kerja yang berhubung sama major yg kuambil (IT). Banyak hal personal yang terjadi semenjak itu yang bikin mental health dan self esteem ku rock bottom, tapi bukan bikin suicidal, lebih ke kaya sampah masyarakat self esteem. Temen irl udah pada sibuk sendiri juga, beberapa bahkan udah nikah dan punya anak, sedangkan aku jadi beban doang. Hobi juga udah mulai ilang karena nyaman di comfort zone, jadinya main game aj dan deket sama temen online, which leads and makes me depends my happiness on them and being people's pleaser.

TLDR : I'm in desperate need to talk with someone, walaupun sudah konsul ke psikolog yang cukup terkenal juga (1 sesi bisa 350k hingga 500k) yang ku ga sanggup sering lakuin.

I'm not sure if this is the right place, but I'd appreciate for any suggestion. Maaf juga long text. Makasih.",https://www.reddit.com/r/indonesia/comments/16bfndy/desperate_need_to_improve_mental_health_any/,post,emotional_distress,tapi semenjak lulus nganggur karena capek mental.,,light,,
Indonesia,16bfndy,"Desperate need to improve mental health. Any suggestion?

Long story short aku cowok umur 22, udah lulus dari kampus terkenal dengan ipk yang oke dan salah satu mahasiswa terbaik, tapi semenjak lulus nganggur karena capek mental. I've been using game as my escapism, yang berujung bikin mager keluar dari comfort zone dan stuck dengan rutinitas ini, been trying to find a job but haven't got any luck karena gamau ambil kerja yang berhubung sama major yg kuambil (IT). Banyak hal personal yang terjadi semenjak itu yang bikin mental health dan self esteem ku rock bottom, tapi bukan bikin suicidal, lebih ke kaya sampah masyarakat self esteem. Temen irl udah pada sibuk sendiri juga, beberapa bahkan udah nikah dan punya anak, sedangkan aku jadi beban doang. Hobi juga udah mulai ilang karena nyaman di comfort zone, jadinya main game aj dan deket sama temen online, which leads and makes me depends my happiness on them and being people's pleaser.

TLDR : I'm in desperate need to talk with someone, walaupun sudah konsul ke psikolog yang cukup terkenal juga (1 sesi bisa 350k hingga 500k) yang ku ga sanggup sering lakuin.

I'm not sure if this is the right place, but I'd appreciate for any suggestion. Maaf juga long text. Makasih.",https://www.reddit.com/r/indonesia/comments/16bfndy/desperate_need_to_improve_mental_health_any/,post,cultural_signals,"I've been using game as my escapism, yang berujung bikin mager keluar dari comfort zone dan stuck dengan rutinitas ini,",Concepts,,,
Indonesia,1rdjzfi,"How much a Psychologist/Psychotherapy session would cost in an average indo hospital?
Before anything, i don't know if i can post this on r/indo so lmk if i break any rule.
TLDR; I'm a highschooler and i think i have an undiagnosed Bipolar/BPD. How much would a session and some meds cost?
For context, i'm in my last year of highschool and i'm currently trying to study for getting into a college. But, i have a huge problem. i can't study at all, like i can't focus on my academics. This has been happening since my first year.
I was a decent student in my middle school and my grades were kinda good. Obviously middle school is a piece of cake rather than high school and maybe i got demotivated since then and i never studied again. But that's not exactly it.
I've been having this weird derealization episodes where i can't do anything and i'm worrying about anything that happens to me.
This started to happen exactly in the early months of my highschool. I feel like i don't fit in there since i hardly have any friends. I started to overthink about everything i do, how i talk, how my face looks like, and these thoughts morphed into something that i would feel depressed about daily. And i've been having this on and off since then.
A year and two has passed, and my grades are completely ruined now. I learned a lot of things since then, but still had those weird depressive sessions. I can handle it half better now but i still can't do anything unfortunately. I still hardly have any friends, although thankfully i had some good company that i've met and talked to.
But since i'm probably reaching into adulthood soon, i had to do something about this.
I did some research again not too long ago and found out i have most of the symptoms of bipolar/BPD. Manic session, and then depression where everything you do feel meaningless. And it checks all of my boxes.
Well, the most logical thing i can do after this research is talking to my parents to get diagnosed. But obviously since most parents here don't believe in ""mental health"", i can't do much but to save some money to get diagnosed. I think i can save up close to two million in a month, i don't know if that's enough for a session and some meds
That's all lol, sorry for venting. This has been very excruciating for me since i really want to achieve something and feel good for once.",https://www.reddit.com/r/indonesia/comments/1rdjzfi/how_much_a_psychologistpsychotherapy_session/,post,emotional_distress,"But, i have a huge problem. i can't study at all, like i can't focus on my academics. This has been happening since my first year. 

I was a decent student in my middle school and my grades were kinda good. Obviously middle school is a piece of cake rather than high school and maybe i got demotivated since then and i never studied again. But that's not exactly it. 

I've been having this weird derealization episodes where i can't do anything and i'm worrying about anything that happens to me.",,moderate,,
Indonesia,1rdjzfi,"How much a Psychologist/Psychotherapy session would cost in an average indo hospital?
Before anything, i don't know if i can post this on r/indo so lmk if i break any rule.
TLDR; I'm a highschooler and i think i have an undiagnosed Bipolar/BPD. How much would a session and some meds cost?
For context, i'm in my last year of highschool and i'm currently trying to study for getting into a college. But, i have a huge problem. i can't study at all, like i can't focus on my academics. This has been happening since my first year.
I was a decent student in my middle school and my grades were kinda good. Obviously middle school is a piece of cake rather than high school and maybe i got demotivated since then and i never studied again. But that's not exactly it.
I've been having this weird derealization episodes where i can't do anything and i'm worrying about anything that happens to me.
This started to happen exactly in the early months of my highschool. I feel like i don't fit in there since i hardly have any friends. I started to overthink about everything i do, how i talk, how my face looks like, and these thoughts morphed into something that i would feel depressed about daily. And i've been having this on and off since then.
A year and two has passed, and my grades are completely ruined now. I learned a lot of things since then, but still had those weird depressive sessions. I can handle it half better now but i still can't do anything unfortunately. I still hardly have any friends, although thankfully i had some good company that i've met and talked to.
But since i'm probably reaching into adulthood soon, i had to do something about this.
I did some research again not too long ago and found out i have most of the symptoms of bipolar/BPD. Manic session, and then depression where everything you do feel meaningless. And it checks all of my boxes.
Well, the most logical thing i can do after this research is talking to my parents to get diagnosed. But obviously since most parents here don't believe in ""mental health"", i can't do much but to save some money to get diagnosed. I think i can save up close to two million in a month, i don't know if that's enough for a session and some meds
That's all lol, sorry for venting. This has been very excruciating for me since i really want to achieve something and feel good for once.",https://www.reddit.com/r/indonesia/comments/1rdjzfi/how_much_a_psychologistpsychotherapy_session/,post,emotional_distress,"I started to overthink about everything i do, how i talk, how my face looks like, and these thoughts morphed into something that i would feel depressed about daily.",,moderate,,
Indonesia,1rdjzfi,"How much a Psychologist/Psychotherapy session would cost in an average indo hospital?
Before anything, i don't know if i can post this on r/indo so lmk if i break any rule.
TLDR; I'm a highschooler and i think i have an undiagnosed Bipolar/BPD. How much would a session and some meds cost?
For context, i'm in my last year of highschool and i'm currently trying to study for getting into a college. But, i have a huge problem. i can't study at all, like i can't focus on my academics. This has been happening since my first year.
I was a decent student in my middle school and my grades were kinda good. Obviously middle school is a piece of cake rather than high school and maybe i got demotivated since then and i never studied again. But that's not exactly it.
I've been having this weird derealization episodes where i can't do anything and i'm worrying about anything that happens to me.
This started to happen exactly in the early months of my highschool. I feel like i don't fit in there since i hardly have any friends. I started to overthink about everything i do, how i talk, how my face looks like, and these thoughts morphed into something that i would feel depressed about daily. And i've been having this on and off since then.
A year and two has passed, and my grades are completely ruined now. I learned a lot of things since then, but still had those weird depressive sessions. I can handle it half better now but i still can't do anything unfortunately. I still hardly have any friends, although thankfully i had some good company that i've met and talked to.
But since i'm probably reaching into adulthood soon, i had to do something about this.
I did some research again not too long ago and found out i have most of the symptoms of bipolar/BPD. Manic session, and then depression where everything you do feel meaningless. And it checks all of my boxes.
Well, the most logical thing i can do after this research is talking to my parents to get diagnosed. But obviously since most parents here don't believe in ""mental health"", i can't do much but to save some money to get diagnosed. I think i can save up close to two million in a month, i don't know if that's enough for a session and some meds
That's all lol, sorry for venting. This has been very excruciating for me since i really want to achieve something and feel good for once.",https://www.reddit.com/r/indonesia/comments/1rdjzfi/how_much_a_psychologistpsychotherapy_session/,post,emotional_distress,This has been very excruciating for me since i really want to achieve something and feel good for once.,,high,,
Indonesia,1rdjzfi,"How much a Psychologist/Psychotherapy session would cost in an average indo hospital?
Before anything, i don't know if i can post this on r/indo so lmk if i break any rule.
TLDR; I'm a highschooler and i think i have an undiagnosed Bipolar/BPD. How much would a session and some meds cost?
For context, i'm in my last year of highschool and i'm currently trying to study for getting into a college. But, i have a huge problem. i can't study at all, like i can't focus on my academics. This has been happening since my first year.
I was a decent student in my middle school and my grades were kinda good. Obviously middle school is a piece of cake rather than high school and maybe i got demotivated since then and i never studied again. But that's not exactly it.
I've been having this weird derealization episodes where i can't do anything and i'm worrying about anything that happens to me.
This started to happen exactly in the early months of my highschool. I feel like i don't fit in there since i hardly have any friends. I started to overthink about everything i do, how i talk, how my face looks like, and these thoughts morphed into something that i would feel depressed about daily. And i've been having this on and off since then.
A year and two has passed, and my grades are completely ruined now. I learned a lot of things since then, but still had those weird depressive sessions. I can handle it half better now but i still can't do anything unfortunately. I still hardly have any friends, although thankfully i had some good company that i've met and talked to.
But since i'm probably reaching into adulthood soon, i had to do something about this.
I did some research again not too long ago and found out i have most of the symptoms of bipolar/BPD. Manic session, and then depression where everything you do feel meaningless. And it checks all of my boxes.
Well, the most logical thing i can do after this research is talking to my parents to get diagnosed. But obviously since most parents here don't believe in ""mental health"", i can't do much but to save some money to get diagnosed. I think i can save up close to two million in a month, i don't know if that's enough for a session and some meds
That's all lol, sorry for venting. This has been very excruciating for me since i really want to achieve something and feel good for once.",https://www.reddit.com/r/indonesia/comments/1rdjzfi/how_much_a_psychologistpsychotherapy_session/,post,cultural_signals,"But obviously since most parents here don't believe in ""mental health"", i can't do much but to save some money to get diagnosed.",Norms and Morals,,,
Indonesia,1rdjzfi,"How much a Psychologist/Psychotherapy session would cost in an average indo hospital?
Before anything, i don't know if i can post this on r/indo so lmk if i break any rule.
TLDR; I'm a highschooler and i think i have an undiagnosed Bipolar/BPD. How much would a session and some meds cost?
For context, i'm in my last year of highschool and i'm currently trying to study for getting into a college. But, i have a huge problem. i can't study at all, like i can't focus on my academics. This has been happening since my first year.
I was a decent student in my middle school and my grades were kinda good. Obviously middle school is a piece of cake rather than high school and maybe i got demotivated since then and i never studied again. But that's not exactly it.
I've been having this weird derealization episodes where i can't do anything and i'm worrying about anything that happens to me.
This started to happen exactly in the early months of my highschool. I feel like i don't fit in there since i hardly have any friends. I started to overthink about everything i do, how i talk, how my face looks like, and these thoughts morphed into something that i would feel depressed about daily. And i've been having this on and off since then.
A year and two has passed, and my grades are completely ruined now. I learned a lot of things since then, but still had those weird depressive sessions. I can handle it half better now but i still can't do anything unfortunately. I still hardly have any friends, although thankfully i had some good company that i've met and talked to.
But since i'm probably reaching into adulthood soon, i had to do something about this.
I did some research again not too long ago and found out i have most of the symptoms of bipolar/BPD. Manic session, and then depression where everything you do feel meaningless. And it checks all of my boxes.
Well, the most logical thing i can do after this research is talking to my parents to get diagnosed. But obviously since most parents here don't believe in ""mental health"", i can't do much but to save some money to get diagnosed. I think i can save up close to two million in a month, i don't know if that's enough for a session and some meds
That's all lol, sorry for venting. This has been very excruciating for me since i really want to achieve something and feel good for once.",https://www.reddit.com/r/indonesia/comments/1rdjzfi/how_much_a_psychologistpsychotherapy_session/,post,cultural_signals,"I think i can save up close to two million in a month,",Knowledge,,,
Indonesia,1rdjzfi,"How much a Psychologist/Psychotherapy session would cost in an average indo hospital?
Before anything, i don't know if i can post this on r/indo so lmk if i break any rule.
TLDR; I'm a highschooler and i think i have an undiagnosed Bipolar/BPD. How much would a session and some meds cost?
For context, i'm in my last year of highschool and i'm currently trying to study for getting into a college. But, i have a huge problem. i can't study at all, like i can't focus on my academics. This has been happening since my first year.
I was a decent student in my middle school and my grades were kinda good. Obviously middle school is a piece of cake rather than high school and maybe i got demotivated since then and i never studied again. But that's not exactly it.
I've been having this weird derealization episodes where i can't do anything and i'm worrying about anything that happens to me.
This started to happen exactly in the early months of my highschool. I feel like i don't fit in there since i hardly have any friends. I started to overthink about everything i do, how i talk, how my face looks like, and these thoughts morphed into something that i would feel depressed about daily. And i've been having this on and off since then.
A year and two has passed, and my grades are completely ruined now. I learned a lot of things since then, but still had those weird depressive sessions. I can handle it half better now but i still can't do anything unfortunately. I still hardly have any friends, although thankfully i had some good company that i've met and talked to.
But since i'm probably reaching into adulthood soon, i had to do something about this.
I did some research again not too long ago and found out i have most of the symptoms of bipolar/BPD. Manic session, and then depression where everything you do feel meaningless. And it checks all of my boxes.
Well, the most logical thing i can do after this research is talking to my parents to get diagnosed. But obviously since most parents here don't believe in ""mental health"", i can't do much but to save some money to get diagnosed. I think i can save up close to two million in a month, i don't know if that's enough for a session and some meds
That's all lol, sorry for venting. This has been very excruciating for me since i really want to achieve something and feel good for once.",https://www.reddit.com/r/indonesia/comments/1rdjzfi/how_much_a_psychologistpsychotherapy_session/,response,emotional_support,"Seandainya kamu ke psikolog, jangan bilang kamu ada bipolar. Kasi tau gejala, tapi jangan self diagnose.",,,Providing Suggestions,
Indonesia,1rdjzfi,"How much a Psychologist/Psychotherapy session would cost in an average indo hospital?
Before anything, i don't know if i can post this on r/indo so lmk if i break any rule.
TLDR; I'm a highschooler and i think i have an undiagnosed Bipolar/BPD. How much would a session and some meds cost?
For context, i'm in my last year of highschool and i'm currently trying to study for getting into a college. But, i have a huge problem. i can't study at all, like i can't focus on my academics. This has been happening since my first year.
I was a decent student in my middle school and my grades were kinda good. Obviously middle school is a piece of cake rather than high school and maybe i got demotivated since then and i never studied again. But that's not exactly it.
I've been having this weird derealization episodes where i can't do anything and i'm worrying about anything that happens to me.
This started to happen exactly in the early months of my highschool. I feel like i don't fit in there since i hardly have any friends. I started to overthink about everything i do, how i talk, how my face looks like, and these thoughts morphed into something that i would feel depressed about daily. And i've been having this on and off since then.
A year and two has passed, and my grades are completely ruined now. I learned a lot of things since then, but still had those weird depressive sessions. I can handle it half better now but i still can't do anything unfortunately. I still hardly have any friends, although thankfully i had some good company that i've met and talked to.
But since i'm probably reaching into adulthood soon, i had to do something about this.
I did some research again not too long ago and found out i have most of the symptoms of bipolar/BPD. Manic session, and then depression where everything you do feel meaningless. And it checks all of my boxes.
Well, the most logical thing i can do after this research is talking to my parents to get diagnosed. But obviously since most parents here don't believe in ""mental health"", i can't do much but to save some money to get diagnosed. I think i can save up close to two million in a month, i don't know if that's enough for a session and some meds
That's all lol, sorry for venting. This has been very excruciating for me since i really want to achieve something and feel good for once.",https://www.reddit.com/r/indonesia/comments/1rdjzfi/how_much_a_psychologistpsychotherapy_session/,response,emotional_support,"Dulu gw awalnya dikira depresi, taunya migrain.",,,Self-disclosure,
Indonesia,1rdjzfi,"How much a Psychologist/Psychotherapy session would cost in an average indo hospital?
Before anything, i don't know if i can post this on r/indo so lmk if i break any rule.
TLDR; I'm a highschooler and i think i have an undiagnosed Bipolar/BPD. How much would a session and some meds cost?
For context, i'm in my last year of highschool and i'm currently trying to study for getting into a college. But, i have a huge problem. i can't study at all, like i can't focus on my academics. This has been happening since my first year.
I was a decent student in my middle school and my grades were kinda good. Obviously middle school is a piece of cake rather than high school and maybe i got demotivated since then and i never studied again. But that's not exactly it.
I've been having this weird derealization episodes where i can't do anything and i'm worrying about anything that happens to me.
This started to happen exactly in the early months of my highschool. I feel like i don't fit in there since i hardly have any friends. I started to overthink about everything i do, how i talk, how my face looks like, and these thoughts morphed into something that i would feel depressed about daily. And i've been having this on and off since then.
A year and two has passed, and my grades are completely ruined now. I learned a lot of things since then, but still had those weird depressive sessions. I can handle it half better now but i still can't do anything unfortunately. I still hardly have any friends, although thankfully i had some good company that i've met and talked to.
But since i'm probably reaching into adulthood soon, i had to do something about this.
I did some research again not too long ago and found out i have most of the symptoms of bipolar/BPD. Manic session, and then depression where everything you do feel meaningless. And it checks all of my boxes.
Well, the most logical thing i can do after this research is talking to my parents to get diagnosed. But obviously since most parents here don't believe in ""mental health"", i can't do much but to save some money to get diagnosed. I think i can save up close to two million in a month, i don't know if that's enough for a session and some meds
That's all lol, sorry for venting. This has been very excruciating for me since i really want to achieve something and feel good for once.",https://www.reddit.com/r/indonesia/comments/1rdjzfi/how_much_a_psychologistpsychotherapy_session/,response,emotional_support,Btw adhd itu suka comorbidity sama depression. That’s another possibility.,,,Information,
Indonesia,1rdjzfi,"How much a Psychologist/Psychotherapy session would cost in an average indo hospital?
Before anything, i don't know if i can post this on r/indo so lmk if i break any rule.
TLDR; I'm a highschooler and i think i have an undiagnosed Bipolar/BPD. How much would a session and some meds cost?
For context, i'm in my last year of highschool and i'm currently trying to study for getting into a college. But, i have a huge problem. i can't study at all, like i can't focus on my academics. This has been happening since my first year.
I was a decent student in my middle school and my grades were kinda good. Obviously middle school is a piece of cake rather than high school and maybe i got demotivated since then and i never studied again. But that's not exactly it.
I've been having this weird derealization episodes where i can't do anything and i'm worrying about anything that happens to me.
This started to happen exactly in the early months of my highschool. I feel like i don't fit in there since i hardly have any friends. I started to overthink about everything i do, how i talk, how my face looks like, and these thoughts morphed into something that i would feel depressed about daily. And i've been having this on and off since then.
A year and two has passed, and my grades are completely ruined now. I learned a lot of things since then, but still had those weird depressive sessions. I can handle it half better now but i still can't do anything unfortunately. I still hardly have any friends, although thankfully i had some good company that i've met and talked to.
But since i'm probably reaching into adulthood soon, i had to do something about this.
I did some research again not too long ago and found out i have most of the symptoms of bipolar/BPD. Manic session, and then depression where everything you do feel meaningless. And it checks all of my boxes.
Well, the most logical thing i can do after this research is talking to my parents to get diagnosed. But obviously since most parents here don't believe in ""mental health"", i can't do much but to save some money to get diagnosed. I think i can save up close to two million in a month, i don't know if that's enough for a session and some meds
That's all lol, sorry for venting. This has been very excruciating for me since i really want to achieve something and feel good for once.",https://www.reddit.com/r/indonesia/comments/1rdjzfi/how_much_a_psychologistpsychotherapy_session/,response,emotional_support,Banyak orang malah salah diagnosis karena self diagnose.,,,Information,
Indonesia,1rdjzfi,"How much a Psychologist/Psychotherapy session would cost in an average indo hospital?
Before anything, i don't know if i can post this on r/indo so lmk if i break any rule.
TLDR; I'm a highschooler and i think i have an undiagnosed Bipolar/BPD. How much would a session and some meds cost?
For context, i'm in my last year of highschool and i'm currently trying to study for getting into a college. But, i have a huge problem. i can't study at all, like i can't focus on my academics. This has been happening since my first year.
I was a decent student in my middle school and my grades were kinda good. Obviously middle school is a piece of cake rather than high school and maybe i got demotivated since then and i never studied again. But that's not exactly it.
I've been having this weird derealization episodes where i can't do anything and i'm worrying about anything that happens to me.
This started to happen exactly in the early months of my highschool. I feel like i don't fit in there since i hardly have any friends. I started to overthink about everything i do, how i talk, how my face looks like, and these thoughts morphed into something that i would feel depressed about daily. And i've been having this on and off since then.
A year and two has passed, and my grades are completely ruined now. I learned a lot of things since then, but still had those weird depressive sessions. I can handle it half better now but i still can't do anything unfortunately. I still hardly have any friends, although thankfully i had some good company that i've met and talked to.
But since i'm probably reaching into adulthood soon, i had to do something about this.
I did some research again not too long ago and found out i have most of the symptoms of bipolar/BPD. Manic session, and then depression where everything you do feel meaningless. And it checks all of my boxes.
Well, the most logical thing i can do after this research is talking to my parents to get diagnosed. But obviously since most parents here don't believe in ""mental health"", i can't do much but to save some money to get diagnosed. I think i can save up close to two million in a month, i don't know if that's enough for a session and some meds
That's all lol, sorry for venting. This has been very excruciating for me since i really want to achieve something and feel good for once.",https://www.reddit.com/r/indonesia/comments/1rdjzfi/how_much_a_psychologistpsychotherapy_session/,response,emphaty_score,,,,,3 (moderately empathetic)
Indonesia,1rdjzfi,"How much a Psychologist/Psychotherapy session would cost in an average indo hospital?
Before anything, i don't know if i can post this on r/indo so lmk if i break any rule.
TLDR; I'm a highschooler and i think i have an undiagnosed Bipolar/BPD. How much would a session and some meds cost?
For context, i'm in my last year of highschool and i'm currently trying to study for getting into a college. But, i have a huge problem. i can't study at all, like i can't focus on my academics. This has been happening since my first year.
I was a decent student in my middle school and my grades were kinda good. Obviously middle school is a piece of cake rather than high school and maybe i got demotivated since then and i never studied again. But that's not exactly it.
I've been having this weird derealization episodes where i can't do anything and i'm worrying about anything that happens to me.
This started to happen exactly in the early months of my highschool. I feel like i don't fit in there since i hardly have any friends. I started to overthink about everything i do, how i talk, how my face looks like, and these thoughts morphed into something that i would feel depressed about daily. And i've been having this on and off since then.
A year and two has passed, and my grades are completely ruined now. I learned a lot of things since then, but still had those weird depressive sessions. I can handle it half better now but i still can't do anything unfortunately. I still hardly have any friends, although thankfully i had some good company that i've met and talked to.
But since i'm probably reaching into adulthood soon, i had to do something about this.
I did some research again not too long ago and found out i have most of the symptoms of bipolar/BPD. Manic session, and then depression where everything you do feel meaningless. And it checks all of my boxes.
Well, the most logical thing i can do after this research is talking to my parents to get diagnosed. But obviously since most parents here don't believe in ""mental health"", i can't do much but to save some money to get diagnosed. I think i can save up close to two million in a month, i don't know if that's enough for a session and some meds
That's all lol, sorry for venting. This has been very excruciating for me since i really want to achieve something and feel good for once.",https://www.reddit.com/r/indonesia/comments/1rdjzfi/how_much_a_psychologistpsychotherapy_session/,post,cultural_signals,TLDR; I'm a highschooler and i think i have an undiagnosed Bipolar/BPD.,Demogrpahics,,,
Indonesia,1rdjzfi,"How much a Psychologist/Psychotherapy session would cost in an average indo hospital?
Before anything, i don't know if i can post this on r/indo so lmk if i break any rule.
TLDR; I'm a highschooler and i think i have an undiagnosed Bipolar/BPD. How much would a session and some meds cost?
For context, i'm in my last year of highschool and i'm currently trying to study for getting into a college. But, i have a huge problem. i can't study at all, like i can't focus on my academics. This has been happening since my first year.
I was a decent student in my middle school and my grades were kinda good. Obviously middle school is a piece of cake rather than high school and maybe i got demotivated since then and i never studied again. But that's not exactly it.
I've been having this weird derealization episodes where i can't do anything and i'm worrying about anything that happens to me.
This started to happen exactly in the early months of my highschool. I feel like i don't fit in there since i hardly have any friends. I started to overthink about everything i do, how i talk, how my face looks like, and these thoughts morphed into something that i would feel depressed about daily. And i've been having this on and off since then.
A year and two has passed, and my grades are completely ruined now. I learned a lot of things since then, but still had those weird depressive sessions. I can handle it half better now but i still can't do anything unfortunately. I still hardly have any friends, although thankfully i had some good company that i've met and talked to.
But since i'm probably reaching into adulthood soon, i had to do something about this.
I did some research again not too long ago and found out i have most of the symptoms of bipolar/BPD. Manic session, and then depression where everything you do feel meaningless. And it checks all of my boxes.
Well, the most logical thing i can do after this research is talking to my parents to get diagnosed. But obviously since most parents here don't believe in ""mental health"", i can't do much but to save some money to get diagnosed. I think i can save up close to two million in a month, i don't know if that's enough for a session and some meds
That's all lol, sorry for venting. This has been very excruciating for me since i really want to achieve something and feel good for once.",https://www.reddit.com/r/indonesia/comments/1rdjzfi/how_much_a_psychologistpsychotherapy_session/,post,emotional_distress,"A year and two has passed, and my grades are completely ruined now. I learned a lot of things since then, but still had those weird depressive sessions. I can handle it half better now but i still can't do anything unfortunately",,light,,
Indonesia,1rdjzfi,"How much a Psychologist/Psychotherapy session would cost in an average indo hospital?
Before anything, i don't know if i can post this on r/indo so lmk if i break any rule.
TLDR; I'm a highschooler and i think i have an undiagnosed Bipolar/BPD. How much would a session and some meds cost?
For context, i'm in my last year of highschool and i'm currently trying to study for getting into a college. But, i have a huge problem. i can't study at all, like i can't focus on my academics. This has been happening since my first year.
I was a decent student in my middle school and my grades were kinda good. Obviously middle school is a piece of cake rather than high school and maybe i got demotivated since then and i never studied again. But that's not exactly it.
I've been having this weird derealization episodes where i can't do anything and i'm worrying about anything that happens to me.
This started to happen exactly in the early months of my highschool. I feel like i don't fit in there since i hardly have any friends. I started to overthink about everything i do, how i talk, how my face looks like, and these thoughts morphed into something that i would feel depressed about daily. And i've been having this on and off since then.
A year and two has passed, and my grades are completely ruined now. I learned a lot of things since then, but still had those weird depressive sessions. I can handle it half better now but i still can't do anything unfortunately. I still hardly have any friends, although thankfully i had some good company that i've met and talked to.
But since i'm probably reaching into adulthood soon, i had to do something about this.
I did some research again not too long ago and found out i have most of the symptoms of bipolar/BPD. Manic session, and then depression where everything you do feel meaningless. And it checks all of my boxes.
Well, the most logical thing i can do after this research is talking to my parents to get diagnosed. But obviously since most parents here don't believe in ""mental health"", i can't do much but to save some money to get diagnosed. I think i can save up close to two million in a month, i don't know if that's enough for a session and some meds
That's all lol, sorry for venting. This has been very excruciating for me since i really want to achieve something and feel good for once.",https://www.reddit.com/r/indonesia/comments/1rdjzfi/how_much_a_psychologistpsychotherapy_session/,post,cultural_signals,"I still hardly have any friends, although thankfully i had some good company that i've met and talked to.",Norms and Morals,,,
Indonesia,1ntn1ae,"ASD, Autism and the spectrum in Indonesia
Hi everyone,
I am fairly new to Indonesia and I will be here for a while it seems.
I have ASD and I am really really terrible at making friends. I get anxiety if I decided to make small talk.
Aside from that, I can't hold a conversation if it's not deep, even in casual topics you will find me turn them into deep conversations. I overshare a lot.
If you ask me a question, I will answer you but you might not like the answer.
On the other hand, I am over the top empathetic and I read people's energy like up normally and If I noticed someone words not matching what's in their intentions I tend to avoid them.
And many other things but I swear I don't have any ill intentions to anyone. However, not everyone gets comfortable with me and I have been fine with it my whole life, I always have had my close circle of friends wherever I go.
My question is, what do Indonesian society think of the autistic spectrum? Can I be upfront with people or that will drive them away faster? Do they think we are crazy people or do they have the awareness of our skills and experiences?
I understand every society has their struggle with this matter, my society in my home country i believe they think we are crazy. If we don't say it out loud we are fine and everyone wants to talk to us, once we say it out loud, everyone looks at us differently and start to pull away.
Also you might ask why don't I make friends with foreigners? I don't know why, but I feel more comfortable to be part of the community. I lived previously in another country for years, and I hardly knew any foreigners, i picked up some of the language, went to their villages (with locals i got to know and felt safe with), immersed myself in their food and clothes. So if I am going to stay in a country for a long time, I prefer to have friends with locals.
Aku belajar bahasa sedikit2 sehari-hari, tapi belum bisa mengobrol panjang ngobrol. dan aku bisa belajar lagi cepat dengan teman2.
Thank you",https://www.reddit.com/r/indonesia/comments/1ntn1ae/asd_autism_and_the_spectrum_in_indonesia/,post,cultural_signals,what do Indonesian society think of the autistic spectrum? Can I be upfront with people or that will drive them away faster? Do they think we are crazy people or do they have the awareness of our skills and experiences?,Norms and Morals,,,
Indonesia,1ntn1ae,"ASD, Autism and the spectrum in Indonesia
Hi everyone,
I am fairly new to Indonesia and I will be here for a while it seems.
I have ASD and I am really really terrible at making friends. I get anxiety if I decided to make small talk.
Aside from that, I can't hold a conversation if it's not deep, even in casual topics you will find me turn them into deep conversations. I overshare a lot.
If you ask me a question, I will answer you but you might not like the answer.
On the other hand, I am over the top empathetic and I read people's energy like up normally and If I noticed someone words not matching what's in their intentions I tend to avoid them.
And many other things but I swear I don't have any ill intentions to anyone. However, not everyone gets comfortable with me and I have been fine with it my whole life, I always have had my close circle of friends wherever I go.
My question is, what do Indonesian society think of the autistic spectrum? Can I be upfront with people or that will drive them away faster? Do they think we are crazy people or do they have the awareness of our skills and experiences?
I understand every society has their struggle with this matter, my society in my home country i believe they think we are crazy. If we don't say it out loud we are fine and everyone wants to talk to us, once we say it out loud, everyone looks at us differently and start to pull away.
Also you might ask why don't I make friends with foreigners? I don't know why, but I feel more comfortable to be part of the community. I lived previously in another country for years, and I hardly knew any foreigners, i picked up some of the language, went to their villages (with locals i got to know and felt safe with), immersed myself in their food and clothes. So if I am going to stay in a country for a long time, I prefer to have friends with locals.
Aku belajar bahasa sedikit2 sehari-hari, tapi belum bisa mengobrol panjang ngobrol. dan aku bisa belajar lagi cepat dengan teman2.
Thank you",https://www.reddit.com/r/indonesia/comments/1ntn1ae/asd_autism_and_the_spectrum_in_indonesia/,post,emotional_distress,I have ASD and I am really really terrible at making friends. I get anxiety if I decided to make small talk.,,moderate,,
Indonesia,1ntn1ae,"ASD, Autism and the spectrum in Indonesia
Hi everyone,
I am fairly new to Indonesia and I will be here for a while it seems.
I have ASD and I am really really terrible at making friends. I get anxiety if I decided to make small talk.
Aside from that, I can't hold a conversation if it's not deep, even in casual topics you will find me turn them into deep conversations. I overshare a lot.
If you ask me a question, I will answer you but you might not like the answer.
On the other hand, I am over the top empathetic and I read people's energy like up normally and If I noticed someone words not matching what's in their intentions I tend to avoid them.
And many other things but I swear I don't have any ill intentions to anyone. However, not everyone gets comfortable with me and I have been fine with it my whole life, I always have had my close circle of friends wherever I go.
My question is, what do Indonesian society think of the autistic spectrum? Can I be upfront with people or that will drive them away faster? Do they think we are crazy people or do they have the awareness of our skills and experiences?
I understand every society has their struggle with this matter, my society in my home country i believe they think we are crazy. If we don't say it out loud we are fine and everyone wants to talk to us, once we say it out loud, everyone looks at us differently and start to pull away.
Also you might ask why don't I make friends with foreigners? I don't know why, but I feel more comfortable to be part of the community. I lived previously in another country for years, and I hardly knew any foreigners, i picked up some of the language, went to their villages (with locals i got to know and felt safe with), immersed myself in their food and clothes. So if I am going to stay in a country for a long time, I prefer to have friends with locals.
Aku belajar bahasa sedikit2 sehari-hari, tapi belum bisa mengobrol panjang ngobrol. dan aku bisa belajar lagi cepat dengan teman2.
Thank you",https://www.reddit.com/r/indonesia/comments/1ntn1ae/asd_autism_and_the_spectrum_in_indonesia/,post,emotional_distress,"If we don't say it out loud we are fine and everyone wants to talk to us, once we say it out loud, everyone looks at us differently and start to pull away.",,moderate,,
Indonesia,1ntn1ae,"ASD, Autism and the spectrum in Indonesia
Hi everyone,
I am fairly new to Indonesia and I will be here for a while it seems.
I have ASD and I am really really terrible at making friends. I get anxiety if I decided to make small talk.
Aside from that, I can't hold a conversation if it's not deep, even in casual topics you will find me turn them into deep conversations. I overshare a lot.
If you ask me a question, I will answer you but you might not like the answer.
On the other hand, I am over the top empathetic and I read people's energy like up normally and If I noticed someone words not matching what's in their intentions I tend to avoid them.
And many other things but I swear I don't have any ill intentions to anyone. However, not everyone gets comfortable with me and I have been fine with it my whole life, I always have had my close circle of friends wherever I go.
My question is, what do Indonesian society think of the autistic spectrum? Can I be upfront with people or that will drive them away faster? Do they think we are crazy people or do they have the awareness of our skills and experiences?
I understand every society has their struggle with this matter, my society in my home country i believe they think we are crazy. If we don't say it out loud we are fine and everyone wants to talk to us, once we say it out loud, everyone looks at us differently and start to pull away.
Also you might ask why don't I make friends with foreigners? I don't know why, but I feel more comfortable to be part of the community. I lived previously in another country for years, and I hardly knew any foreigners, i picked up some of the language, went to their villages (with locals i got to know and felt safe with), immersed myself in their food and clothes. So if I am going to stay in a country for a long time, I prefer to have friends with locals.
Aku belajar bahasa sedikit2 sehari-hari, tapi belum bisa mengobrol panjang ngobrol. dan aku bisa belajar lagi cepat dengan teman2.
Thank you",https://www.reddit.com/r/indonesia/comments/1ntn1ae/asd_autism_and_the_spectrum_in_indonesia/,post,cultural_signals,"I understand every society has their struggle with this matter,",Knowledge,,,
Indonesia,1ntn1ae,"ASD, Autism and the spectrum in Indonesia
Hi everyone,
I am fairly new to Indonesia and I will be here for a while it seems.
I have ASD and I am really really terrible at making friends. I get anxiety if I decided to make small talk.
Aside from that, I can't hold a conversation if it's not deep, even in casual topics you will find me turn them into deep conversations. I overshare a lot.
If you ask me a question, I will answer you but you might not like the answer.
On the other hand, I am over the top empathetic and I read people's energy like up normally and If I noticed someone words not matching what's in their intentions I tend to avoid them.
And many other things but I swear I don't have any ill intentions to anyone. However, not everyone gets comfortable with me and I have been fine with it my whole life, I always have had my close circle of friends wherever I go.
My question is, what do Indonesian society think of the autistic spectrum? Can I be upfront with people or that will drive them away faster? Do they think we are crazy people or do they have the awareness of our skills and experiences?
I understand every society has their struggle with this matter, my society in my home country i believe they think we are crazy. If we don't say it out loud we are fine and everyone wants to talk to us, once we say it out loud, everyone looks at us differently and start to pull away.
Also you might ask why don't I make friends with foreigners? I don't know why, but I feel more comfortable to be part of the community. I lived previously in another country for years, and I hardly knew any foreigners, i picked up some of the language, went to their villages (with locals i got to know and felt safe with), immersed myself in their food and clothes. So if I am going to stay in a country for a long time, I prefer to have friends with locals.
Aku belajar bahasa sedikit2 sehari-hari, tapi belum bisa mengobrol panjang ngobrol. dan aku bisa belajar lagi cepat dengan teman2.
Thank you",https://www.reddit.com/r/indonesia/comments/1ntn1ae/asd_autism_and_the_spectrum_in_indonesia/,response,cultural_signals,"never directly say no (say ""i'll consider it later"", instead), and be a good listener.",Norms and Morals,,,
Indonesia,1ntn1ae,"ASD, Autism and the spectrum in Indonesia
Hi everyone,
I am fairly new to Indonesia and I will be here for a while it seems.
I have ASD and I am really really terrible at making friends. I get anxiety if I decided to make small talk.
Aside from that, I can't hold a conversation if it's not deep, even in casual topics you will find me turn them into deep conversations. I overshare a lot.
If you ask me a question, I will answer you but you might not like the answer.
On the other hand, I am over the top empathetic and I read people's energy like up normally and If I noticed someone words not matching what's in their intentions I tend to avoid them.
And many other things but I swear I don't have any ill intentions to anyone. However, not everyone gets comfortable with me and I have been fine with it my whole life, I always have had my close circle of friends wherever I go.
My question is, what do Indonesian society think of the autistic spectrum? Can I be upfront with people or that will drive them away faster? Do they think we are crazy people or do they have the awareness of our skills and experiences?
I understand every society has their struggle with this matter, my society in my home country i believe they think we are crazy. If we don't say it out loud we are fine and everyone wants to talk to us, once we say it out loud, everyone looks at us differently and start to pull away.
Also you might ask why don't I make friends with foreigners? I don't know why, but I feel more comfortable to be part of the community. I lived previously in another country for years, and I hardly knew any foreigners, i picked up some of the language, went to their villages (with locals i got to know and felt safe with), immersed myself in their food and clothes. So if I am going to stay in a country for a long time, I prefer to have friends with locals.
Aku belajar bahasa sedikit2 sehari-hari, tapi belum bisa mengobrol panjang ngobrol. dan aku bisa belajar lagi cepat dengan teman2.
Thank you",https://www.reddit.com/r/indonesia/comments/1ntn1ae/asd_autism_and_the_spectrum_in_indonesia/,response,cultural_signals,"indonesian people dont think highly functioning autistics are any different to normal people. Unless you actively appear ""crazy"" in public, ofc.",Knowledge,,,
Indonesia,1ntn1ae,"ASD, Autism and the spectrum in Indonesia
Hi everyone,
I am fairly new to Indonesia and I will be here for a while it seems.
I have ASD and I am really really terrible at making friends. I get anxiety if I decided to make small talk.
Aside from that, I can't hold a conversation if it's not deep, even in casual topics you will find me turn them into deep conversations. I overshare a lot.
If you ask me a question, I will answer you but you might not like the answer.
On the other hand, I am over the top empathetic and I read people's energy like up normally and If I noticed someone words not matching what's in their intentions I tend to avoid them.
And many other things but I swear I don't have any ill intentions to anyone. However, not everyone gets comfortable with me and I have been fine with it my whole life, I always have had my close circle of friends wherever I go.
My question is, what do Indonesian society think of the autistic spectrum? Can I be upfront with people or that will drive them away faster? Do they think we are crazy people or do they have the awareness of our skills and experiences?
I understand every society has their struggle with this matter, my society in my home country i believe they think we are crazy. If we don't say it out loud we are fine and everyone wants to talk to us, once we say it out loud, everyone looks at us differently and start to pull away.
Also you might ask why don't I make friends with foreigners? I don't know why, but I feel more comfortable to be part of the community. I lived previously in another country for years, and I hardly knew any foreigners, i picked up some of the language, went to their villages (with locals i got to know and felt safe with), immersed myself in their food and clothes. So if I am going to stay in a country for a long time, I prefer to have friends with locals.
Aku belajar bahasa sedikit2 sehari-hari, tapi belum bisa mengobrol panjang ngobrol. dan aku bisa belajar lagi cepat dengan teman2.
Thank you",https://www.reddit.com/r/indonesia/comments/1ntn1ae/asd_autism_and_the_spectrum_in_indonesia/,response,emotional_support,"being accepted in indonesia is easy, literally just memorize polite words and greetings, never directly say no (say ""i'll consider it later"", instead), and be a good listener.",,,Providing Suggestions,
Indonesia,1ntn1ae,"ASD, Autism and the spectrum in Indonesia
Hi everyone,
I am fairly new to Indonesia and I will be here for a while it seems.
I have ASD and I am really really terrible at making friends. I get anxiety if I decided to make small talk.
Aside from that, I can't hold a conversation if it's not deep, even in casual topics you will find me turn them into deep conversations. I overshare a lot.
If you ask me a question, I will answer you but you might not like the answer.
On the other hand, I am over the top empathetic and I read people's energy like up normally and If I noticed someone words not matching what's in their intentions I tend to avoid them.
And many other things but I swear I don't have any ill intentions to anyone. However, not everyone gets comfortable with me and I have been fine with it my whole life, I always have had my close circle of friends wherever I go.
My question is, what do Indonesian society think of the autistic spectrum? Can I be upfront with people or that will drive them away faster? Do they think we are crazy people or do they have the awareness of our skills and experiences?
I understand every society has their struggle with this matter, my society in my home country i believe they think we are crazy. If we don't say it out loud we are fine and everyone wants to talk to us, once we say it out loud, everyone looks at us differently and start to pull away.
Also you might ask why don't I make friends with foreigners? I don't know why, but I feel more comfortable to be part of the community. I lived previously in another country for years, and I hardly knew any foreigners, i picked up some of the language, went to their villages (with locals i got to know and felt safe with), immersed myself in their food and clothes. So if I am going to stay in a country for a long time, I prefer to have friends with locals.
Aku belajar bahasa sedikit2 sehari-hari, tapi belum bisa mengobrol panjang ngobrol. dan aku bisa belajar lagi cepat dengan teman2.
Thank you",https://www.reddit.com/r/indonesia/comments/1ntn1ae/asd_autism_and_the_spectrum_in_indonesia/,response,emphaty_score,,,,,2 (slightly empathetic)
Indonesia,1ntn1ae,"ASD, Autism and the spectrum in Indonesia
Hi everyone,
I am fairly new to Indonesia and I will be here for a while it seems.
I have ASD and I am really really terrible at making friends. I get anxiety if I decided to make small talk.
Aside from that, I can't hold a conversation if it's not deep, even in casual topics you will find me turn them into deep conversations. I overshare a lot.
If you ask me a question, I will answer you but you might not like the answer.
On the other hand, I am over the top empathetic and I read people's energy like up normally and If I noticed someone words not matching what's in their intentions I tend to avoid them.
And many other things but I swear I don't have any ill intentions to anyone. However, not everyone gets comfortable with me and I have been fine with it my whole life, I always have had my close circle of friends wherever I go.
My question is, what do Indonesian society think of the autistic spectrum? Can I be upfront with people or that will drive them away faster? Do they think we are crazy people or do they have the awareness of our skills and experiences?
I understand every society has their struggle with this matter, my society in my home country i believe they think we are crazy. If we don't say it out loud we are fine and everyone wants to talk to us, once we say it out loud, everyone looks at us differently and start to pull away.
Also you might ask why don't I make friends with foreigners? I don't know why, but I feel more comfortable to be part of the community. I lived previously in another country for years, and I hardly knew any foreigners, i picked up some of the language, went to their villages (with locals i got to know and felt safe with), immersed myself in their food and clothes. So if I am going to stay in a country for a long time, I prefer to have friends with locals.
Aku belajar bahasa sedikit2 sehari-hari, tapi belum bisa mengobrol panjang ngobrol. dan aku bisa belajar lagi cepat dengan teman2.
Thank you",https://www.reddit.com/r/indonesia/comments/1ntn1ae/asd_autism_and_the_spectrum_in_indonesia/,post,cultural_signals,"On the other hand, I am over the top empathetic and I read people's energy like up normally and If I noticed someone words not matching what's in their intentions I tend to avoid them.

And many other things but I swear I don't have any ill intentions to anyone. However, not everyone gets comfortable with me and I have been fine with it my whole life, I always have had my close circle of friends wherever I go.",Values,,,
Indonesia,1ntn1ae,"ASD, Autism and the spectrum in Indonesia
Hi everyone,
I am fairly new to Indonesia and I will be here for a while it seems.
I have ASD and I am really really terrible at making friends. I get anxiety if I decided to make small talk.
Aside from that, I can't hold a conversation if it's not deep, even in casual topics you will find me turn them into deep conversations. I overshare a lot.
If you ask me a question, I will answer you but you might not like the answer.
On the other hand, I am over the top empathetic and I read people's energy like up normally and If I noticed someone words not matching what's in their intentions I tend to avoid them.
And many other things but I swear I don't have any ill intentions to anyone. However, not everyone gets comfortable with me and I have been fine with it my whole life, I always have had my close circle of friends wherever I go.
My question is, what do Indonesian society think of the autistic spectrum? Can I be upfront with people or that will drive them away faster? Do they think we are crazy people or do they have the awareness of our skills and experiences?
I understand every society has their struggle with this matter, my society in my home country i believe they think we are crazy. If we don't say it out loud we are fine and everyone wants to talk to us, once we say it out loud, everyone looks at us differently and start to pull away.
Also you might ask why don't I make friends with foreigners? I don't know why, but I feel more comfortable to be part of the community. I lived previously in another country for years, and I hardly knew any foreigners, i picked up some of the language, went to their villages (with locals i got to know and felt safe with), immersed myself in their food and clothes. So if I am going to stay in a country for a long time, I prefer to have friends with locals.
Aku belajar bahasa sedikit2 sehari-hari, tapi belum bisa mengobrol panjang ngobrol. dan aku bisa belajar lagi cepat dengan teman2.
Thank you",https://www.reddit.com/r/indonesia/comments/1ntn1ae/asd_autism_and_the_spectrum_in_indonesia/,response,emotional_support,"indonesian people dont think highly functioning autistics are any different to normal people. Unless you actively appear ""crazy"" in public, ofc.",,,Information,
Indonesia,1ntn1ae,"ASD, Autism and the spectrum in Indonesia
Hi everyone,
I am fairly new to Indonesia and I will be here for a while it seems.
I have ASD and I am really really terrible at making friends. I get anxiety if I decided to make small talk.
Aside from that, I can't hold a conversation if it's not deep, even in casual topics you will find me turn them into deep conversations. I overshare a lot.
If you ask me a question, I will answer you but you might not like the answer.
On the other hand, I am over the top empathetic and I read people's energy like up normally and If I noticed someone words not matching what's in their intentions I tend to avoid them.
And many other things but I swear I don't have any ill intentions to anyone. However, not everyone gets comfortable with me and I have been fine with it my whole life, I always have had my close circle of friends wherever I go.
My question is, what do Indonesian society think of the autistic spectrum? Can I be upfront with people or that will drive them away faster? Do they think we are crazy people or do they have the awareness of our skills and experiences?
I understand every society has their struggle with this matter, my society in my home country i believe they think we are crazy. If we don't say it out loud we are fine and everyone wants to talk to us, once we say it out loud, everyone looks at us differently and start to pull away.
Also you might ask why don't I make friends with foreigners? I don't know why, but I feel more comfortable to be part of the community. I lived previously in another country for years, and I hardly knew any foreigners, i picked up some of the language, went to their villages (with locals i got to know and felt safe with), immersed myself in their food and clothes. So if I am going to stay in a country for a long time, I prefer to have friends with locals.
Aku belajar bahasa sedikit2 sehari-hari, tapi belum bisa mengobrol panjang ngobrol. dan aku bisa belajar lagi cepat dengan teman2.
Thank you",https://www.reddit.com/r/indonesia/comments/1ntn1ae/asd_autism_and_the_spectrum_in_indonesia/,response,emotional_support,So just dont have public meltdown and you'll be fine,,,Affirmation and Reassurance,
Indonesia,pwf3zv,"Anxiety or Dangerous Medical Condition 
Mungkin saya ingin berbagi pengalaman akhir-akhir ini, tempo hari saya merasakan sakit kepala sebelah yang cukup sakit (mungkin migrain atau cluster headache) karena setelah konsultasi dengan dokter saya divonis kelelahan dan migrain, namun akhir-akhir ini gejala aneh bermunculan seperti sering kedutan baik itu di wajah, lengan, kaki, badan, dsb, telinga terasa tidak nyaman seperti berdengung, tapi syukur sakit kepala saya sudah hilang setelah meminum obat dan tidak ada lagi sampai saat ini. 
Namun saya cukup gelisah mengenai gejala-gejala aneh di atas yang cukup mengganggu keseharian saya, ketika saya berbicara ke orang tua, orang tua hanya menuduh saya kelelahan atau kurang olahraga jadi mereka cukup melarang saya untuk pergi ke dokter lagi, tapi saya takut hal-hal ini ternyata gejala yang menandakan sesuatu seperti tumor otak, saya sangat cemas sekali, namun untuk MRI atau CT scan orang tua saya sangat melarang karena menganggap saya terlalu paranoid dan ya mungkin cukup mahal juga mereka takut efek samping yang lain. 
Cuman ya seenggaknya saya hanya ingin konfirmasi/kepastian apakah saya mengalami hal tersebut atau tidak, itu saja, tapi syukur jika berdasarkan google (i know mungkin penyebab baca dari google juga bisa jadi penyebab kecemasan yang berlebihan) gejala berat seperti muntah, gangguan pengelihatan, kehilangan sensasi sentuhan itu tidak pernah saya alami saat ini. Jadi intinya kira-kira langkah yang harus saya ambil itu seperti apa? 
-jika saya diam dan melakukan aktivitas biasa, gejala ini cukup mengganggu dan takut menjadi-jadi 
-jika saya ingin diperiksa lebih lanjut seperti di scan, saya takut efek sampingnya dan orang tua juga melarang jadi sekiranya bagaimana membujuknya? 
-dan kemungkinan terburuknya jika saya betul-betul divonis penyakit demikian, langkah apa yg seharusnya saya ambil? jujur saya cukup takut",https://www.reddit.com/r/indonesia/comments/pwf3zv/anxiety_or_dangerous_medical_condition/,post,emotional_distress,"tapi saya takut hal-hal ini ternyata gejala yang menandakan sesuatu seperti tumor otak, saya sangat cemas sekali,",,high,,
Indonesia,pwf3zv,"Anxiety or Dangerous Medical Condition 
Mungkin saya ingin berbagi pengalaman akhir-akhir ini, tempo hari saya merasakan sakit kepala sebelah yang cukup sakit (mungkin migrain atau cluster headache) karena setelah konsultasi dengan dokter saya divonis kelelahan dan migrain, namun akhir-akhir ini gejala aneh bermunculan seperti sering kedutan baik itu di wajah, lengan, kaki, badan, dsb, telinga terasa tidak nyaman seperti berdengung, tapi syukur sakit kepala saya sudah hilang setelah meminum obat dan tidak ada lagi sampai saat ini. 
Namun saya cukup gelisah mengenai gejala-gejala aneh di atas yang cukup mengganggu keseharian saya, ketika saya berbicara ke orang tua, orang tua hanya menuduh saya kelelahan atau kurang olahraga jadi mereka cukup melarang saya untuk pergi ke dokter lagi, tapi saya takut hal-hal ini ternyata gejala yang menandakan sesuatu seperti tumor otak, saya sangat cemas sekali, namun untuk MRI atau CT scan orang tua saya sangat melarang karena menganggap saya terlalu paranoid dan ya mungkin cukup mahal juga mereka takut efek samping yang lain. 
Cuman ya seenggaknya saya hanya ingin konfirmasi/kepastian apakah saya mengalami hal tersebut atau tidak, itu saja, tapi syukur jika berdasarkan google (i know mungkin penyebab baca dari google juga bisa jadi penyebab kecemasan yang berlebihan) gejala berat seperti muntah, gangguan pengelihatan, kehilangan sensasi sentuhan itu tidak pernah saya alami saat ini. Jadi intinya kira-kira langkah yang harus saya ambil itu seperti apa? 
-jika saya diam dan melakukan aktivitas biasa, gejala ini cukup mengganggu dan takut menjadi-jadi 
-jika saya ingin diperiksa lebih lanjut seperti di scan, saya takut efek sampingnya dan orang tua juga melarang jadi sekiranya bagaimana membujuknya? 
-dan kemungkinan terburuknya jika saya betul-betul divonis penyakit demikian, langkah apa yg seharusnya saya ambil? jujur saya cukup takut",https://www.reddit.com/r/indonesia/comments/pwf3zv/anxiety_or_dangerous_medical_condition/,post,emotional_distress,"jika saya diam dan melakukan aktivitas biasa, gejala ini cukup mengganggu dan takut menjadi-jadi",,moderate,,
Indonesia,pwf3zv,"Anxiety or Dangerous Medical Condition 
Mungkin saya ingin berbagi pengalaman akhir-akhir ini, tempo hari saya merasakan sakit kepala sebelah yang cukup sakit (mungkin migrain atau cluster headache) karena setelah konsultasi dengan dokter saya divonis kelelahan dan migrain, namun akhir-akhir ini gejala aneh bermunculan seperti sering kedutan baik itu di wajah, lengan, kaki, badan, dsb, telinga terasa tidak nyaman seperti berdengung, tapi syukur sakit kepala saya sudah hilang setelah meminum obat dan tidak ada lagi sampai saat ini. 
Namun saya cukup gelisah mengenai gejala-gejala aneh di atas yang cukup mengganggu keseharian saya, ketika saya berbicara ke orang tua, orang tua hanya menuduh saya kelelahan atau kurang olahraga jadi mereka cukup melarang saya untuk pergi ke dokter lagi, tapi saya takut hal-hal ini ternyata gejala yang menandakan sesuatu seperti tumor otak, saya sangat cemas sekali, namun untuk MRI atau CT scan orang tua saya sangat melarang karena menganggap saya terlalu paranoid dan ya mungkin cukup mahal juga mereka takut efek samping yang lain. 
Cuman ya seenggaknya saya hanya ingin konfirmasi/kepastian apakah saya mengalami hal tersebut atau tidak, itu saja, tapi syukur jika berdasarkan google (i know mungkin penyebab baca dari google juga bisa jadi penyebab kecemasan yang berlebihan) gejala berat seperti muntah, gangguan pengelihatan, kehilangan sensasi sentuhan itu tidak pernah saya alami saat ini. Jadi intinya kira-kira langkah yang harus saya ambil itu seperti apa? 
-jika saya diam dan melakukan aktivitas biasa, gejala ini cukup mengganggu dan takut menjadi-jadi 
-jika saya ingin diperiksa lebih lanjut seperti di scan, saya takut efek sampingnya dan orang tua juga melarang jadi sekiranya bagaimana membujuknya? 
-dan kemungkinan terburuknya jika saya betul-betul divonis penyakit demikian, langkah apa yg seharusnya saya ambil? jujur saya cukup takut",https://www.reddit.com/r/indonesia/comments/pwf3zv/anxiety_or_dangerous_medical_condition/,post,cultural_signals,"ketika saya berbicara ke orang tua, orang tua hanya menuduh saya kelelahan atau kurang olahraga jadi mereka cukup melarang saya untuk pergi ke dokter lagi",Norms and Morals,,,
Indonesia,pwf3zv,"Anxiety or Dangerous Medical Condition 
Mungkin saya ingin berbagi pengalaman akhir-akhir ini, tempo hari saya merasakan sakit kepala sebelah yang cukup sakit (mungkin migrain atau cluster headache) karena setelah konsultasi dengan dokter saya divonis kelelahan dan migrain, namun akhir-akhir ini gejala aneh bermunculan seperti sering kedutan baik itu di wajah, lengan, kaki, badan, dsb, telinga terasa tidak nyaman seperti berdengung, tapi syukur sakit kepala saya sudah hilang setelah meminum obat dan tidak ada lagi sampai saat ini. 
Namun saya cukup gelisah mengenai gejala-gejala aneh di atas yang cukup mengganggu keseharian saya, ketika saya berbicara ke orang tua, orang tua hanya menuduh saya kelelahan atau kurang olahraga jadi mereka cukup melarang saya untuk pergi ke dokter lagi, tapi saya takut hal-hal ini ternyata gejala yang menandakan sesuatu seperti tumor otak, saya sangat cemas sekali, namun untuk MRI atau CT scan orang tua saya sangat melarang karena menganggap saya terlalu paranoid dan ya mungkin cukup mahal juga mereka takut efek samping yang lain. 
Cuman ya seenggaknya saya hanya ingin konfirmasi/kepastian apakah saya mengalami hal tersebut atau tidak, itu saja, tapi syukur jika berdasarkan google (i know mungkin penyebab baca dari google juga bisa jadi penyebab kecemasan yang berlebihan) gejala berat seperti muntah, gangguan pengelihatan, kehilangan sensasi sentuhan itu tidak pernah saya alami saat ini. Jadi intinya kira-kira langkah yang harus saya ambil itu seperti apa? 
-jika saya diam dan melakukan aktivitas biasa, gejala ini cukup mengganggu dan takut menjadi-jadi 
-jika saya ingin diperiksa lebih lanjut seperti di scan, saya takut efek sampingnya dan orang tua juga melarang jadi sekiranya bagaimana membujuknya? 
-dan kemungkinan terburuknya jika saya betul-betul divonis penyakit demikian, langkah apa yg seharusnya saya ambil? jujur saya cukup takut",https://www.reddit.com/r/indonesia/comments/pwf3zv/anxiety_or_dangerous_medical_condition/,response,emotional_support,Saya pengidap Anxiety Disorder dan Major Depressive Disorder. Saya pernah dan sering mengalami sakit fisik seperti migrain dan GERD yang tidak kunjung sembuh,,,Self-disclosure,
Indonesia,pwf3zv,"Anxiety or Dangerous Medical Condition 
Mungkin saya ingin berbagi pengalaman akhir-akhir ini, tempo hari saya merasakan sakit kepala sebelah yang cukup sakit (mungkin migrain atau cluster headache) karena setelah konsultasi dengan dokter saya divonis kelelahan dan migrain, namun akhir-akhir ini gejala aneh bermunculan seperti sering kedutan baik itu di wajah, lengan, kaki, badan, dsb, telinga terasa tidak nyaman seperti berdengung, tapi syukur sakit kepala saya sudah hilang setelah meminum obat dan tidak ada lagi sampai saat ini. 
Namun saya cukup gelisah mengenai gejala-gejala aneh di atas yang cukup mengganggu keseharian saya, ketika saya berbicara ke orang tua, orang tua hanya menuduh saya kelelahan atau kurang olahraga jadi mereka cukup melarang saya untuk pergi ke dokter lagi, tapi saya takut hal-hal ini ternyata gejala yang menandakan sesuatu seperti tumor otak, saya sangat cemas sekali, namun untuk MRI atau CT scan orang tua saya sangat melarang karena menganggap saya terlalu paranoid dan ya mungkin cukup mahal juga mereka takut efek samping yang lain. 
Cuman ya seenggaknya saya hanya ingin konfirmasi/kepastian apakah saya mengalami hal tersebut atau tidak, itu saja, tapi syukur jika berdasarkan google (i know mungkin penyebab baca dari google juga bisa jadi penyebab kecemasan yang berlebihan) gejala berat seperti muntah, gangguan pengelihatan, kehilangan sensasi sentuhan itu tidak pernah saya alami saat ini. Jadi intinya kira-kira langkah yang harus saya ambil itu seperti apa? 
-jika saya diam dan melakukan aktivitas biasa, gejala ini cukup mengganggu dan takut menjadi-jadi 
-jika saya ingin diperiksa lebih lanjut seperti di scan, saya takut efek sampingnya dan orang tua juga melarang jadi sekiranya bagaimana membujuknya? 
-dan kemungkinan terburuknya jika saya betul-betul divonis penyakit demikian, langkah apa yg seharusnya saya ambil? jujur saya cukup takut",https://www.reddit.com/r/indonesia/comments/pwf3zv/anxiety_or_dangerous_medical_condition/,response,emotional_support,"Saran saya, jangan terlalu mengandalkan Google (self diagnose). Coba dulu aja konsultasi ke dokter umum,",,,Providing Suggestions,
Indonesia,pwf3zv,"Anxiety or Dangerous Medical Condition 
Mungkin saya ingin berbagi pengalaman akhir-akhir ini, tempo hari saya merasakan sakit kepala sebelah yang cukup sakit (mungkin migrain atau cluster headache) karena setelah konsultasi dengan dokter saya divonis kelelahan dan migrain, namun akhir-akhir ini gejala aneh bermunculan seperti sering kedutan baik itu di wajah, lengan, kaki, badan, dsb, telinga terasa tidak nyaman seperti berdengung, tapi syukur sakit kepala saya sudah hilang setelah meminum obat dan tidak ada lagi sampai saat ini. 
Namun saya cukup gelisah mengenai gejala-gejala aneh di atas yang cukup mengganggu keseharian saya, ketika saya berbicara ke orang tua, orang tua hanya menuduh saya kelelahan atau kurang olahraga jadi mereka cukup melarang saya untuk pergi ke dokter lagi, tapi saya takut hal-hal ini ternyata gejala yang menandakan sesuatu seperti tumor otak, saya sangat cemas sekali, namun untuk MRI atau CT scan orang tua saya sangat melarang karena menganggap saya terlalu paranoid dan ya mungkin cukup mahal juga mereka takut efek samping yang lain. 
Cuman ya seenggaknya saya hanya ingin konfirmasi/kepastian apakah saya mengalami hal tersebut atau tidak, itu saja, tapi syukur jika berdasarkan google (i know mungkin penyebab baca dari google juga bisa jadi penyebab kecemasan yang berlebihan) gejala berat seperti muntah, gangguan pengelihatan, kehilangan sensasi sentuhan itu tidak pernah saya alami saat ini. Jadi intinya kira-kira langkah yang harus saya ambil itu seperti apa? 
-jika saya diam dan melakukan aktivitas biasa, gejala ini cukup mengganggu dan takut menjadi-jadi 
-jika saya ingin diperiksa lebih lanjut seperti di scan, saya takut efek sampingnya dan orang tua juga melarang jadi sekiranya bagaimana membujuknya? 
-dan kemungkinan terburuknya jika saya betul-betul divonis penyakit demikian, langkah apa yg seharusnya saya ambil? jujur saya cukup takut",https://www.reddit.com/r/indonesia/comments/pwf3zv/anxiety_or_dangerous_medical_condition/,response,emotional_support,bisa lewat online macem HaloDoc.,,,Information,
Indonesia,pwf3zv,"Anxiety or Dangerous Medical Condition 
Mungkin saya ingin berbagi pengalaman akhir-akhir ini, tempo hari saya merasakan sakit kepala sebelah yang cukup sakit (mungkin migrain atau cluster headache) karena setelah konsultasi dengan dokter saya divonis kelelahan dan migrain, namun akhir-akhir ini gejala aneh bermunculan seperti sering kedutan baik itu di wajah, lengan, kaki, badan, dsb, telinga terasa tidak nyaman seperti berdengung, tapi syukur sakit kepala saya sudah hilang setelah meminum obat dan tidak ada lagi sampai saat ini. 
Namun saya cukup gelisah mengenai gejala-gejala aneh di atas yang cukup mengganggu keseharian saya, ketika saya berbicara ke orang tua, orang tua hanya menuduh saya kelelahan atau kurang olahraga jadi mereka cukup melarang saya untuk pergi ke dokter lagi, tapi saya takut hal-hal ini ternyata gejala yang menandakan sesuatu seperti tumor otak, saya sangat cemas sekali, namun untuk MRI atau CT scan orang tua saya sangat melarang karena menganggap saya terlalu paranoid dan ya mungkin cukup mahal juga mereka takut efek samping yang lain. 
Cuman ya seenggaknya saya hanya ingin konfirmasi/kepastian apakah saya mengalami hal tersebut atau tidak, itu saja, tapi syukur jika berdasarkan google (i know mungkin penyebab baca dari google juga bisa jadi penyebab kecemasan yang berlebihan) gejala berat seperti muntah, gangguan pengelihatan, kehilangan sensasi sentuhan itu tidak pernah saya alami saat ini. Jadi intinya kira-kira langkah yang harus saya ambil itu seperti apa? 
-jika saya diam dan melakukan aktivitas biasa, gejala ini cukup mengganggu dan takut menjadi-jadi 
-jika saya ingin diperiksa lebih lanjut seperti di scan, saya takut efek sampingnya dan orang tua juga melarang jadi sekiranya bagaimana membujuknya? 
-dan kemungkinan terburuknya jika saya betul-betul divonis penyakit demikian, langkah apa yg seharusnya saya ambil? jujur saya cukup takut",https://www.reddit.com/r/indonesia/comments/pwf3zv/anxiety_or_dangerous_medical_condition/,response,emotional_support,"Bilang aja ke orang tua kalau emang kamu ingin general check aja, nggak usah bilang mau CT scan/MRI dulu. Kamu bisa bilang kalau gejala sakitnya udah mengganggu keseharian dan obat warung pun nggak mempan.",,,Providing Suggestions,
Indonesia,pwf3zv,"Anxiety or Dangerous Medical Condition 
Mungkin saya ingin berbagi pengalaman akhir-akhir ini, tempo hari saya merasakan sakit kepala sebelah yang cukup sakit (mungkin migrain atau cluster headache) karena setelah konsultasi dengan dokter saya divonis kelelahan dan migrain, namun akhir-akhir ini gejala aneh bermunculan seperti sering kedutan baik itu di wajah, lengan, kaki, badan, dsb, telinga terasa tidak nyaman seperti berdengung, tapi syukur sakit kepala saya sudah hilang setelah meminum obat dan tidak ada lagi sampai saat ini. 
Namun saya cukup gelisah mengenai gejala-gejala aneh di atas yang cukup mengganggu keseharian saya, ketika saya berbicara ke orang tua, orang tua hanya menuduh saya kelelahan atau kurang olahraga jadi mereka cukup melarang saya untuk pergi ke dokter lagi, tapi saya takut hal-hal ini ternyata gejala yang menandakan sesuatu seperti tumor otak, saya sangat cemas sekali, namun untuk MRI atau CT scan orang tua saya sangat melarang karena menganggap saya terlalu paranoid dan ya mungkin cukup mahal juga mereka takut efek samping yang lain. 
Cuman ya seenggaknya saya hanya ingin konfirmasi/kepastian apakah saya mengalami hal tersebut atau tidak, itu saja, tapi syukur jika berdasarkan google (i know mungkin penyebab baca dari google juga bisa jadi penyebab kecemasan yang berlebihan) gejala berat seperti muntah, gangguan pengelihatan, kehilangan sensasi sentuhan itu tidak pernah saya alami saat ini. Jadi intinya kira-kira langkah yang harus saya ambil itu seperti apa? 
-jika saya diam dan melakukan aktivitas biasa, gejala ini cukup mengganggu dan takut menjadi-jadi 
-jika saya ingin diperiksa lebih lanjut seperti di scan, saya takut efek sampingnya dan orang tua juga melarang jadi sekiranya bagaimana membujuknya? 
-dan kemungkinan terburuknya jika saya betul-betul divonis penyakit demikian, langkah apa yg seharusnya saya ambil? jujur saya cukup takut",https://www.reddit.com/r/indonesia/comments/pwf3zv/anxiety_or_dangerous_medical_condition/,response,emphaty_score,,,,,4 (quite empathetic)
Indonesia,pwf3zv,"Anxiety or Dangerous Medical Condition 
Mungkin saya ingin berbagi pengalaman akhir-akhir ini, tempo hari saya merasakan sakit kepala sebelah yang cukup sakit (mungkin migrain atau cluster headache) karena setelah konsultasi dengan dokter saya divonis kelelahan dan migrain, namun akhir-akhir ini gejala aneh bermunculan seperti sering kedutan baik itu di wajah, lengan, kaki, badan, dsb, telinga terasa tidak nyaman seperti berdengung, tapi syukur sakit kepala saya sudah hilang setelah meminum obat dan tidak ada lagi sampai saat ini. 
Namun saya cukup gelisah mengenai gejala-gejala aneh di atas yang cukup mengganggu keseharian saya, ketika saya berbicara ke orang tua, orang tua hanya menuduh saya kelelahan atau kurang olahraga jadi mereka cukup melarang saya untuk pergi ke dokter lagi, tapi saya takut hal-hal ini ternyata gejala yang menandakan sesuatu seperti tumor otak, saya sangat cemas sekali, namun untuk MRI atau CT scan orang tua saya sangat melarang karena menganggap saya terlalu paranoid dan ya mungkin cukup mahal juga mereka takut efek samping yang lain. 
Cuman ya seenggaknya saya hanya ingin konfirmasi/kepastian apakah saya mengalami hal tersebut atau tidak, itu saja, tapi syukur jika berdasarkan google (i know mungkin penyebab baca dari google juga bisa jadi penyebab kecemasan yang berlebihan) gejala berat seperti muntah, gangguan pengelihatan, kehilangan sensasi sentuhan itu tidak pernah saya alami saat ini. Jadi intinya kira-kira langkah yang harus saya ambil itu seperti apa? 
-jika saya diam dan melakukan aktivitas biasa, gejala ini cukup mengganggu dan takut menjadi-jadi 
-jika saya ingin diperiksa lebih lanjut seperti di scan, saya takut efek sampingnya dan orang tua juga melarang jadi sekiranya bagaimana membujuknya? 
-dan kemungkinan terburuknya jika saya betul-betul divonis penyakit demikian, langkah apa yg seharusnya saya ambil? jujur saya cukup takut",https://www.reddit.com/r/indonesia/comments/pwf3zv/anxiety_or_dangerous_medical_condition/,post,emotional_distress,"tempo hari saya merasakan sakit kepala sebelah yang cukup sakit (mungkin migrain atau cluster headache) karena setelah konsultasi dengan dokter saya divonis kelelahan dan migrain, namun akhir-akhir ini gejala aneh bermunculan seperti sering kedutan baik itu di wajah, lengan, kaki, badan, dsb, telinga terasa tidak nyaman seperti berdengung, tapi syukur sakit kepala saya sudah hilang setelah meminum obat dan tidak ada lagi sampai saat ini.",,moderate,,
Indonesia,pwf3zv,"Anxiety or Dangerous Medical Condition 
Mungkin saya ingin berbagi pengalaman akhir-akhir ini, tempo hari saya merasakan sakit kepala sebelah yang cukup sakit (mungkin migrain atau cluster headache) karena setelah konsultasi dengan dokter saya divonis kelelahan dan migrain, namun akhir-akhir ini gejala aneh bermunculan seperti sering kedutan baik itu di wajah, lengan, kaki, badan, dsb, telinga terasa tidak nyaman seperti berdengung, tapi syukur sakit kepala saya sudah hilang setelah meminum obat dan tidak ada lagi sampai saat ini. 
Namun saya cukup gelisah mengenai gejala-gejala aneh di atas yang cukup mengganggu keseharian saya, ketika saya berbicara ke orang tua, orang tua hanya menuduh saya kelelahan atau kurang olahraga jadi mereka cukup melarang saya untuk pergi ke dokter lagi, tapi saya takut hal-hal ini ternyata gejala yang menandakan sesuatu seperti tumor otak, saya sangat cemas sekali, namun untuk MRI atau CT scan orang tua saya sangat melarang karena menganggap saya terlalu paranoid dan ya mungkin cukup mahal juga mereka takut efek samping yang lain. 
Cuman ya seenggaknya saya hanya ingin konfirmasi/kepastian apakah saya mengalami hal tersebut atau tidak, itu saja, tapi syukur jika berdasarkan google (i know mungkin penyebab baca dari google juga bisa jadi penyebab kecemasan yang berlebihan) gejala berat seperti muntah, gangguan pengelihatan, kehilangan sensasi sentuhan itu tidak pernah saya alami saat ini. Jadi intinya kira-kira langkah yang harus saya ambil itu seperti apa? 
-jika saya diam dan melakukan aktivitas biasa, gejala ini cukup mengganggu dan takut menjadi-jadi 
-jika saya ingin diperiksa lebih lanjut seperti di scan, saya takut efek sampingnya dan orang tua juga melarang jadi sekiranya bagaimana membujuknya? 
-dan kemungkinan terburuknya jika saya betul-betul divonis penyakit demikian, langkah apa yg seharusnya saya ambil? jujur saya cukup takut",https://www.reddit.com/r/indonesia/comments/pwf3zv/anxiety_or_dangerous_medical_condition/,post,cultural_signals,#NAME?,Norms and Morals,,,
Indonesia,pwf3zv,"Anxiety or Dangerous Medical Condition 
Mungkin saya ingin berbagi pengalaman akhir-akhir ini, tempo hari saya merasakan sakit kepala sebelah yang cukup sakit (mungkin migrain atau cluster headache) karena setelah konsultasi dengan dokter saya divonis kelelahan dan migrain, namun akhir-akhir ini gejala aneh bermunculan seperti sering kedutan baik itu di wajah, lengan, kaki, badan, dsb, telinga terasa tidak nyaman seperti berdengung, tapi syukur sakit kepala saya sudah hilang setelah meminum obat dan tidak ada lagi sampai saat ini. 
Namun saya cukup gelisah mengenai gejala-gejala aneh di atas yang cukup mengganggu keseharian saya, ketika saya berbicara ke orang tua, orang tua hanya menuduh saya kelelahan atau kurang olahraga jadi mereka cukup melarang saya untuk pergi ke dokter lagi, tapi saya takut hal-hal ini ternyata gejala yang menandakan sesuatu seperti tumor otak, saya sangat cemas sekali, namun untuk MRI atau CT scan orang tua saya sangat melarang karena menganggap saya terlalu paranoid dan ya mungkin cukup mahal juga mereka takut efek samping yang lain. 
Cuman ya seenggaknya saya hanya ingin konfirmasi/kepastian apakah saya mengalami hal tersebut atau tidak, itu saja, tapi syukur jika berdasarkan google (i know mungkin penyebab baca dari google juga bisa jadi penyebab kecemasan yang berlebihan) gejala berat seperti muntah, gangguan pengelihatan, kehilangan sensasi sentuhan itu tidak pernah saya alami saat ini. Jadi intinya kira-kira langkah yang harus saya ambil itu seperti apa? 
-jika saya diam dan melakukan aktivitas biasa, gejala ini cukup mengganggu dan takut menjadi-jadi 
-jika saya ingin diperiksa lebih lanjut seperti di scan, saya takut efek sampingnya dan orang tua juga melarang jadi sekiranya bagaimana membujuknya? 
-dan kemungkinan terburuknya jika saya betul-betul divonis penyakit demikian, langkah apa yg seharusnya saya ambil? jujur saya cukup takut",https://www.reddit.com/r/indonesia/comments/pwf3zv/anxiety_or_dangerous_medical_condition/,post,emotional_distress,#NAME?,,moderate,,
Indonesia,1guv8wk,"Hampir mati konyol pas ngambil gaji pertama 
Hi komodos ! Jadi akhirnya saya dapat juga gaji honorer saya setelah 4 bukan(3.700.000)So sore tadi selepas selesai latihan Google school training saya pulang terus sekitar jam 6 saya berangkat untuk cek ke ATM gaji saya, mungkin, mungkin saat itu komplikasi dari saya lelah seharian di sekolah sampai jam 4 ditambah obat anti depresi dan psychotic saya minum bolong (sehari-3 hari lupa minum) saya kurang konsentrasi dan saat itu saya ingat sekali saya kena tunnel vision saat berkendara, tidak memperhatikan belakang dan berhenti ditengah mendadak dengan lampu sen menyala terlambat, akibatnya mobil elf tambang hampir menabrak saya. 
namun Tuhan berkata lain dengan skill si sopir dia berhasil berhenti mendadak tapi alhasil seorang pengendara lain seorang dishub menghantam bagian belakang. Syukurnya dia baik baik saja tapi bagian depan motor kaca lampu dan aksesorisnya lepas dan pecah. Singkat cerita kami setuju bertiga uang Damai berupa perbaikan motor dishub saya sama sopir elf split biaya untuk perbaiki motor si pak dishub besok. Setelah itu saya wd 1500k untuk siap siap besok. 
Saya pulang sambil pasang wajah poker face ke keluarga semuanya baik baik saja. Saya mau nangis tapi takut ketahuan dan kena marah besar dan repotin keluarga. Do'akan saya komodos semoga besok lancar saja.",https://www.reddit.com/r/indonesia/comments/1guv8wk/hampir_mati_konyol_pas_ngambil_gaji_pertama/,post,cultural_signals,saya dapat juga gaji honorer saya setelah 4 bukan(3.700.000),Concepts,,,
Indonesia,1guv8wk,"Hampir mati konyol pas ngambil gaji pertama 
Hi komodos ! Jadi akhirnya saya dapat juga gaji honorer saya setelah 4 bukan(3.700.000)So sore tadi selepas selesai latihan Google school training saya pulang terus sekitar jam 6 saya berangkat untuk cek ke ATM gaji saya, mungkin, mungkin saat itu komplikasi dari saya lelah seharian di sekolah sampai jam 4 ditambah obat anti depresi dan psychotic saya minum bolong (sehari-3 hari lupa minum) saya kurang konsentrasi dan saat itu saya ingat sekali saya kena tunnel vision saat berkendara, tidak memperhatikan belakang dan berhenti ditengah mendadak dengan lampu sen menyala terlambat, akibatnya mobil elf tambang hampir menabrak saya. 
namun Tuhan berkata lain dengan skill si sopir dia berhasil berhenti mendadak tapi alhasil seorang pengendara lain seorang dishub menghantam bagian belakang. Syukurnya dia baik baik saja tapi bagian depan motor kaca lampu dan aksesorisnya lepas dan pecah. Singkat cerita kami setuju bertiga uang Damai berupa perbaikan motor dishub saya sama sopir elf split biaya untuk perbaiki motor si pak dishub besok. Setelah itu saya wd 1500k untuk siap siap besok. 
Saya pulang sambil pasang wajah poker face ke keluarga semuanya baik baik saja. Saya mau nangis tapi takut ketahuan dan kena marah besar dan repotin keluarga. Do'akan saya komodos semoga besok lancar saja.",https://www.reddit.com/r/indonesia/comments/1guv8wk/hampir_mati_konyol_pas_ngambil_gaji_pertama/,post,cultural_signals,tapi takut ketahuan dan kena marah besar dan repotin keluarga.,Norms and Morals,,,
Indonesia,1guv8wk,"Hampir mati konyol pas ngambil gaji pertama 
Hi komodos ! Jadi akhirnya saya dapat juga gaji honorer saya setelah 4 bukan(3.700.000)So sore tadi selepas selesai latihan Google school training saya pulang terus sekitar jam 6 saya berangkat untuk cek ke ATM gaji saya, mungkin, mungkin saat itu komplikasi dari saya lelah seharian di sekolah sampai jam 4 ditambah obat anti depresi dan psychotic saya minum bolong (sehari-3 hari lupa minum) saya kurang konsentrasi dan saat itu saya ingat sekali saya kena tunnel vision saat berkendara, tidak memperhatikan belakang dan berhenti ditengah mendadak dengan lampu sen menyala terlambat, akibatnya mobil elf tambang hampir menabrak saya. 
namun Tuhan berkata lain dengan skill si sopir dia berhasil berhenti mendadak tapi alhasil seorang pengendara lain seorang dishub menghantam bagian belakang. Syukurnya dia baik baik saja tapi bagian depan motor kaca lampu dan aksesorisnya lepas dan pecah. Singkat cerita kami setuju bertiga uang Damai berupa perbaikan motor dishub saya sama sopir elf split biaya untuk perbaiki motor si pak dishub besok. Setelah itu saya wd 1500k untuk siap siap besok. 
Saya pulang sambil pasang wajah poker face ke keluarga semuanya baik baik saja. Saya mau nangis tapi takut ketahuan dan kena marah besar dan repotin keluarga. Do'akan saya komodos semoga besok lancar saja.",https://www.reddit.com/r/indonesia/comments/1guv8wk/hampir_mati_konyol_pas_ngambil_gaji_pertama/,post,emotional_distress,Saya pulang sambil pasang wajah poker face ke keluarga semuanya baik baik saja. Saya mau nangis,,high,,
Indonesia,1guv8wk,"Hampir mati konyol pas ngambil gaji pertama 
Hi komodos ! Jadi akhirnya saya dapat juga gaji honorer saya setelah 4 bukan(3.700.000)So sore tadi selepas selesai latihan Google school training saya pulang terus sekitar jam 6 saya berangkat untuk cek ke ATM gaji saya, mungkin, mungkin saat itu komplikasi dari saya lelah seharian di sekolah sampai jam 4 ditambah obat anti depresi dan psychotic saya minum bolong (sehari-3 hari lupa minum) saya kurang konsentrasi dan saat itu saya ingat sekali saya kena tunnel vision saat berkendara, tidak memperhatikan belakang dan berhenti ditengah mendadak dengan lampu sen menyala terlambat, akibatnya mobil elf tambang hampir menabrak saya. 
namun Tuhan berkata lain dengan skill si sopir dia berhasil berhenti mendadak tapi alhasil seorang pengendara lain seorang dishub menghantam bagian belakang. Syukurnya dia baik baik saja tapi bagian depan motor kaca lampu dan aksesorisnya lepas dan pecah. Singkat cerita kami setuju bertiga uang Damai berupa perbaikan motor dishub saya sama sopir elf split biaya untuk perbaiki motor si pak dishub besok. Setelah itu saya wd 1500k untuk siap siap besok. 
Saya pulang sambil pasang wajah poker face ke keluarga semuanya baik baik saja. Saya mau nangis tapi takut ketahuan dan kena marah besar dan repotin keluarga. Do'akan saya komodos semoga besok lancar saja.",https://www.reddit.com/r/indonesia/comments/1guv8wk/hampir_mati_konyol_pas_ngambil_gaji_pertama/,response,cultural_signals,"On the not so positive note, gaji pertama langsung ludes",Languange,,,
Indonesia,1guv8wk,"Hampir mati konyol pas ngambil gaji pertama 
Hi komodos ! Jadi akhirnya saya dapat juga gaji honorer saya setelah 4 bukan(3.700.000)So sore tadi selepas selesai latihan Google school training saya pulang terus sekitar jam 6 saya berangkat untuk cek ke ATM gaji saya, mungkin, mungkin saat itu komplikasi dari saya lelah seharian di sekolah sampai jam 4 ditambah obat anti depresi dan psychotic saya minum bolong (sehari-3 hari lupa minum) saya kurang konsentrasi dan saat itu saya ingat sekali saya kena tunnel vision saat berkendara, tidak memperhatikan belakang dan berhenti ditengah mendadak dengan lampu sen menyala terlambat, akibatnya mobil elf tambang hampir menabrak saya. 
namun Tuhan berkata lain dengan skill si sopir dia berhasil berhenti mendadak tapi alhasil seorang pengendara lain seorang dishub menghantam bagian belakang. Syukurnya dia baik baik saja tapi bagian depan motor kaca lampu dan aksesorisnya lepas dan pecah. Singkat cerita kami setuju bertiga uang Damai berupa perbaikan motor dishub saya sama sopir elf split biaya untuk perbaiki motor si pak dishub besok. Setelah itu saya wd 1500k untuk siap siap besok. 
Saya pulang sambil pasang wajah poker face ke keluarga semuanya baik baik saja. Saya mau nangis tapi takut ketahuan dan kena marah besar dan repotin keluarga. Do'akan saya komodos semoga besok lancar saja.",https://www.reddit.com/r/indonesia/comments/1guv8wk/hampir_mati_konyol_pas_ngambil_gaji_pertama/,response,emotional_support,Happy you're okay and still with us!,,,Affirmation and Reassurance,
Indonesia,1guv8wk,"Hampir mati konyol pas ngambil gaji pertama 
Hi komodos ! Jadi akhirnya saya dapat juga gaji honorer saya setelah 4 bukan(3.700.000)So sore tadi selepas selesai latihan Google school training saya pulang terus sekitar jam 6 saya berangkat untuk cek ke ATM gaji saya, mungkin, mungkin saat itu komplikasi dari saya lelah seharian di sekolah sampai jam 4 ditambah obat anti depresi dan psychotic saya minum bolong (sehari-3 hari lupa minum) saya kurang konsentrasi dan saat itu saya ingat sekali saya kena tunnel vision saat berkendara, tidak memperhatikan belakang dan berhenti ditengah mendadak dengan lampu sen menyala terlambat, akibatnya mobil elf tambang hampir menabrak saya. 
namun Tuhan berkata lain dengan skill si sopir dia berhasil berhenti mendadak tapi alhasil seorang pengendara lain seorang dishub menghantam bagian belakang. Syukurnya dia baik baik saja tapi bagian depan motor kaca lampu dan aksesorisnya lepas dan pecah. Singkat cerita kami setuju bertiga uang Damai berupa perbaikan motor dishub saya sama sopir elf split biaya untuk perbaiki motor si pak dishub besok. Setelah itu saya wd 1500k untuk siap siap besok. 
Saya pulang sambil pasang wajah poker face ke keluarga semuanya baik baik saja. Saya mau nangis tapi takut ketahuan dan kena marah besar dan repotin keluarga. Do'akan saya komodos semoga besok lancar saja.",https://www.reddit.com/r/indonesia/comments/1guv8wk/hampir_mati_konyol_pas_ngambil_gaji_pertama/,response,cultural_signals,Luckily you won't get your turn to be an isekai protagonist yet.,Concepts,,,
Indonesia,1guv8wk,"Hampir mati konyol pas ngambil gaji pertama 
Hi komodos ! Jadi akhirnya saya dapat juga gaji honorer saya setelah 4 bukan(3.700.000)So sore tadi selepas selesai latihan Google school training saya pulang terus sekitar jam 6 saya berangkat untuk cek ke ATM gaji saya, mungkin, mungkin saat itu komplikasi dari saya lelah seharian di sekolah sampai jam 4 ditambah obat anti depresi dan psychotic saya minum bolong (sehari-3 hari lupa minum) saya kurang konsentrasi dan saat itu saya ingat sekali saya kena tunnel vision saat berkendara, tidak memperhatikan belakang dan berhenti ditengah mendadak dengan lampu sen menyala terlambat, akibatnya mobil elf tambang hampir menabrak saya. 
namun Tuhan berkata lain dengan skill si sopir dia berhasil berhenti mendadak tapi alhasil seorang pengendara lain seorang dishub menghantam bagian belakang. Syukurnya dia baik baik saja tapi bagian depan motor kaca lampu dan aksesorisnya lepas dan pecah. Singkat cerita kami setuju bertiga uang Damai berupa perbaikan motor dishub saya sama sopir elf split biaya untuk perbaiki motor si pak dishub besok. Setelah itu saya wd 1500k untuk siap siap besok. 
Saya pulang sambil pasang wajah poker face ke keluarga semuanya baik baik saja. Saya mau nangis tapi takut ketahuan dan kena marah besar dan repotin keluarga. Do'akan saya komodos semoga besok lancar saja.",https://www.reddit.com/r/indonesia/comments/1guv8wk/hampir_mati_konyol_pas_ngambil_gaji_pertama/,response,emphaty_score,,,,,3 (moderately empathetic)
Indonesia,1guv8wk,"Hampir mati konyol pas ngambil gaji pertama 
Hi komodos ! Jadi akhirnya saya dapat juga gaji honorer saya setelah 4 bukan(3.700.000)So sore tadi selepas selesai latihan Google school training saya pulang terus sekitar jam 6 saya berangkat untuk cek ke ATM gaji saya, mungkin, mungkin saat itu komplikasi dari saya lelah seharian di sekolah sampai jam 4 ditambah obat anti depresi dan psychotic saya minum bolong (sehari-3 hari lupa minum) saya kurang konsentrasi dan saat itu saya ingat sekali saya kena tunnel vision saat berkendara, tidak memperhatikan belakang dan berhenti ditengah mendadak dengan lampu sen menyala terlambat, akibatnya mobil elf tambang hampir menabrak saya. 
namun Tuhan berkata lain dengan skill si sopir dia berhasil berhenti mendadak tapi alhasil seorang pengendara lain seorang dishub menghantam bagian belakang. Syukurnya dia baik baik saja tapi bagian depan motor kaca lampu dan aksesorisnya lepas dan pecah. Singkat cerita kami setuju bertiga uang Damai berupa perbaikan motor dishub saya sama sopir elf split biaya untuk perbaiki motor si pak dishub besok. Setelah itu saya wd 1500k untuk siap siap besok. 
Saya pulang sambil pasang wajah poker face ke keluarga semuanya baik baik saja. Saya mau nangis tapi takut ketahuan dan kena marah besar dan repotin keluarga. Do'akan saya komodos semoga besok lancar saja.",https://www.reddit.com/r/indonesia/comments/1guv8wk/hampir_mati_konyol_pas_ngambil_gaji_pertama/,post,emotional_distress,mungkin saat itu komplikasi dari saya lelah seharian di sekolah sampai jam 4 ditambah obat anti depresi dan psychotic saya minum bolong (sehari-3 hari lupa minum) saya kurang konsentrasi,,light,,
Indonesia,1guv8wk,"Hampir mati konyol pas ngambil gaji pertama 
Hi komodos ! Jadi akhirnya saya dapat juga gaji honorer saya setelah 4 bukan(3.700.000)So sore tadi selepas selesai latihan Google school training saya pulang terus sekitar jam 6 saya berangkat untuk cek ke ATM gaji saya, mungkin, mungkin saat itu komplikasi dari saya lelah seharian di sekolah sampai jam 4 ditambah obat anti depresi dan psychotic saya minum bolong (sehari-3 hari lupa minum) saya kurang konsentrasi dan saat itu saya ingat sekali saya kena tunnel vision saat berkendara, tidak memperhatikan belakang dan berhenti ditengah mendadak dengan lampu sen menyala terlambat, akibatnya mobil elf tambang hampir menabrak saya. 
namun Tuhan berkata lain dengan skill si sopir dia berhasil berhenti mendadak tapi alhasil seorang pengendara lain seorang dishub menghantam bagian belakang. Syukurnya dia baik baik saja tapi bagian depan motor kaca lampu dan aksesorisnya lepas dan pecah. Singkat cerita kami setuju bertiga uang Damai berupa perbaikan motor dishub saya sama sopir elf split biaya untuk perbaiki motor si pak dishub besok. Setelah itu saya wd 1500k untuk siap siap besok. 
Saya pulang sambil pasang wajah poker face ke keluarga semuanya baik baik saja. Saya mau nangis tapi takut ketahuan dan kena marah besar dan repotin keluarga. Do'akan saya komodos semoga besok lancar saja.",https://www.reddit.com/r/indonesia/comments/1guv8wk/hampir_mati_konyol_pas_ngambil_gaji_pertama/,post,cultural_signals,tapi takut ketahuan dan kena marah besar dan repotin keluarga.,Norms and Morals,,,
Indonesia,1guv8wk,"Hampir mati konyol pas ngambil gaji pertama 
Hi komodos ! Jadi akhirnya saya dapat juga gaji honorer saya setelah 4 bukan(3.700.000)So sore tadi selepas selesai latihan Google school training saya pulang terus sekitar jam 6 saya berangkat untuk cek ke ATM gaji saya, mungkin, mungkin saat itu komplikasi dari saya lelah seharian di sekolah sampai jam 4 ditambah obat anti depresi dan psychotic saya minum bolong (sehari-3 hari lupa minum) saya kurang konsentrasi dan saat itu saya ingat sekali saya kena tunnel vision saat berkendara, tidak memperhatikan belakang dan berhenti ditengah mendadak dengan lampu sen menyala terlambat, akibatnya mobil elf tambang hampir menabrak saya. 
namun Tuhan berkata lain dengan skill si sopir dia berhasil berhenti mendadak tapi alhasil seorang pengendara lain seorang dishub menghantam bagian belakang. Syukurnya dia baik baik saja tapi bagian depan motor kaca lampu dan aksesorisnya lepas dan pecah. Singkat cerita kami setuju bertiga uang Damai berupa perbaikan motor dishub saya sama sopir elf split biaya untuk perbaiki motor si pak dishub besok. Setelah itu saya wd 1500k untuk siap siap besok. 
Saya pulang sambil pasang wajah poker face ke keluarga semuanya baik baik saja. Saya mau nangis tapi takut ketahuan dan kena marah besar dan repotin keluarga. Do'akan saya komodos semoga besok lancar saja.",https://www.reddit.com/r/indonesia/comments/1guv8wk/hampir_mati_konyol_pas_ngambil_gaji_pertama/,response,emotional_support,"Happy you're okay and still with us!,

On the plus side, you're still alive!",,,Affirmation and Reassurance,
Indonesia,eumekq,"Childhood Trauma causing me can't make a decision. 
I'm sorry guys i just need to share or get this shit out of my mind. 
My Mom is a deadly serious person, her character is strict as fuck. meanwhile my Dad is a working man, so he barely even present at home. 
Since a kid, my Mom keep telling her childs to do this and that with a strict criteria, even when we put a fucking spoon and fork facing upside or we missplaced each other she will yell as loud as she can. 
Everything happen at our house is depending on what she want, we just can't have our own world, everything must be in the perfect place. 
Now that i'm a grown men, i have to face so many options which i need to decide which option i'm gonna choose. it was always allright untill i'm gonna finish Uni and need to start my side business and choose what i'm gonna do after Uni. 
Turn out, i was always pick the safest option which never take me to upper level of my life. But i never realize it, because i always think what i chose is the best option because of the advantages. 
God Damnit! 
Do you guys have any tips or some of you have the same problem like mine? 
",https://www.reddit.com/r/indonesia/comments/eumekq/childhood_trauma_causing_me_cant_make_a_decision/,post,cultural_signals,"My Mom is a deadly serious person, her character is strict as fuck. meanwhile my Dad is a working man, so he barely even present at home.",Norms and Morals,,,
Indonesia,eumekq,"Childhood Trauma causing me can't make a decision. 
I'm sorry guys i just need to share or get this shit out of my mind. 
My Mom is a deadly serious person, her character is strict as fuck. meanwhile my Dad is a working man, so he barely even present at home. 
Since a kid, my Mom keep telling her childs to do this and that with a strict criteria, even when we put a fucking spoon and fork facing upside or we missplaced each other she will yell as loud as she can. 
Everything happen at our house is depending on what she want, we just can't have our own world, everything must be in the perfect place. 
Now that i'm a grown men, i have to face so many options which i need to decide which option i'm gonna choose. it was always allright untill i'm gonna finish Uni and need to start my side business and choose what i'm gonna do after Uni. 
Turn out, i was always pick the safest option which never take me to upper level of my life. But i never realize it, because i always think what i chose is the best option because of the advantages. 
God Damnit! 
Do you guys have any tips or some of you have the same problem like mine? 
",https://www.reddit.com/r/indonesia/comments/eumekq/childhood_trauma_causing_me_cant_make_a_decision/,post,cultural_signals,"Since a kid, my Mom keep telling her childs to do this and that with a strict criteria, even when we put a fucking spoon and fork facing upside or we missplaced each other she will yell as loud as she can.",Norms and Morals,,,
Indonesia,eumekq,"Childhood Trauma causing me can't make a decision. 
I'm sorry guys i just need to share or get this shit out of my mind. 
My Mom is a deadly serious person, her character is strict as fuck. meanwhile my Dad is a working man, so he barely even present at home. 
Since a kid, my Mom keep telling her childs to do this and that with a strict criteria, even when we put a fucking spoon and fork facing upside or we missplaced each other she will yell as loud as she can. 
Everything happen at our house is depending on what she want, we just can't have our own world, everything must be in the perfect place. 
Now that i'm a grown men, i have to face so many options which i need to decide which option i'm gonna choose. it was always allright untill i'm gonna finish Uni and need to start my side business and choose what i'm gonna do after Uni. 
Turn out, i was always pick the safest option which never take me to upper level of my life. But i never realize it, because i always think what i chose is the best option because of the advantages. 
God Damnit! 
Do you guys have any tips or some of you have the same problem like mine? 
",https://www.reddit.com/r/indonesia/comments/eumekq/childhood_trauma_causing_me_cant_make_a_decision/,post,emotional_distress,I'm sorry guys i just need to share or get this shit out of my mind.,,moderate,,
Indonesia,eumekq,"Childhood Trauma causing me can't make a decision. 
I'm sorry guys i just need to share or get this shit out of my mind. 
My Mom is a deadly serious person, her character is strict as fuck. meanwhile my Dad is a working man, so he barely even present at home. 
Since a kid, my Mom keep telling her childs to do this and that with a strict criteria, even when we put a fucking spoon and fork facing upside or we missplaced each other she will yell as loud as she can. 
Everything happen at our house is depending on what she want, we just can't have our own world, everything must be in the perfect place. 
Now that i'm a grown men, i have to face so many options which i need to decide which option i'm gonna choose. it was always allright untill i'm gonna finish Uni and need to start my side business and choose what i'm gonna do after Uni. 
Turn out, i was always pick the safest option which never take me to upper level of my life. But i never realize it, because i always think what i chose is the best option because of the advantages. 
God Damnit! 
Do you guys have any tips or some of you have the same problem like mine? 
",https://www.reddit.com/r/indonesia/comments/eumekq/childhood_trauma_causing_me_cant_make_a_decision/,post,emotional_distress,"Turn out, i was always pick the safest option which never take me to upper level of my life. But i never realize it, because i always think what i chose is the best option because of the advantages. 

God Damnit!",,moderate,,
Indonesia,eumekq,"Childhood Trauma causing me can't make a decision. 
I'm sorry guys i just need to share or get this shit out of my mind. 
My Mom is a deadly serious person, her character is strict as fuck. meanwhile my Dad is a working man, so he barely even present at home. 
Since a kid, my Mom keep telling her childs to do this and that with a strict criteria, even when we put a fucking spoon and fork facing upside or we missplaced each other she will yell as loud as she can. 
Everything happen at our house is depending on what she want, we just can't have our own world, everything must be in the perfect place. 
Now that i'm a grown men, i have to face so many options which i need to decide which option i'm gonna choose. it was always allright untill i'm gonna finish Uni and need to start my side business and choose what i'm gonna do after Uni. 
Turn out, i was always pick the safest option which never take me to upper level of my life. But i never realize it, because i always think what i chose is the best option because of the advantages. 
God Damnit! 
Do you guys have any tips or some of you have the same problem like mine? 
",https://www.reddit.com/r/indonesia/comments/eumekq/childhood_trauma_causing_me_cant_make_a_decision/,response,emotional_support,"One thing that I have been noticing is that a lot of our people tend to show a lower score in decision making, especially if you are or do: 

Still young, in your early to middle 20s 

Live with your parents during college or your early adulthood 

Single and / or currently have no permanent job (NEET) 

Come from a community that values harmony (e.g. Javanese community), especially from a homogenous one",,,Information,
Indonesia,eumekq,"Childhood Trauma causing me can't make a decision. 
I'm sorry guys i just need to share or get this shit out of my mind. 
My Mom is a deadly serious person, her character is strict as fuck. meanwhile my Dad is a working man, so he barely even present at home. 
Since a kid, my Mom keep telling her childs to do this and that with a strict criteria, even when we put a fucking spoon and fork facing upside or we missplaced each other she will yell as loud as she can. 
Everything happen at our house is depending on what she want, we just can't have our own world, everything must be in the perfect place. 
Now that i'm a grown men, i have to face so many options which i need to decide which option i'm gonna choose. it was always allright untill i'm gonna finish Uni and need to start my side business and choose what i'm gonna do after Uni. 
Turn out, i was always pick the safest option which never take me to upper level of my life. But i never realize it, because i always think what i chose is the best option because of the advantages. 
God Damnit! 
Do you guys have any tips or some of you have the same problem like mine? 
",https://www.reddit.com/r/indonesia/comments/eumekq/childhood_trauma_causing_me_cant_make_a_decision/,response,cultural_signals,"I tried to connect the dots, and I came into the this conclusion. For point 1, 2, and 3: indecisiveness come because of the lack of responsibility",Knowledge,,,
Indonesia,eumekq,"Childhood Trauma causing me can't make a decision. 
I'm sorry guys i just need to share or get this shit out of my mind. 
My Mom is a deadly serious person, her character is strict as fuck. meanwhile my Dad is a working man, so he barely even present at home. 
Since a kid, my Mom keep telling her childs to do this and that with a strict criteria, even when we put a fucking spoon and fork facing upside or we missplaced each other she will yell as loud as she can. 
Everything happen at our house is depending on what she want, we just can't have our own world, everything must be in the perfect place. 
Now that i'm a grown men, i have to face so many options which i need to decide which option i'm gonna choose. it was always allright untill i'm gonna finish Uni and need to start my side business and choose what i'm gonna do after Uni. 
Turn out, i was always pick the safest option which never take me to upper level of my life. But i never realize it, because i always think what i chose is the best option because of the advantages. 
God Damnit! 
Do you guys have any tips or some of you have the same problem like mine? 
",https://www.reddit.com/r/indonesia/comments/eumekq/childhood_trauma_causing_me_cant_make_a_decision/,response,emotional_support,"So, if you want to be able to ""pick more options which might take you to more opportunities"", then you will want to--and need to--take more responsibilities.",,,Providing Suggestions,
Indonesia,eumekq,"Childhood Trauma causing me can't make a decision. 
I'm sorry guys i just need to share or get this shit out of my mind. 
My Mom is a deadly serious person, her character is strict as fuck. meanwhile my Dad is a working man, so he barely even present at home. 
Since a kid, my Mom keep telling her childs to do this and that with a strict criteria, even when we put a fucking spoon and fork facing upside or we missplaced each other she will yell as loud as she can. 
Everything happen at our house is depending on what she want, we just can't have our own world, everything must be in the perfect place. 
Now that i'm a grown men, i have to face so many options which i need to decide which option i'm gonna choose. it was always allright untill i'm gonna finish Uni and need to start my side business and choose what i'm gonna do after Uni. 
Turn out, i was always pick the safest option which never take me to upper level of my life. But i never realize it, because i always think what i chose is the best option because of the advantages. 
God Damnit! 
Do you guys have any tips or some of you have the same problem like mine? 
",https://www.reddit.com/r/indonesia/comments/eumekq/childhood_trauma_causing_me_cant_make_a_decision/,response,cultural_signals,"If you are in your mid to late 20s or older, have lived far from your parents once, have married, and come from a heterogeneous community or a background that values assertiveness (e.g. Jakarta or Batak), then you are more likely to be faster to make a decision.",Concepts,,,
Indonesia,eumekq,"Childhood Trauma causing me can't make a decision. 
I'm sorry guys i just need to share or get this shit out of my mind. 
My Mom is a deadly serious person, her character is strict as fuck. meanwhile my Dad is a working man, so he barely even present at home. 
Since a kid, my Mom keep telling her childs to do this and that with a strict criteria, even when we put a fucking spoon and fork facing upside or we missplaced each other she will yell as loud as she can. 
Everything happen at our house is depending on what she want, we just can't have our own world, everything must be in the perfect place. 
Now that i'm a grown men, i have to face so many options which i need to decide which option i'm gonna choose. it was always allright untill i'm gonna finish Uni and need to start my side business and choose what i'm gonna do after Uni. 
Turn out, i was always pick the safest option which never take me to upper level of my life. But i never realize it, because i always think what i chose is the best option because of the advantages. 
God Damnit! 
Do you guys have any tips or some of you have the same problem like mine? 
",https://www.reddit.com/r/indonesia/comments/eumekq/childhood_trauma_causing_me_cant_make_a_decision/,response,emotional_support,"The fact that you tend to take such ""safest option"" can also mean that you deliberately (or unconsciously) avoid risks, responsibilities, and uncertainties",,,Restatement or Paraphrasing,
Indonesia,eumekq,"Childhood Trauma causing me can't make a decision. 
I'm sorry guys i just need to share or get this shit out of my mind. 
My Mom is a deadly serious person, her character is strict as fuck. meanwhile my Dad is a working man, so he barely even present at home. 
Since a kid, my Mom keep telling her childs to do this and that with a strict criteria, even when we put a fucking spoon and fork facing upside or we missplaced each other she will yell as loud as she can. 
Everything happen at our house is depending on what she want, we just can't have our own world, everything must be in the perfect place. 
Now that i'm a grown men, i have to face so many options which i need to decide which option i'm gonna choose. it was always allright untill i'm gonna finish Uni and need to start my side business and choose what i'm gonna do after Uni. 
Turn out, i was always pick the safest option which never take me to upper level of my life. But i never realize it, because i always think what i chose is the best option because of the advantages. 
God Damnit! 
Do you guys have any tips or some of you have the same problem like mine? 
",https://www.reddit.com/r/indonesia/comments/eumekq/childhood_trauma_causing_me_cant_make_a_decision/,response,cultural_signals,"Your strict mother might have something to do with it, since it leads you to perceive the environment as ""hostile"" (namely,'you will get criticized or scolded for making mistakes), which leads you to take the, well, the safest option.",Norms and Morals,,,
Indonesia,eumekq,"Childhood Trauma causing me can't make a decision. 
I'm sorry guys i just need to share or get this shit out of my mind. 
My Mom is a deadly serious person, her character is strict as fuck. meanwhile my Dad is a working man, so he barely even present at home. 
Since a kid, my Mom keep telling her childs to do this and that with a strict criteria, even when we put a fucking spoon and fork facing upside or we missplaced each other she will yell as loud as she can. 
Everything happen at our house is depending on what she want, we just can't have our own world, everything must be in the perfect place. 
Now that i'm a grown men, i have to face so many options which i need to decide which option i'm gonna choose. it was always allright untill i'm gonna finish Uni and need to start my side business and choose what i'm gonna do after Uni. 
Turn out, i was always pick the safest option which never take me to upper level of my life. But i never realize it, because i always think what i chose is the best option because of the advantages. 
God Damnit! 
Do you guys have any tips or some of you have the same problem like mine? 
",https://www.reddit.com/r/indonesia/comments/eumekq/childhood_trauma_causing_me_cant_make_a_decision/,response,emphaty_score,,,,,3 (moderately empathetic)
Indonesia,1o55vku,"""Kena tipu"" transaksi HP lewat e-commerce 
Mau minta pendapat disini, siapa tau ada yang lebih berpengalaman dan rasional karena gue ngerasa hopeless. Gue baru aja transaksi beli HP Second di salah satu e-commerce dengan nominal yang gak sedikit yaitu 9,9juta. Awalnya dapet dari FB dan kita udah video call sebelum itu dan penjual nunjukin singkat kaya kamera, touchscreen, baterai. Dari awal, penjual nge-state kalau ""layar gak pernah diganti"" ""semua fungsi normal"". 
Tapi, waktu hp datang, emang at first look gaada yang salah, set up HP aman dan gue keburu klik pesanan diterima. Ternyata beberapa jam setelah itu, gue baru nyadar layar nya agak lemot, dan bezel bawah lebih tebel, 120Hz ga aktif, gabisa auto-brightness dimana itu tanda kalau layar udah pernah diganti. Gue confront ke penjual tapi si penjual tetep kekeh kalau HP nya belum pernah ganti layar. 
Hari ini gue confront lagi dan memutuskan untuk ngajak ketemu. Dia tetep kekeuh kalau itu sudah sesuai apa yang dia bilang di awal dan sesuai ""akad"" (dimana akad yang dimaksud adalah gue udah klik terima pesanan). Penjual setuju buat ketemu dan nyaranin di kantor shopee daerah Tebet. Penjual ngasih syarat kalau mau ketemuan, gue harus ngebayarin uang dia karena harus izin kerja. Gue posisi sebagai mahasiswa di Bandung dengan gaada kenalan siapa-siapa. 
Menurut kalian, wise gak kalau gue minta buat ketemuan sama penjual? Jujur di posisi bingung apakah harus iyain aja atau lebih hati-hati mau ketemuan.",https://www.reddit.com/r/indonesia/comments/1o55vku/kena_tipu_transaksi_hp_lewat_ecommerce/,post,emotional_distress,"Mau minta pendapat disini, siapa tau ada yang lebih berpengalaman dan rasional karena gue ngerasa hopeless.",,moderate,,
Indonesia,1o55vku,"""Kena tipu"" transaksi HP lewat e-commerce 
Mau minta pendapat disini, siapa tau ada yang lebih berpengalaman dan rasional karena gue ngerasa hopeless. Gue baru aja transaksi beli HP Second di salah satu e-commerce dengan nominal yang gak sedikit yaitu 9,9juta. Awalnya dapet dari FB dan kita udah video call sebelum itu dan penjual nunjukin singkat kaya kamera, touchscreen, baterai. Dari awal, penjual nge-state kalau ""layar gak pernah diganti"" ""semua fungsi normal"". 
Tapi, waktu hp datang, emang at first look gaada yang salah, set up HP aman dan gue keburu klik pesanan diterima. Ternyata beberapa jam setelah itu, gue baru nyadar layar nya agak lemot, dan bezel bawah lebih tebel, 120Hz ga aktif, gabisa auto-brightness dimana itu tanda kalau layar udah pernah diganti. Gue confront ke penjual tapi si penjual tetep kekeh kalau HP nya belum pernah ganti layar. 
Hari ini gue confront lagi dan memutuskan untuk ngajak ketemu. Dia tetep kekeuh kalau itu sudah sesuai apa yang dia bilang di awal dan sesuai ""akad"" (dimana akad yang dimaksud adalah gue udah klik terima pesanan). Penjual setuju buat ketemu dan nyaranin di kantor shopee daerah Tebet. Penjual ngasih syarat kalau mau ketemuan, gue harus ngebayarin uang dia karena harus izin kerja. Gue posisi sebagai mahasiswa di Bandung dengan gaada kenalan siapa-siapa. 
Menurut kalian, wise gak kalau gue minta buat ketemuan sama penjual? Jujur di posisi bingung apakah harus iyain aja atau lebih hati-hati mau ketemuan.",https://www.reddit.com/r/indonesia/comments/1o55vku/kena_tipu_transaksi_hp_lewat_ecommerce/,post,cultural_signals,"gue baru nyadar layar nya agak lemot, dan bezel bawah lebih tebel, 120Hz ga aktif, gabisa auto-brightness dimana itu tanda kalau layar udah pernah diganti.",Knowledge,,,
Indonesia,1o55vku,"""Kena tipu"" transaksi HP lewat e-commerce 
Mau minta pendapat disini, siapa tau ada yang lebih berpengalaman dan rasional karena gue ngerasa hopeless. Gue baru aja transaksi beli HP Second di salah satu e-commerce dengan nominal yang gak sedikit yaitu 9,9juta. Awalnya dapet dari FB dan kita udah video call sebelum itu dan penjual nunjukin singkat kaya kamera, touchscreen, baterai. Dari awal, penjual nge-state kalau ""layar gak pernah diganti"" ""semua fungsi normal"". 
Tapi, waktu hp datang, emang at first look gaada yang salah, set up HP aman dan gue keburu klik pesanan diterima. Ternyata beberapa jam setelah itu, gue baru nyadar layar nya agak lemot, dan bezel bawah lebih tebel, 120Hz ga aktif, gabisa auto-brightness dimana itu tanda kalau layar udah pernah diganti. Gue confront ke penjual tapi si penjual tetep kekeh kalau HP nya belum pernah ganti layar. 
Hari ini gue confront lagi dan memutuskan untuk ngajak ketemu. Dia tetep kekeuh kalau itu sudah sesuai apa yang dia bilang di awal dan sesuai ""akad"" (dimana akad yang dimaksud adalah gue udah klik terima pesanan). Penjual setuju buat ketemu dan nyaranin di kantor shopee daerah Tebet. Penjual ngasih syarat kalau mau ketemuan, gue harus ngebayarin uang dia karena harus izin kerja. Gue posisi sebagai mahasiswa di Bandung dengan gaada kenalan siapa-siapa. 
Menurut kalian, wise gak kalau gue minta buat ketemuan sama penjual? Jujur di posisi bingung apakah harus iyain aja atau lebih hati-hati mau ketemuan.",https://www.reddit.com/r/indonesia/comments/1o55vku/kena_tipu_transaksi_hp_lewat_ecommerce/,post,cultural_signals,"Dia tetep kekeuh kalau itu sudah sesuai apa yang dia bilang di awal dan sesuai ""akad"" (dimana akad yang dimaksud adalah gue udah klik terima pesanan).",Norms and Morals,,,
Indonesia,1o55vku,"""Kena tipu"" transaksi HP lewat e-commerce 
Mau minta pendapat disini, siapa tau ada yang lebih berpengalaman dan rasional karena gue ngerasa hopeless. Gue baru aja transaksi beli HP Second di salah satu e-commerce dengan nominal yang gak sedikit yaitu 9,9juta. Awalnya dapet dari FB dan kita udah video call sebelum itu dan penjual nunjukin singkat kaya kamera, touchscreen, baterai. Dari awal, penjual nge-state kalau ""layar gak pernah diganti"" ""semua fungsi normal"". 
Tapi, waktu hp datang, emang at first look gaada yang salah, set up HP aman dan gue keburu klik pesanan diterima. Ternyata beberapa jam setelah itu, gue baru nyadar layar nya agak lemot, dan bezel bawah lebih tebel, 120Hz ga aktif, gabisa auto-brightness dimana itu tanda kalau layar udah pernah diganti. Gue confront ke penjual tapi si penjual tetep kekeh kalau HP nya belum pernah ganti layar. 
Hari ini gue confront lagi dan memutuskan untuk ngajak ketemu. Dia tetep kekeuh kalau itu sudah sesuai apa yang dia bilang di awal dan sesuai ""akad"" (dimana akad yang dimaksud adalah gue udah klik terima pesanan). Penjual setuju buat ketemu dan nyaranin di kantor shopee daerah Tebet. Penjual ngasih syarat kalau mau ketemuan, gue harus ngebayarin uang dia karena harus izin kerja. Gue posisi sebagai mahasiswa di Bandung dengan gaada kenalan siapa-siapa. 
Menurut kalian, wise gak kalau gue minta buat ketemuan sama penjual? Jujur di posisi bingung apakah harus iyain aja atau lebih hati-hati mau ketemuan.",https://www.reddit.com/r/indonesia/comments/1o55vku/kena_tipu_transaksi_hp_lewat_ecommerce/,post,emotional_distress,Jujur di posisi bingung apakah harus iyain aja atau lebih hati-hati mau ketemuan.,,light,,
Indonesia,1o55vku,"""Kena tipu"" transaksi HP lewat e-commerce 
Mau minta pendapat disini, siapa tau ada yang lebih berpengalaman dan rasional karena gue ngerasa hopeless. Gue baru aja transaksi beli HP Second di salah satu e-commerce dengan nominal yang gak sedikit yaitu 9,9juta. Awalnya dapet dari FB dan kita udah video call sebelum itu dan penjual nunjukin singkat kaya kamera, touchscreen, baterai. Dari awal, penjual nge-state kalau ""layar gak pernah diganti"" ""semua fungsi normal"". 
Tapi, waktu hp datang, emang at first look gaada yang salah, set up HP aman dan gue keburu klik pesanan diterima. Ternyata beberapa jam setelah itu, gue baru nyadar layar nya agak lemot, dan bezel bawah lebih tebel, 120Hz ga aktif, gabisa auto-brightness dimana itu tanda kalau layar udah pernah diganti. Gue confront ke penjual tapi si penjual tetep kekeh kalau HP nya belum pernah ganti layar. 
Hari ini gue confront lagi dan memutuskan untuk ngajak ketemu. Dia tetep kekeuh kalau itu sudah sesuai apa yang dia bilang di awal dan sesuai ""akad"" (dimana akad yang dimaksud adalah gue udah klik terima pesanan). Penjual setuju buat ketemu dan nyaranin di kantor shopee daerah Tebet. Penjual ngasih syarat kalau mau ketemuan, gue harus ngebayarin uang dia karena harus izin kerja. Gue posisi sebagai mahasiswa di Bandung dengan gaada kenalan siapa-siapa. 
Menurut kalian, wise gak kalau gue minta buat ketemuan sama penjual? Jujur di posisi bingung apakah harus iyain aja atau lebih hati-hati mau ketemuan.",https://www.reddit.com/r/indonesia/comments/1o55vku/kena_tipu_transaksi_hp_lewat_ecommerce/,response,emotional_support,"
Bukannya setelah klik diterima masih bisa ajukan pengembalian ya?",,,Questions,
Indonesia,1o55vku,"""Kena tipu"" transaksi HP lewat e-commerce 
Mau minta pendapat disini, siapa tau ada yang lebih berpengalaman dan rasional karena gue ngerasa hopeless. Gue baru aja transaksi beli HP Second di salah satu e-commerce dengan nominal yang gak sedikit yaitu 9,9juta. Awalnya dapet dari FB dan kita udah video call sebelum itu dan penjual nunjukin singkat kaya kamera, touchscreen, baterai. Dari awal, penjual nge-state kalau ""layar gak pernah diganti"" ""semua fungsi normal"". 
Tapi, waktu hp datang, emang at first look gaada yang salah, set up HP aman dan gue keburu klik pesanan diterima. Ternyata beberapa jam setelah itu, gue baru nyadar layar nya agak lemot, dan bezel bawah lebih tebel, 120Hz ga aktif, gabisa auto-brightness dimana itu tanda kalau layar udah pernah diganti. Gue confront ke penjual tapi si penjual tetep kekeh kalau HP nya belum pernah ganti layar. 
Hari ini gue confront lagi dan memutuskan untuk ngajak ketemu. Dia tetep kekeuh kalau itu sudah sesuai apa yang dia bilang di awal dan sesuai ""akad"" (dimana akad yang dimaksud adalah gue udah klik terima pesanan). Penjual setuju buat ketemu dan nyaranin di kantor shopee daerah Tebet. Penjual ngasih syarat kalau mau ketemuan, gue harus ngebayarin uang dia karena harus izin kerja. Gue posisi sebagai mahasiswa di Bandung dengan gaada kenalan siapa-siapa. 
Menurut kalian, wise gak kalau gue minta buat ketemuan sama penjual? Jujur di posisi bingung apakah harus iyain aja atau lebih hati-hati mau ketemuan.",https://www.reddit.com/r/indonesia/comments/1o55vku/kena_tipu_transaksi_hp_lewat_ecommerce/,response,emotional_support,"Diajuin aja, ga usah lo repot2 ngomong sama penjual. Biar shopee tahan badan",,,Providing Suggestions,
Indonesia,1o55vku,"""Kena tipu"" transaksi HP lewat e-commerce 
Mau minta pendapat disini, siapa tau ada yang lebih berpengalaman dan rasional karena gue ngerasa hopeless. Gue baru aja transaksi beli HP Second di salah satu e-commerce dengan nominal yang gak sedikit yaitu 9,9juta. Awalnya dapet dari FB dan kita udah video call sebelum itu dan penjual nunjukin singkat kaya kamera, touchscreen, baterai. Dari awal, penjual nge-state kalau ""layar gak pernah diganti"" ""semua fungsi normal"". 
Tapi, waktu hp datang, emang at first look gaada yang salah, set up HP aman dan gue keburu klik pesanan diterima. Ternyata beberapa jam setelah itu, gue baru nyadar layar nya agak lemot, dan bezel bawah lebih tebel, 120Hz ga aktif, gabisa auto-brightness dimana itu tanda kalau layar udah pernah diganti. Gue confront ke penjual tapi si penjual tetep kekeh kalau HP nya belum pernah ganti layar. 
Hari ini gue confront lagi dan memutuskan untuk ngajak ketemu. Dia tetep kekeuh kalau itu sudah sesuai apa yang dia bilang di awal dan sesuai ""akad"" (dimana akad yang dimaksud adalah gue udah klik terima pesanan). Penjual setuju buat ketemu dan nyaranin di kantor shopee daerah Tebet. Penjual ngasih syarat kalau mau ketemuan, gue harus ngebayarin uang dia karena harus izin kerja. Gue posisi sebagai mahasiswa di Bandung dengan gaada kenalan siapa-siapa. 
Menurut kalian, wise gak kalau gue minta buat ketemuan sama penjual? Jujur di posisi bingung apakah harus iyain aja atau lebih hati-hati mau ketemuan.",https://www.reddit.com/r/indonesia/comments/1o55vku/kena_tipu_transaksi_hp_lewat_ecommerce/,response,emphaty_score,,,,,2 (slightly empathetic)
Indonesia,1o55vku,"""Kena tipu"" transaksi HP lewat e-commerce 
Mau minta pendapat disini, siapa tau ada yang lebih berpengalaman dan rasional karena gue ngerasa hopeless. Gue baru aja transaksi beli HP Second di salah satu e-commerce dengan nominal yang gak sedikit yaitu 9,9juta. Awalnya dapet dari FB dan kita udah video call sebelum itu dan penjual nunjukin singkat kaya kamera, touchscreen, baterai. Dari awal, penjual nge-state kalau ""layar gak pernah diganti"" ""semua fungsi normal"". 
Tapi, waktu hp datang, emang at first look gaada yang salah, set up HP aman dan gue keburu klik pesanan diterima. Ternyata beberapa jam setelah itu, gue baru nyadar layar nya agak lemot, dan bezel bawah lebih tebel, 120Hz ga aktif, gabisa auto-brightness dimana itu tanda kalau layar udah pernah diganti. Gue confront ke penjual tapi si penjual tetep kekeh kalau HP nya belum pernah ganti layar. 
Hari ini gue confront lagi dan memutuskan untuk ngajak ketemu. Dia tetep kekeuh kalau itu sudah sesuai apa yang dia bilang di awal dan sesuai ""akad"" (dimana akad yang dimaksud adalah gue udah klik terima pesanan). Penjual setuju buat ketemu dan nyaranin di kantor shopee daerah Tebet. Penjual ngasih syarat kalau mau ketemuan, gue harus ngebayarin uang dia karena harus izin kerja. Gue posisi sebagai mahasiswa di Bandung dengan gaada kenalan siapa-siapa. 
Menurut kalian, wise gak kalau gue minta buat ketemuan sama penjual? Jujur di posisi bingung apakah harus iyain aja atau lebih hati-hati mau ketemuan.",https://www.reddit.com/r/indonesia/comments/1o55vku/kena_tipu_transaksi_hp_lewat_ecommerce/,post,cultural_signals,"""akad"" (dimana akad yang dimaksud adalah gue udah klik terima pesanan)",Languange,,,
Indonesia,1o55vku,"""Kena tipu"" transaksi HP lewat e-commerce 
Mau minta pendapat disini, siapa tau ada yang lebih berpengalaman dan rasional karena gue ngerasa hopeless. Gue baru aja transaksi beli HP Second di salah satu e-commerce dengan nominal yang gak sedikit yaitu 9,9juta. Awalnya dapet dari FB dan kita udah video call sebelum itu dan penjual nunjukin singkat kaya kamera, touchscreen, baterai. Dari awal, penjual nge-state kalau ""layar gak pernah diganti"" ""semua fungsi normal"". 
Tapi, waktu hp datang, emang at first look gaada yang salah, set up HP aman dan gue keburu klik pesanan diterima. Ternyata beberapa jam setelah itu, gue baru nyadar layar nya agak lemot, dan bezel bawah lebih tebel, 120Hz ga aktif, gabisa auto-brightness dimana itu tanda kalau layar udah pernah diganti. Gue confront ke penjual tapi si penjual tetep kekeh kalau HP nya belum pernah ganti layar. 
Hari ini gue confront lagi dan memutuskan untuk ngajak ketemu. Dia tetep kekeuh kalau itu sudah sesuai apa yang dia bilang di awal dan sesuai ""akad"" (dimana akad yang dimaksud adalah gue udah klik terima pesanan). Penjual setuju buat ketemu dan nyaranin di kantor shopee daerah Tebet. Penjual ngasih syarat kalau mau ketemuan, gue harus ngebayarin uang dia karena harus izin kerja. Gue posisi sebagai mahasiswa di Bandung dengan gaada kenalan siapa-siapa. 
Menurut kalian, wise gak kalau gue minta buat ketemuan sama penjual? Jujur di posisi bingung apakah harus iyain aja atau lebih hati-hati mau ketemuan.",https://www.reddit.com/r/indonesia/comments/1o55vku/kena_tipu_transaksi_hp_lewat_ecommerce/,post,cultural_signals,Gue posisi sebagai mahasiswa di Bandung,Demogrpahics,,,
Indonesia,804qhg,"I hate living in a third-world country! 
I live in Indonesia, a Muslim-majority country. This country claims to be multicultural and diverse, but it's so hard because Muslim-majority oppresses the non-Muslim majority. Including me, an agnostic. Please read: 
This country is so backwards is so many ways. Economically, we don't have a lot of citizens with good education and skills. We are basically 40% uneducated people without job or skill. Socially, we are very close-minded, we are anti-LGBT, anti-interfaith relationships. The government don't pursue high quality education for the citizens. Politically, religion infiltrates every aspect of politicians leading the nation, to the point that Muslim voters will only vote for Muslim politicians that leads under Muslim rules when Indonesia is not a Muslim country! 
I am an open-minded person with international views and believes. I am currently pursuing higher education and plan to leave the country when I can because I can't stand living here. People are so dumb and they never want to learn to be better. 
People here don't care about knowledge. They don't care about scientific truths, they just want to protect their majority religion. I'm really scared that in a few years, if I can't get out of this country, it will turn to a Muslim country. I hate this country will every fiber of my being. I hate being born here. Since I was a little girl, I never agreed to most ideals that people of this country holds. I've always had a different view that doesn't align with the majority, mostly open-minded views.",https://www.reddit.com/r/Anxiety/comments/804qhg/i_hate_living_in_a_thirdworld_country/,post,emotional_distress,I hate living in a third-world country!,,moderate,,
Indonesia,804qhg,"I hate living in a third-world country! 
I live in Indonesia, a Muslim-majority country. This country claims to be multicultural and diverse, but it's so hard because Muslim-majority oppresses the non-Muslim majority. Including me, an agnostic. Please read: 
This country is so backwards is so many ways. Economically, we don't have a lot of citizens with good education and skills. We are basically 40% uneducated people without job or skill. Socially, we are very close-minded, we are anti-LGBT, anti-interfaith relationships. The government don't pursue high quality education for the citizens. Politically, religion infiltrates every aspect of politicians leading the nation, to the point that Muslim voters will only vote for Muslim politicians that leads under Muslim rules when Indonesia is not a Muslim country! 
I am an open-minded person with international views and believes. I am currently pursuing higher education and plan to leave the country when I can because I can't stand living here. People are so dumb and they never want to learn to be better. 
People here don't care about knowledge. They don't care about scientific truths, they just want to protect their majority religion. I'm really scared that in a few years, if I can't get out of this country, it will turn to a Muslim country. I hate this country will every fiber of my being. I hate being born here. Since I was a little girl, I never agreed to most ideals that people of this country holds. I've always had a different view that doesn't align with the majority, mostly open-minded views.",https://www.reddit.com/r/Anxiety/comments/804qhg/i_hate_living_in_a_thirdworld_country/,post,cultural_signals,"Socially, we are very close-minded, we are anti-LGBT, anti-interfaith relationships",Norms and Morals,,,
Indonesia,804qhg,"I hate living in a third-world country! 
I live in Indonesia, a Muslim-majority country. This country claims to be multicultural and diverse, but it's so hard because Muslim-majority oppresses the non-Muslim majority. Including me, an agnostic. Please read: 
This country is so backwards is so many ways. Economically, we don't have a lot of citizens with good education and skills. We are basically 40% uneducated people without job or skill. Socially, we are very close-minded, we are anti-LGBT, anti-interfaith relationships. The government don't pursue high quality education for the citizens. Politically, religion infiltrates every aspect of politicians leading the nation, to the point that Muslim voters will only vote for Muslim politicians that leads under Muslim rules when Indonesia is not a Muslim country! 
I am an open-minded person with international views and believes. I am currently pursuing higher education and plan to leave the country when I can because I can't stand living here. People are so dumb and they never want to learn to be better. 
People here don't care about knowledge. They don't care about scientific truths, they just want to protect their majority religion. I'm really scared that in a few years, if I can't get out of this country, it will turn to a Muslim country. I hate this country will every fiber of my being. I hate being born here. Since I was a little girl, I never agreed to most ideals that people of this country holds. I've always had a different view that doesn't align with the majority, mostly open-minded views.",https://www.reddit.com/r/Anxiety/comments/804qhg/i_hate_living_in_a_thirdworld_country/,post,cultural_signals,"Politically, religion infiltrates every aspect of politicians leading the nation,",Knowledge,,,
Indonesia,804qhg,"I hate living in a third-world country! 
I live in Indonesia, a Muslim-majority country. This country claims to be multicultural and diverse, but it's so hard because Muslim-majority oppresses the non-Muslim majority. Including me, an agnostic. Please read: 
This country is so backwards is so many ways. Economically, we don't have a lot of citizens with good education and skills. We are basically 40% uneducated people without job or skill. Socially, we are very close-minded, we are anti-LGBT, anti-interfaith relationships. The government don't pursue high quality education for the citizens. Politically, religion infiltrates every aspect of politicians leading the nation, to the point that Muslim voters will only vote for Muslim politicians that leads under Muslim rules when Indonesia is not a Muslim country! 
I am an open-minded person with international views and believes. I am currently pursuing higher education and plan to leave the country when I can because I can't stand living here. People are so dumb and they never want to learn to be better. 
People here don't care about knowledge. They don't care about scientific truths, they just want to protect their majority religion. I'm really scared that in a few years, if I can't get out of this country, it will turn to a Muslim country. I hate this country will every fiber of my being. I hate being born here. Since I was a little girl, I never agreed to most ideals that people of this country holds. I've always had a different view that doesn't align with the majority, mostly open-minded views.",https://www.reddit.com/r/Anxiety/comments/804qhg/i_hate_living_in_a_thirdworld_country/,post,cultural_signals,to the point that Muslim voters will only vote for Muslim politicians that leads under Muslim rules when Indonesia is not a Muslim country!,Concepts,,,
Indonesia,804qhg,"I hate living in a third-world country! 
I live in Indonesia, a Muslim-majority country. This country claims to be multicultural and diverse, but it's so hard because Muslim-majority oppresses the non-Muslim majority. Including me, an agnostic. Please read: 
This country is so backwards is so many ways. Economically, we don't have a lot of citizens with good education and skills. We are basically 40% uneducated people without job or skill. Socially, we are very close-minded, we are anti-LGBT, anti-interfaith relationships. The government don't pursue high quality education for the citizens. Politically, religion infiltrates every aspect of politicians leading the nation, to the point that Muslim voters will only vote for Muslim politicians that leads under Muslim rules when Indonesia is not a Muslim country! 
I am an open-minded person with international views and believes. I am currently pursuing higher education and plan to leave the country when I can because I can't stand living here. People are so dumb and they never want to learn to be better. 
People here don't care about knowledge. They don't care about scientific truths, they just want to protect their majority religion. I'm really scared that in a few years, if I can't get out of this country, it will turn to a Muslim country. I hate this country will every fiber of my being. I hate being born here. Since I was a little girl, I never agreed to most ideals that people of this country holds. I've always had a different view that doesn't align with the majority, mostly open-minded views.",https://www.reddit.com/r/Anxiety/comments/804qhg/i_hate_living_in_a_thirdworld_country/,post,cultural_signals,I am an open-minded person with international views and believes.,Values,,,
Indonesia,804qhg,"I hate living in a third-world country! 
I live in Indonesia, a Muslim-majority country. This country claims to be multicultural and diverse, but it's so hard because Muslim-majority oppresses the non-Muslim majority. Including me, an agnostic. Please read: 
This country is so backwards is so many ways. Economically, we don't have a lot of citizens with good education and skills. We are basically 40% uneducated people without job or skill. Socially, we are very close-minded, we are anti-LGBT, anti-interfaith relationships. The government don't pursue high quality education for the citizens. Politically, religion infiltrates every aspect of politicians leading the nation, to the point that Muslim voters will only vote for Muslim politicians that leads under Muslim rules when Indonesia is not a Muslim country! 
I am an open-minded person with international views and believes. I am currently pursuing higher education and plan to leave the country when I can because I can't stand living here. People are so dumb and they never want to learn to be better. 
People here don't care about knowledge. They don't care about scientific truths, they just want to protect their majority religion. I'm really scared that in a few years, if I can't get out of this country, it will turn to a Muslim country. I hate this country will every fiber of my being. I hate being born here. Since I was a little girl, I never agreed to most ideals that people of this country holds. I've always had a different view that doesn't align with the majority, mostly open-minded views.",https://www.reddit.com/r/Anxiety/comments/804qhg/i_hate_living_in_a_thirdworld_country/,post,emotional_distress,"I'm really scared that in a few years, if I can't get out of this country",,moderate,,
Indonesia,804qhg,"I hate living in a third-world country! 
I live in Indonesia, a Muslim-majority country. This country claims to be multicultural and diverse, but it's so hard because Muslim-majority oppresses the non-Muslim majority. Including me, an agnostic. Please read: 
This country is so backwards is so many ways. Economically, we don't have a lot of citizens with good education and skills. We are basically 40% uneducated people without job or skill. Socially, we are very close-minded, we are anti-LGBT, anti-interfaith relationships. The government don't pursue high quality education for the citizens. Politically, religion infiltrates every aspect of politicians leading the nation, to the point that Muslim voters will only vote for Muslim politicians that leads under Muslim rules when Indonesia is not a Muslim country! 
I am an open-minded person with international views and believes. I am currently pursuing higher education and plan to leave the country when I can because I can't stand living here. People are so dumb and they never want to learn to be better. 
People here don't care about knowledge. They don't care about scientific truths, they just want to protect their majority religion. I'm really scared that in a few years, if I can't get out of this country, it will turn to a Muslim country. I hate this country will every fiber of my being. I hate being born here. Since I was a little girl, I never agreed to most ideals that people of this country holds. I've always had a different view that doesn't align with the majority, mostly open-minded views.",https://www.reddit.com/r/Anxiety/comments/804qhg/i_hate_living_in_a_thirdworld_country/,post,emotional_distress,I hate this country will every fiber of my being. I hate being born here.,,high,,
Indonesia,804qhg,"I hate living in a third-world country! 
I live in Indonesia, a Muslim-majority country. This country claims to be multicultural and diverse, but it's so hard because Muslim-majority oppresses the non-Muslim majority. Including me, an agnostic. Please read: 
This country is so backwards is so many ways. Economically, we don't have a lot of citizens with good education and skills. We are basically 40% uneducated people without job or skill. Socially, we are very close-minded, we are anti-LGBT, anti-interfaith relationships. The government don't pursue high quality education for the citizens. Politically, religion infiltrates every aspect of politicians leading the nation, to the point that Muslim voters will only vote for Muslim politicians that leads under Muslim rules when Indonesia is not a Muslim country! 
I am an open-minded person with international views and believes. I am currently pursuing higher education and plan to leave the country when I can because I can't stand living here. People are so dumb and they never want to learn to be better. 
People here don't care about knowledge. They don't care about scientific truths, they just want to protect their majority religion. I'm really scared that in a few years, if I can't get out of this country, it will turn to a Muslim country. I hate this country will every fiber of my being. I hate being born here. Since I was a little girl, I never agreed to most ideals that people of this country holds. I've always had a different view that doesn't align with the majority, mostly open-minded views.",https://www.reddit.com/r/Anxiety/comments/804qhg/i_hate_living_in_a_thirdworld_country/,response,emotional_support,"holy fucking shit, I know how that feels man.",,,Reflection of Feelings,
Indonesia,804qhg,"I hate living in a third-world country! 
I live in Indonesia, a Muslim-majority country. This country claims to be multicultural and diverse, but it's so hard because Muslim-majority oppresses the non-Muslim majority. Including me, an agnostic. Please read: 
This country is so backwards is so many ways. Economically, we don't have a lot of citizens with good education and skills. We are basically 40% uneducated people without job or skill. Socially, we are very close-minded, we are anti-LGBT, anti-interfaith relationships. The government don't pursue high quality education for the citizens. Politically, religion infiltrates every aspect of politicians leading the nation, to the point that Muslim voters will only vote for Muslim politicians that leads under Muslim rules when Indonesia is not a Muslim country! 
I am an open-minded person with international views and believes. I am currently pursuing higher education and plan to leave the country when I can because I can't stand living here. People are so dumb and they never want to learn to be better. 
People here don't care about knowledge. They don't care about scientific truths, they just want to protect their majority religion. I'm really scared that in a few years, if I can't get out of this country, it will turn to a Muslim country. I hate this country will every fiber of my being. I hate being born here. Since I was a little girl, I never agreed to most ideals that people of this country holds. I've always had a different view that doesn't align with the majority, mostly open-minded views.",https://www.reddit.com/r/Anxiety/comments/804qhg/i_hate_living_in_a_thirdworld_country/,response,emotional_support,"Even though I live in Hungary and not many people would classify it as 3rd world, I do. So many people seem so narrow-minded and inconsiderate it literally hurts. I really want to move away as soon as possible",,,Self-disclosure,
Indonesia,804qhg,"I hate living in a third-world country! 
I live in Indonesia, a Muslim-majority country. This country claims to be multicultural and diverse, but it's so hard because Muslim-majority oppresses the non-Muslim majority. Including me, an agnostic. Please read: 
This country is so backwards is so many ways. Economically, we don't have a lot of citizens with good education and skills. We are basically 40% uneducated people without job or skill. Socially, we are very close-minded, we are anti-LGBT, anti-interfaith relationships. The government don't pursue high quality education for the citizens. Politically, religion infiltrates every aspect of politicians leading the nation, to the point that Muslim voters will only vote for Muslim politicians that leads under Muslim rules when Indonesia is not a Muslim country! 
I am an open-minded person with international views and believes. I am currently pursuing higher education and plan to leave the country when I can because I can't stand living here. People are so dumb and they never want to learn to be better. 
People here don't care about knowledge. They don't care about scientific truths, they just want to protect their majority religion. I'm really scared that in a few years, if I can't get out of this country, it will turn to a Muslim country. I hate this country will every fiber of my being. I hate being born here. Since I was a little girl, I never agreed to most ideals that people of this country holds. I've always had a different view that doesn't align with the majority, mostly open-minded views.",https://www.reddit.com/r/Anxiety/comments/804qhg/i_hate_living_in_a_thirdworld_country/,response,emphaty_score,,,,,4 (quite empathetic)
Indonesia,804qhg,"I hate living in a third-world country! 
I live in Indonesia, a Muslim-majority country. This country claims to be multicultural and diverse, but it's so hard because Muslim-majority oppresses the non-Muslim majority. Including me, an agnostic. Please read: 
This country is so backwards is so many ways. Economically, we don't have a lot of citizens with good education and skills. We are basically 40% uneducated people without job or skill. Socially, we are very close-minded, we are anti-LGBT, anti-interfaith relationships. The government don't pursue high quality education for the citizens. Politically, religion infiltrates every aspect of politicians leading the nation, to the point that Muslim voters will only vote for Muslim politicians that leads under Muslim rules when Indonesia is not a Muslim country! 
I am an open-minded person with international views and believes. I am currently pursuing higher education and plan to leave the country when I can because I can't stand living here. People are so dumb and they never want to learn to be better. 
People here don't care about knowledge. They don't care about scientific truths, they just want to protect their majority religion. I'm really scared that in a few years, if I can't get out of this country, it will turn to a Muslim country. I hate this country will every fiber of my being. I hate being born here. Since I was a little girl, I never agreed to most ideals that people of this country holds. I've always had a different view that doesn't align with the majority, mostly open-minded views.",https://www.reddit.com/r/Anxiety/comments/804qhg/i_hate_living_in_a_thirdworld_country/,post,cultural_signals,"This country claims to be multicultural and diverse, but it's so hard because Muslim-majority oppresses the non-Muslim majority",Knowledge,,,
Indonesia,1p5dryo,"Give me some insights terkait pernikahan dan finansial, feel a bit lost. Planning for the next 1-2 decades.
Saya masih umur M24 tapi ga tau kenapa tiba2 muncul di benak, kalo mau berkeluarga kayanya berat bgt di sisi cowo harus siap ini itu yang mana menurut saya bagi orang middle class biasa ga bakal tercapai di zaman sekarang even saya grinding sampe usia 30an secara realistis. Mungkin bisa tercapai jika secara ga sengaja saya mencoba bisnis berkali2 dan di salah satu bisnis tsb ada yg cuan deres, atau dpt warisan nomplok spt case pada umumnya (unlikely in my case in the meantime life karena ortu masih sehat masa saya berharap mereka cepet wafat biar dapet warisan kan ga juga wkwk and I don't depend on their wealth either, I want to made my own wealth as far as I can).
Selain itu, saya jg sering gagal deket sama cewe karena ga cocok, paling parah ketemu cewe NPD, 24/7 kena gaslight sampe trauma mau pdkt lagi sama cewe. Terlebih sering denger cerita yg gak2 tentang pernikahan mulai dari beda pendapat, masalah kecil jadi besar, pasangan cowo/cewe yg baru keliatan aslinya setelah nikah dan ga sesuai ekspektasi, dll yang bikin sudut pandang saya terhadap pernikahan kompleks, kurang dan lebih banyak ruginya, selain itu keluarga jg beberapa ada yg cerai dan pola asuh ortu saya ada beberapa yg disfungsi. Kalo dipikir2 nikah sama aja life sentence, kalo liat orang2 yang sudah nikah di keluarga say, cenderung disetir sama si istri cowonya, termasuk bapak saya. My mom is so manipulative and I can't unsee it since my childhood, ga kebayang kalo nanti gantian saya yang harus meladeni perempuan modelan seperti ibu saya kalo semisal saya menikah dan ga taunya setelah nikah baru tau aslinya seperti itu. Saya juga tipe2 yg gasuka dibelenggu, semisal harus hidup bersama dan berkompromi sama pasangan yang gini gitu rasanya seperti dipenjara / dibelenggu. Ga hanya merujuk pada cewe, sebaliknya bisa terjadi di cowo.
Rencana mau grinding sampe usia 30an (maybe even until my old days) dan gak menikah, fokus utk saat ini lebih ke finansial sama tingkatin diri, but disamping itu kok saya merasa pesimis kayanya kalo grinding pun mentok2 ya beli rumah tetep KPR mengingat harga rumah dan apa2 yang semakin meningkat. Anyway di sini adakah yang bisa built self made wealth di luar dpt warisan dari orang tua? saya kok masih pesimis aja belum bisa dapet perspektifnya karena rata2 yang saya saksiin kebanyakan dpt warisan dari orang tua (generational wealth). Misal punya safety net di kerjaan dan punya sampingan bisnisan or maybe else? Mungkin bisa share, sekaligus share insights. I dont have anywhere to share in real life karena bahasannya cukup sensitif selain itu kalo cerita ke ortu, perspektif nya ortu sempit ya tipikal boomer yang susah utk menyesuaikan zaman hanya berpatok sama wiraswasta bisnis tradisional saja, since bapak saya jg bukan mantan pegawai / karyawan. Just wanna share it here, I think this is a safe space for me untuk meluapkan shower of thoughts saya akhir2 ini yg sering bikin saya mengganjal di benak dan agak merasa kehilangan karena long term planning sebelumnya yg sudah dibentuk agak tidak sesuai, tp kurang bisa cerita ke mana akhirnya saya luapin aja di sini.
Maybe, maybe, maybe, kalo saya sudah sangat mapan perspektif saya berubah karena sudah memiliki kapabilitas tertentu tapi untuk saat ini hingga usia 30 sepertinya unlikely utk berubah dan lebih bulat utk tidak menikah.",https://reddit.com/r/indonesia/comments/1p5dryo/give_me_some_insights_terkait_pernikahan_dan/,post,cultural_signals,kalo mau berkeluarga kayanya berat bgt di sisi cowo,Concepts,,,
Indonesia,1p5dryo,"Give me some insights terkait pernikahan dan finansial, feel a bit lost. Planning for the next 1-2 decades.
Saya masih umur M24 tapi ga tau kenapa tiba2 muncul di benak, kalo mau berkeluarga kayanya berat bgt di sisi cowo harus siap ini itu yang mana menurut saya bagi orang middle class biasa ga bakal tercapai di zaman sekarang even saya grinding sampe usia 30an secara realistis. Mungkin bisa tercapai jika secara ga sengaja saya mencoba bisnis berkali2 dan di salah satu bisnis tsb ada yg cuan deres, atau dpt warisan nomplok spt case pada umumnya (unlikely in my case in the meantime life karena ortu masih sehat masa saya berharap mereka cepet wafat biar dapet warisan kan ga juga wkwk and I don't depend on their wealth either, I want to made my own wealth as far as I can).
Selain itu, saya jg sering gagal deket sama cewe karena ga cocok, paling parah ketemu cewe NPD, 24/7 kena gaslight sampe trauma mau pdkt lagi sama cewe. Terlebih sering denger cerita yg gak2 tentang pernikahan mulai dari beda pendapat, masalah kecil jadi besar, pasangan cowo/cewe yg baru keliatan aslinya setelah nikah dan ga sesuai ekspektasi, dll yang bikin sudut pandang saya terhadap pernikahan kompleks, kurang dan lebih banyak ruginya, selain itu keluarga jg beberapa ada yg cerai dan pola asuh ortu saya ada beberapa yg disfungsi. Kalo dipikir2 nikah sama aja life sentence, kalo liat orang2 yang sudah nikah di keluarga say, cenderung disetir sama si istri cowonya, termasuk bapak saya. My mom is so manipulative and I can't unsee it since my childhood, ga kebayang kalo nanti gantian saya yang harus meladeni perempuan modelan seperti ibu saya kalo semisal saya menikah dan ga taunya setelah nikah baru tau aslinya seperti itu. Saya juga tipe2 yg gasuka dibelenggu, semisal harus hidup bersama dan berkompromi sama pasangan yang gini gitu rasanya seperti dipenjara / dibelenggu. Ga hanya merujuk pada cewe, sebaliknya bisa terjadi di cowo.
Rencana mau grinding sampe usia 30an (maybe even until my old days) dan gak menikah, fokus utk saat ini lebih ke finansial sama tingkatin diri, but disamping itu kok saya merasa pesimis kayanya kalo grinding pun mentok2 ya beli rumah tetep KPR mengingat harga rumah dan apa2 yang semakin meningkat. Anyway di sini adakah yang bisa built self made wealth di luar dpt warisan dari orang tua? saya kok masih pesimis aja belum bisa dapet perspektifnya karena rata2 yang saya saksiin kebanyakan dpt warisan dari orang tua (generational wealth). Misal punya safety net di kerjaan dan punya sampingan bisnisan or maybe else? Mungkin bisa share, sekaligus share insights. I dont have anywhere to share in real life karena bahasannya cukup sensitif selain itu kalo cerita ke ortu, perspektif nya ortu sempit ya tipikal boomer yang susah utk menyesuaikan zaman hanya berpatok sama wiraswasta bisnis tradisional saja, since bapak saya jg bukan mantan pegawai / karyawan. Just wanna share it here, I think this is a safe space for me untuk meluapkan shower of thoughts saya akhir2 ini yg sering bikin saya mengganjal di benak dan agak merasa kehilangan karena long term planning sebelumnya yg sudah dibentuk agak tidak sesuai, tp kurang bisa cerita ke mana akhirnya saya luapin aja di sini.
Maybe, maybe, maybe, kalo saya sudah sangat mapan perspektif saya berubah karena sudah memiliki kapabilitas tertentu tapi untuk saat ini hingga usia 30 sepertinya unlikely utk berubah dan lebih bulat utk tidak menikah.",https://reddit.com/r/indonesia/comments/1p5dryo/give_me_some_insights_terkait_pernikahan_dan/,post,cultural_signals,dpt warisan nomplok spt case pada umumnya,Norms and Morals,,,
Indonesia,1p5dryo,"Give me some insights terkait pernikahan dan finansial, feel a bit lost. Planning for the next 1-2 decades.
Saya masih umur M24 tapi ga tau kenapa tiba2 muncul di benak, kalo mau berkeluarga kayanya berat bgt di sisi cowo harus siap ini itu yang mana menurut saya bagi orang middle class biasa ga bakal tercapai di zaman sekarang even saya grinding sampe usia 30an secara realistis. Mungkin bisa tercapai jika secara ga sengaja saya mencoba bisnis berkali2 dan di salah satu bisnis tsb ada yg cuan deres, atau dpt warisan nomplok spt case pada umumnya (unlikely in my case in the meantime life karena ortu masih sehat masa saya berharap mereka cepet wafat biar dapet warisan kan ga juga wkwk and I don't depend on their wealth either, I want to made my own wealth as far as I can).
Selain itu, saya jg sering gagal deket sama cewe karena ga cocok, paling parah ketemu cewe NPD, 24/7 kena gaslight sampe trauma mau pdkt lagi sama cewe. Terlebih sering denger cerita yg gak2 tentang pernikahan mulai dari beda pendapat, masalah kecil jadi besar, pasangan cowo/cewe yg baru keliatan aslinya setelah nikah dan ga sesuai ekspektasi, dll yang bikin sudut pandang saya terhadap pernikahan kompleks, kurang dan lebih banyak ruginya, selain itu keluarga jg beberapa ada yg cerai dan pola asuh ortu saya ada beberapa yg disfungsi. Kalo dipikir2 nikah sama aja life sentence, kalo liat orang2 yang sudah nikah di keluarga say, cenderung disetir sama si istri cowonya, termasuk bapak saya. My mom is so manipulative and I can't unsee it since my childhood, ga kebayang kalo nanti gantian saya yang harus meladeni perempuan modelan seperti ibu saya kalo semisal saya menikah dan ga taunya setelah nikah baru tau aslinya seperti itu. Saya juga tipe2 yg gasuka dibelenggu, semisal harus hidup bersama dan berkompromi sama pasangan yang gini gitu rasanya seperti dipenjara / dibelenggu. Ga hanya merujuk pada cewe, sebaliknya bisa terjadi di cowo.
Rencana mau grinding sampe usia 30an (maybe even until my old days) dan gak menikah, fokus utk saat ini lebih ke finansial sama tingkatin diri, but disamping itu kok saya merasa pesimis kayanya kalo grinding pun mentok2 ya beli rumah tetep KPR mengingat harga rumah dan apa2 yang semakin meningkat. Anyway di sini adakah yang bisa built self made wealth di luar dpt warisan dari orang tua? saya kok masih pesimis aja belum bisa dapet perspektifnya karena rata2 yang saya saksiin kebanyakan dpt warisan dari orang tua (generational wealth). Misal punya safety net di kerjaan dan punya sampingan bisnisan or maybe else? Mungkin bisa share, sekaligus share insights. I dont have anywhere to share in real life karena bahasannya cukup sensitif selain itu kalo cerita ke ortu, perspektif nya ortu sempit ya tipikal boomer yang susah utk menyesuaikan zaman hanya berpatok sama wiraswasta bisnis tradisional saja, since bapak saya jg bukan mantan pegawai / karyawan. Just wanna share it here, I think this is a safe space for me untuk meluapkan shower of thoughts saya akhir2 ini yg sering bikin saya mengganjal di benak dan agak merasa kehilangan karena long term planning sebelumnya yg sudah dibentuk agak tidak sesuai, tp kurang bisa cerita ke mana akhirnya saya luapin aja di sini.
Maybe, maybe, maybe, kalo saya sudah sangat mapan perspektif saya berubah karena sudah memiliki kapabilitas tertentu tapi untuk saat ini hingga usia 30 sepertinya unlikely utk berubah dan lebih bulat utk tidak menikah.",https://reddit.com/r/indonesia/comments/1p5dryo/give_me_some_insights_terkait_pernikahan_dan/,post,emotional_distress,"saya jg sering gagal deket sama cewe karena ga cocok, paling parah ketemu cewe NPD, 24/7 kena gaslight sampe trauma mau pdkt lagi sama cewe.",,moderate,,
Indonesia,1p5dryo,"Give me some insights terkait pernikahan dan finansial, feel a bit lost. Planning for the next 1-2 decades.
Saya masih umur M24 tapi ga tau kenapa tiba2 muncul di benak, kalo mau berkeluarga kayanya berat bgt di sisi cowo harus siap ini itu yang mana menurut saya bagi orang middle class biasa ga bakal tercapai di zaman sekarang even saya grinding sampe usia 30an secara realistis. Mungkin bisa tercapai jika secara ga sengaja saya mencoba bisnis berkali2 dan di salah satu bisnis tsb ada yg cuan deres, atau dpt warisan nomplok spt case pada umumnya (unlikely in my case in the meantime life karena ortu masih sehat masa saya berharap mereka cepet wafat biar dapet warisan kan ga juga wkwk and I don't depend on their wealth either, I want to made my own wealth as far as I can).
Selain itu, saya jg sering gagal deket sama cewe karena ga cocok, paling parah ketemu cewe NPD, 24/7 kena gaslight sampe trauma mau pdkt lagi sama cewe. Terlebih sering denger cerita yg gak2 tentang pernikahan mulai dari beda pendapat, masalah kecil jadi besar, pasangan cowo/cewe yg baru keliatan aslinya setelah nikah dan ga sesuai ekspektasi, dll yang bikin sudut pandang saya terhadap pernikahan kompleks, kurang dan lebih banyak ruginya, selain itu keluarga jg beberapa ada yg cerai dan pola asuh ortu saya ada beberapa yg disfungsi. Kalo dipikir2 nikah sama aja life sentence, kalo liat orang2 yang sudah nikah di keluarga say, cenderung disetir sama si istri cowonya, termasuk bapak saya. My mom is so manipulative and I can't unsee it since my childhood, ga kebayang kalo nanti gantian saya yang harus meladeni perempuan modelan seperti ibu saya kalo semisal saya menikah dan ga taunya setelah nikah baru tau aslinya seperti itu. Saya juga tipe2 yg gasuka dibelenggu, semisal harus hidup bersama dan berkompromi sama pasangan yang gini gitu rasanya seperti dipenjara / dibelenggu. Ga hanya merujuk pada cewe, sebaliknya bisa terjadi di cowo.
Rencana mau grinding sampe usia 30an (maybe even until my old days) dan gak menikah, fokus utk saat ini lebih ke finansial sama tingkatin diri, but disamping itu kok saya merasa pesimis kayanya kalo grinding pun mentok2 ya beli rumah tetep KPR mengingat harga rumah dan apa2 yang semakin meningkat. Anyway di sini adakah yang bisa built self made wealth di luar dpt warisan dari orang tua? saya kok masih pesimis aja belum bisa dapet perspektifnya karena rata2 yang saya saksiin kebanyakan dpt warisan dari orang tua (generational wealth). Misal punya safety net di kerjaan dan punya sampingan bisnisan or maybe else? Mungkin bisa share, sekaligus share insights. I dont have anywhere to share in real life karena bahasannya cukup sensitif selain itu kalo cerita ke ortu, perspektif nya ortu sempit ya tipikal boomer yang susah utk menyesuaikan zaman hanya berpatok sama wiraswasta bisnis tradisional saja, since bapak saya jg bukan mantan pegawai / karyawan. Just wanna share it here, I think this is a safe space for me untuk meluapkan shower of thoughts saya akhir2 ini yg sering bikin saya mengganjal di benak dan agak merasa kehilangan karena long term planning sebelumnya yg sudah dibentuk agak tidak sesuai, tp kurang bisa cerita ke mana akhirnya saya luapin aja di sini.
Maybe, maybe, maybe, kalo saya sudah sangat mapan perspektif saya berubah karena sudah memiliki kapabilitas tertentu tapi untuk saat ini hingga usia 30 sepertinya unlikely utk berubah dan lebih bulat utk tidak menikah.",https://reddit.com/r/indonesia/comments/1p5dryo/give_me_some_insights_terkait_pernikahan_dan/,post,emotional_distress,". My mom is so manipulative and I can't unsee it since my childhood, ga kebayang kalo nanti gantian saya yang harus meladeni perempuan modelan seperti ibu saya kalo semisal saya menikah dan ga taunya setelah nikah baru tau aslinya seperti itu",,high,,
Indonesia,1p5dryo,"Give me some insights terkait pernikahan dan finansial, feel a bit lost. Planning for the next 1-2 decades.
Saya masih umur M24 tapi ga tau kenapa tiba2 muncul di benak, kalo mau berkeluarga kayanya berat bgt di sisi cowo harus siap ini itu yang mana menurut saya bagi orang middle class biasa ga bakal tercapai di zaman sekarang even saya grinding sampe usia 30an secara realistis. Mungkin bisa tercapai jika secara ga sengaja saya mencoba bisnis berkali2 dan di salah satu bisnis tsb ada yg cuan deres, atau dpt warisan nomplok spt case pada umumnya (unlikely in my case in the meantime life karena ortu masih sehat masa saya berharap mereka cepet wafat biar dapet warisan kan ga juga wkwk and I don't depend on their wealth either, I want to made my own wealth as far as I can).
Selain itu, saya jg sering gagal deket sama cewe karena ga cocok, paling parah ketemu cewe NPD, 24/7 kena gaslight sampe trauma mau pdkt lagi sama cewe. Terlebih sering denger cerita yg gak2 tentang pernikahan mulai dari beda pendapat, masalah kecil jadi besar, pasangan cowo/cewe yg baru keliatan aslinya setelah nikah dan ga sesuai ekspektasi, dll yang bikin sudut pandang saya terhadap pernikahan kompleks, kurang dan lebih banyak ruginya, selain itu keluarga jg beberapa ada yg cerai dan pola asuh ortu saya ada beberapa yg disfungsi. Kalo dipikir2 nikah sama aja life sentence, kalo liat orang2 yang sudah nikah di keluarga say, cenderung disetir sama si istri cowonya, termasuk bapak saya. My mom is so manipulative and I can't unsee it since my childhood, ga kebayang kalo nanti gantian saya yang harus meladeni perempuan modelan seperti ibu saya kalo semisal saya menikah dan ga taunya setelah nikah baru tau aslinya seperti itu. Saya juga tipe2 yg gasuka dibelenggu, semisal harus hidup bersama dan berkompromi sama pasangan yang gini gitu rasanya seperti dipenjara / dibelenggu. Ga hanya merujuk pada cewe, sebaliknya bisa terjadi di cowo.
Rencana mau grinding sampe usia 30an (maybe even until my old days) dan gak menikah, fokus utk saat ini lebih ke finansial sama tingkatin diri, but disamping itu kok saya merasa pesimis kayanya kalo grinding pun mentok2 ya beli rumah tetep KPR mengingat harga rumah dan apa2 yang semakin meningkat. Anyway di sini adakah yang bisa built self made wealth di luar dpt warisan dari orang tua? saya kok masih pesimis aja belum bisa dapet perspektifnya karena rata2 yang saya saksiin kebanyakan dpt warisan dari orang tua (generational wealth). Misal punya safety net di kerjaan dan punya sampingan bisnisan or maybe else? Mungkin bisa share, sekaligus share insights. I dont have anywhere to share in real life karena bahasannya cukup sensitif selain itu kalo cerita ke ortu, perspektif nya ortu sempit ya tipikal boomer yang susah utk menyesuaikan zaman hanya berpatok sama wiraswasta bisnis tradisional saja, since bapak saya jg bukan mantan pegawai / karyawan. Just wanna share it here, I think this is a safe space for me untuk meluapkan shower of thoughts saya akhir2 ini yg sering bikin saya mengganjal di benak dan agak merasa kehilangan karena long term planning sebelumnya yg sudah dibentuk agak tidak sesuai, tp kurang bisa cerita ke mana akhirnya saya luapin aja di sini.
Maybe, maybe, maybe, kalo saya sudah sangat mapan perspektif saya berubah karena sudah memiliki kapabilitas tertentu tapi untuk saat ini hingga usia 30 sepertinya unlikely utk berubah dan lebih bulat utk tidak menikah.",https://reddit.com/r/indonesia/comments/1p5dryo/give_me_some_insights_terkait_pernikahan_dan/,post,emotional_distress,kok saya merasa pesimis kayanya kalo grinding pun mentok2 ya beli rumah tetep KPR mengingat harga rumah dan apa2 yang semakin meningkat.,,moderate,,
Indonesia,1p5dryo,"Give me some insights terkait pernikahan dan finansial, feel a bit lost. Planning for the next 1-2 decades.
Saya masih umur M24 tapi ga tau kenapa tiba2 muncul di benak, kalo mau berkeluarga kayanya berat bgt di sisi cowo harus siap ini itu yang mana menurut saya bagi orang middle class biasa ga bakal tercapai di zaman sekarang even saya grinding sampe usia 30an secara realistis. Mungkin bisa tercapai jika secara ga sengaja saya mencoba bisnis berkali2 dan di salah satu bisnis tsb ada yg cuan deres, atau dpt warisan nomplok spt case pada umumnya (unlikely in my case in the meantime life karena ortu masih sehat masa saya berharap mereka cepet wafat biar dapet warisan kan ga juga wkwk and I don't depend on their wealth either, I want to made my own wealth as far as I can).
Selain itu, saya jg sering gagal deket sama cewe karena ga cocok, paling parah ketemu cewe NPD, 24/7 kena gaslight sampe trauma mau pdkt lagi sama cewe. Terlebih sering denger cerita yg gak2 tentang pernikahan mulai dari beda pendapat, masalah kecil jadi besar, pasangan cowo/cewe yg baru keliatan aslinya setelah nikah dan ga sesuai ekspektasi, dll yang bikin sudut pandang saya terhadap pernikahan kompleks, kurang dan lebih banyak ruginya, selain itu keluarga jg beberapa ada yg cerai dan pola asuh ortu saya ada beberapa yg disfungsi. Kalo dipikir2 nikah sama aja life sentence, kalo liat orang2 yang sudah nikah di keluarga say, cenderung disetir sama si istri cowonya, termasuk bapak saya. My mom is so manipulative and I can't unsee it since my childhood, ga kebayang kalo nanti gantian saya yang harus meladeni perempuan modelan seperti ibu saya kalo semisal saya menikah dan ga taunya setelah nikah baru tau aslinya seperti itu. Saya juga tipe2 yg gasuka dibelenggu, semisal harus hidup bersama dan berkompromi sama pasangan yang gini gitu rasanya seperti dipenjara / dibelenggu. Ga hanya merujuk pada cewe, sebaliknya bisa terjadi di cowo.
Rencana mau grinding sampe usia 30an (maybe even until my old days) dan gak menikah, fokus utk saat ini lebih ke finansial sama tingkatin diri, but disamping itu kok saya merasa pesimis kayanya kalo grinding pun mentok2 ya beli rumah tetep KPR mengingat harga rumah dan apa2 yang semakin meningkat. Anyway di sini adakah yang bisa built self made wealth di luar dpt warisan dari orang tua? saya kok masih pesimis aja belum bisa dapet perspektifnya karena rata2 yang saya saksiin kebanyakan dpt warisan dari orang tua (generational wealth). Misal punya safety net di kerjaan dan punya sampingan bisnisan or maybe else? Mungkin bisa share, sekaligus share insights. I dont have anywhere to share in real life karena bahasannya cukup sensitif selain itu kalo cerita ke ortu, perspektif nya ortu sempit ya tipikal boomer yang susah utk menyesuaikan zaman hanya berpatok sama wiraswasta bisnis tradisional saja, since bapak saya jg bukan mantan pegawai / karyawan. Just wanna share it here, I think this is a safe space for me untuk meluapkan shower of thoughts saya akhir2 ini yg sering bikin saya mengganjal di benak dan agak merasa kehilangan karena long term planning sebelumnya yg sudah dibentuk agak tidak sesuai, tp kurang bisa cerita ke mana akhirnya saya luapin aja di sini.
Maybe, maybe, maybe, kalo saya sudah sangat mapan perspektif saya berubah karena sudah memiliki kapabilitas tertentu tapi untuk saat ini hingga usia 30 sepertinya unlikely utk berubah dan lebih bulat utk tidak menikah.",https://reddit.com/r/indonesia/comments/1p5dryo/give_me_some_insights_terkait_pernikahan_dan/,post,cultural_signals,"I dont have anywhere to share in real life karena bahasannya cukup sensitif selain itu kalo cerita ke ortu, perspektif nya ortu sempit ya tipikal boomer yang susah utk menyesuaikan zaman hanya berpatok sama wiraswasta bisnis tradisional saja, since bapak saya jg bukan mantan pegawai / karyawan.",Norms and Morals,,,
Indonesia,1p5dryo,"Give me some insights terkait pernikahan dan finansial, feel a bit lost. Planning for the next 1-2 decades.
Saya masih umur M24 tapi ga tau kenapa tiba2 muncul di benak, kalo mau berkeluarga kayanya berat bgt di sisi cowo harus siap ini itu yang mana menurut saya bagi orang middle class biasa ga bakal tercapai di zaman sekarang even saya grinding sampe usia 30an secara realistis. Mungkin bisa tercapai jika secara ga sengaja saya mencoba bisnis berkali2 dan di salah satu bisnis tsb ada yg cuan deres, atau dpt warisan nomplok spt case pada umumnya (unlikely in my case in the meantime life karena ortu masih sehat masa saya berharap mereka cepet wafat biar dapet warisan kan ga juga wkwk and I don't depend on their wealth either, I want to made my own wealth as far as I can).
Selain itu, saya jg sering gagal deket sama cewe karena ga cocok, paling parah ketemu cewe NPD, 24/7 kena gaslight sampe trauma mau pdkt lagi sama cewe. Terlebih sering denger cerita yg gak2 tentang pernikahan mulai dari beda pendapat, masalah kecil jadi besar, pasangan cowo/cewe yg baru keliatan aslinya setelah nikah dan ga sesuai ekspektasi, dll yang bikin sudut pandang saya terhadap pernikahan kompleks, kurang dan lebih banyak ruginya, selain itu keluarga jg beberapa ada yg cerai dan pola asuh ortu saya ada beberapa yg disfungsi. Kalo dipikir2 nikah sama aja life sentence, kalo liat orang2 yang sudah nikah di keluarga say, cenderung disetir sama si istri cowonya, termasuk bapak saya. My mom is so manipulative and I can't unsee it since my childhood, ga kebayang kalo nanti gantian saya yang harus meladeni perempuan modelan seperti ibu saya kalo semisal saya menikah dan ga taunya setelah nikah baru tau aslinya seperti itu. Saya juga tipe2 yg gasuka dibelenggu, semisal harus hidup bersama dan berkompromi sama pasangan yang gini gitu rasanya seperti dipenjara / dibelenggu. Ga hanya merujuk pada cewe, sebaliknya bisa terjadi di cowo.
Rencana mau grinding sampe usia 30an (maybe even until my old days) dan gak menikah, fokus utk saat ini lebih ke finansial sama tingkatin diri, but disamping itu kok saya merasa pesimis kayanya kalo grinding pun mentok2 ya beli rumah tetep KPR mengingat harga rumah dan apa2 yang semakin meningkat. Anyway di sini adakah yang bisa built self made wealth di luar dpt warisan dari orang tua? saya kok masih pesimis aja belum bisa dapet perspektifnya karena rata2 yang saya saksiin kebanyakan dpt warisan dari orang tua (generational wealth). Misal punya safety net di kerjaan dan punya sampingan bisnisan or maybe else? Mungkin bisa share, sekaligus share insights. I dont have anywhere to share in real life karena bahasannya cukup sensitif selain itu kalo cerita ke ortu, perspektif nya ortu sempit ya tipikal boomer yang susah utk menyesuaikan zaman hanya berpatok sama wiraswasta bisnis tradisional saja, since bapak saya jg bukan mantan pegawai / karyawan. Just wanna share it here, I think this is a safe space for me untuk meluapkan shower of thoughts saya akhir2 ini yg sering bikin saya mengganjal di benak dan agak merasa kehilangan karena long term planning sebelumnya yg sudah dibentuk agak tidak sesuai, tp kurang bisa cerita ke mana akhirnya saya luapin aja di sini.
Maybe, maybe, maybe, kalo saya sudah sangat mapan perspektif saya berubah karena sudah memiliki kapabilitas tertentu tapi untuk saat ini hingga usia 30 sepertinya unlikely utk berubah dan lebih bulat utk tidak menikah.",https://reddit.com/r/indonesia/comments/1p5dryo/give_me_some_insights_terkait_pernikahan_dan/,response,emotional_support,ini semua bs timbul karena lo ada unhealed wounds dari mantan dan keluarga lo yang unfortunately hubungannya ga sehat.,,,Reflection of Feelings,
Indonesia,1p5dryo,"Give me some insights terkait pernikahan dan finansial, feel a bit lost. Planning for the next 1-2 decades.
Saya masih umur M24 tapi ga tau kenapa tiba2 muncul di benak, kalo mau berkeluarga kayanya berat bgt di sisi cowo harus siap ini itu yang mana menurut saya bagi orang middle class biasa ga bakal tercapai di zaman sekarang even saya grinding sampe usia 30an secara realistis. Mungkin bisa tercapai jika secara ga sengaja saya mencoba bisnis berkali2 dan di salah satu bisnis tsb ada yg cuan deres, atau dpt warisan nomplok spt case pada umumnya (unlikely in my case in the meantime life karena ortu masih sehat masa saya berharap mereka cepet wafat biar dapet warisan kan ga juga wkwk and I don't depend on their wealth either, I want to made my own wealth as far as I can).
Selain itu, saya jg sering gagal deket sama cewe karena ga cocok, paling parah ketemu cewe NPD, 24/7 kena gaslight sampe trauma mau pdkt lagi sama cewe. Terlebih sering denger cerita yg gak2 tentang pernikahan mulai dari beda pendapat, masalah kecil jadi besar, pasangan cowo/cewe yg baru keliatan aslinya setelah nikah dan ga sesuai ekspektasi, dll yang bikin sudut pandang saya terhadap pernikahan kompleks, kurang dan lebih banyak ruginya, selain itu keluarga jg beberapa ada yg cerai dan pola asuh ortu saya ada beberapa yg disfungsi. Kalo dipikir2 nikah sama aja life sentence, kalo liat orang2 yang sudah nikah di keluarga say, cenderung disetir sama si istri cowonya, termasuk bapak saya. My mom is so manipulative and I can't unsee it since my childhood, ga kebayang kalo nanti gantian saya yang harus meladeni perempuan modelan seperti ibu saya kalo semisal saya menikah dan ga taunya setelah nikah baru tau aslinya seperti itu. Saya juga tipe2 yg gasuka dibelenggu, semisal harus hidup bersama dan berkompromi sama pasangan yang gini gitu rasanya seperti dipenjara / dibelenggu. Ga hanya merujuk pada cewe, sebaliknya bisa terjadi di cowo.
Rencana mau grinding sampe usia 30an (maybe even until my old days) dan gak menikah, fokus utk saat ini lebih ke finansial sama tingkatin diri, but disamping itu kok saya merasa pesimis kayanya kalo grinding pun mentok2 ya beli rumah tetep KPR mengingat harga rumah dan apa2 yang semakin meningkat. Anyway di sini adakah yang bisa built self made wealth di luar dpt warisan dari orang tua? saya kok masih pesimis aja belum bisa dapet perspektifnya karena rata2 yang saya saksiin kebanyakan dpt warisan dari orang tua (generational wealth). Misal punya safety net di kerjaan dan punya sampingan bisnisan or maybe else? Mungkin bisa share, sekaligus share insights. I dont have anywhere to share in real life karena bahasannya cukup sensitif selain itu kalo cerita ke ortu, perspektif nya ortu sempit ya tipikal boomer yang susah utk menyesuaikan zaman hanya berpatok sama wiraswasta bisnis tradisional saja, since bapak saya jg bukan mantan pegawai / karyawan. Just wanna share it here, I think this is a safe space for me untuk meluapkan shower of thoughts saya akhir2 ini yg sering bikin saya mengganjal di benak dan agak merasa kehilangan karena long term planning sebelumnya yg sudah dibentuk agak tidak sesuai, tp kurang bisa cerita ke mana akhirnya saya luapin aja di sini.
Maybe, maybe, maybe, kalo saya sudah sangat mapan perspektif saya berubah karena sudah memiliki kapabilitas tertentu tapi untuk saat ini hingga usia 30 sepertinya unlikely utk berubah dan lebih bulat utk tidak menikah.",https://reddit.com/r/indonesia/comments/1p5dryo/give_me_some_insights_terkait_pernikahan_dan/,response,emotional_support,"Semua yang lo sebutin soal nikah ga realistis buat cwonya musti siapin banyak duit, suami akan disetir istri, ga bisa build wealth, etc etc ini semua sebenernya tidak pasti dan sangat tergantung sama hubungan dan pasangan lo.",,,Restatement or Paraphrasing,
Indonesia,1p5dryo,"Give me some insights terkait pernikahan dan finansial, feel a bit lost. Planning for the next 1-2 decades.
Saya masih umur M24 tapi ga tau kenapa tiba2 muncul di benak, kalo mau berkeluarga kayanya berat bgt di sisi cowo harus siap ini itu yang mana menurut saya bagi orang middle class biasa ga bakal tercapai di zaman sekarang even saya grinding sampe usia 30an secara realistis. Mungkin bisa tercapai jika secara ga sengaja saya mencoba bisnis berkali2 dan di salah satu bisnis tsb ada yg cuan deres, atau dpt warisan nomplok spt case pada umumnya (unlikely in my case in the meantime life karena ortu masih sehat masa saya berharap mereka cepet wafat biar dapet warisan kan ga juga wkwk and I don't depend on their wealth either, I want to made my own wealth as far as I can).
Selain itu, saya jg sering gagal deket sama cewe karena ga cocok, paling parah ketemu cewe NPD, 24/7 kena gaslight sampe trauma mau pdkt lagi sama cewe. Terlebih sering denger cerita yg gak2 tentang pernikahan mulai dari beda pendapat, masalah kecil jadi besar, pasangan cowo/cewe yg baru keliatan aslinya setelah nikah dan ga sesuai ekspektasi, dll yang bikin sudut pandang saya terhadap pernikahan kompleks, kurang dan lebih banyak ruginya, selain itu keluarga jg beberapa ada yg cerai dan pola asuh ortu saya ada beberapa yg disfungsi. Kalo dipikir2 nikah sama aja life sentence, kalo liat orang2 yang sudah nikah di keluarga say, cenderung disetir sama si istri cowonya, termasuk bapak saya. My mom is so manipulative and I can't unsee it since my childhood, ga kebayang kalo nanti gantian saya yang harus meladeni perempuan modelan seperti ibu saya kalo semisal saya menikah dan ga taunya setelah nikah baru tau aslinya seperti itu. Saya juga tipe2 yg gasuka dibelenggu, semisal harus hidup bersama dan berkompromi sama pasangan yang gini gitu rasanya seperti dipenjara / dibelenggu. Ga hanya merujuk pada cewe, sebaliknya bisa terjadi di cowo.
Rencana mau grinding sampe usia 30an (maybe even until my old days) dan gak menikah, fokus utk saat ini lebih ke finansial sama tingkatin diri, but disamping itu kok saya merasa pesimis kayanya kalo grinding pun mentok2 ya beli rumah tetep KPR mengingat harga rumah dan apa2 yang semakin meningkat. Anyway di sini adakah yang bisa built self made wealth di luar dpt warisan dari orang tua? saya kok masih pesimis aja belum bisa dapet perspektifnya karena rata2 yang saya saksiin kebanyakan dpt warisan dari orang tua (generational wealth). Misal punya safety net di kerjaan dan punya sampingan bisnisan or maybe else? Mungkin bisa share, sekaligus share insights. I dont have anywhere to share in real life karena bahasannya cukup sensitif selain itu kalo cerita ke ortu, perspektif nya ortu sempit ya tipikal boomer yang susah utk menyesuaikan zaman hanya berpatok sama wiraswasta bisnis tradisional saja, since bapak saya jg bukan mantan pegawai / karyawan. Just wanna share it here, I think this is a safe space for me untuk meluapkan shower of thoughts saya akhir2 ini yg sering bikin saya mengganjal di benak dan agak merasa kehilangan karena long term planning sebelumnya yg sudah dibentuk agak tidak sesuai, tp kurang bisa cerita ke mana akhirnya saya luapin aja di sini.
Maybe, maybe, maybe, kalo saya sudah sangat mapan perspektif saya berubah karena sudah memiliki kapabilitas tertentu tapi untuk saat ini hingga usia 30 sepertinya unlikely utk berubah dan lebih bulat utk tidak menikah.",https://reddit.com/r/indonesia/comments/1p5dryo/give_me_some_insights_terkait_pernikahan_dan/,response,emotional_support,"hubungan yang sehat itu membangun, ga ada saling menyetir atau saling mengatur, kedua belah pihak setara dan saling memberikan dukungan.",,,Information,
Indonesia,1p5dryo,"Give me some insights terkait pernikahan dan finansial, feel a bit lost. Planning for the next 1-2 decades.
Saya masih umur M24 tapi ga tau kenapa tiba2 muncul di benak, kalo mau berkeluarga kayanya berat bgt di sisi cowo harus siap ini itu yang mana menurut saya bagi orang middle class biasa ga bakal tercapai di zaman sekarang even saya grinding sampe usia 30an secara realistis. Mungkin bisa tercapai jika secara ga sengaja saya mencoba bisnis berkali2 dan di salah satu bisnis tsb ada yg cuan deres, atau dpt warisan nomplok spt case pada umumnya (unlikely in my case in the meantime life karena ortu masih sehat masa saya berharap mereka cepet wafat biar dapet warisan kan ga juga wkwk and I don't depend on their wealth either, I want to made my own wealth as far as I can).
Selain itu, saya jg sering gagal deket sama cewe karena ga cocok, paling parah ketemu cewe NPD, 24/7 kena gaslight sampe trauma mau pdkt lagi sama cewe. Terlebih sering denger cerita yg gak2 tentang pernikahan mulai dari beda pendapat, masalah kecil jadi besar, pasangan cowo/cewe yg baru keliatan aslinya setelah nikah dan ga sesuai ekspektasi, dll yang bikin sudut pandang saya terhadap pernikahan kompleks, kurang dan lebih banyak ruginya, selain itu keluarga jg beberapa ada yg cerai dan pola asuh ortu saya ada beberapa yg disfungsi. Kalo dipikir2 nikah sama aja life sentence, kalo liat orang2 yang sudah nikah di keluarga say, cenderung disetir sama si istri cowonya, termasuk bapak saya. My mom is so manipulative and I can't unsee it since my childhood, ga kebayang kalo nanti gantian saya yang harus meladeni perempuan modelan seperti ibu saya kalo semisal saya menikah dan ga taunya setelah nikah baru tau aslinya seperti itu. Saya juga tipe2 yg gasuka dibelenggu, semisal harus hidup bersama dan berkompromi sama pasangan yang gini gitu rasanya seperti dipenjara / dibelenggu. Ga hanya merujuk pada cewe, sebaliknya bisa terjadi di cowo.
Rencana mau grinding sampe usia 30an (maybe even until my old days) dan gak menikah, fokus utk saat ini lebih ke finansial sama tingkatin diri, but disamping itu kok saya merasa pesimis kayanya kalo grinding pun mentok2 ya beli rumah tetep KPR mengingat harga rumah dan apa2 yang semakin meningkat. Anyway di sini adakah yang bisa built self made wealth di luar dpt warisan dari orang tua? saya kok masih pesimis aja belum bisa dapet perspektifnya karena rata2 yang saya saksiin kebanyakan dpt warisan dari orang tua (generational wealth). Misal punya safety net di kerjaan dan punya sampingan bisnisan or maybe else? Mungkin bisa share, sekaligus share insights. I dont have anywhere to share in real life karena bahasannya cukup sensitif selain itu kalo cerita ke ortu, perspektif nya ortu sempit ya tipikal boomer yang susah utk menyesuaikan zaman hanya berpatok sama wiraswasta bisnis tradisional saja, since bapak saya jg bukan mantan pegawai / karyawan. Just wanna share it here, I think this is a safe space for me untuk meluapkan shower of thoughts saya akhir2 ini yg sering bikin saya mengganjal di benak dan agak merasa kehilangan karena long term planning sebelumnya yg sudah dibentuk agak tidak sesuai, tp kurang bisa cerita ke mana akhirnya saya luapin aja di sini.
Maybe, maybe, maybe, kalo saya sudah sangat mapan perspektif saya berubah karena sudah memiliki kapabilitas tertentu tapi untuk saat ini hingga usia 30 sepertinya unlikely utk berubah dan lebih bulat utk tidak menikah.",https://reddit.com/r/indonesia/comments/1p5dryo/give_me_some_insights_terkait_pernikahan_dan/,response,emotional_support,"Secara finansial, dalam hub sehat kedua belah pihak sudah komunikasi jelas. Banyak org salah kaprah mikir pernikahan itu cm 1 jenis (misalnya: suami kerja, istri di rumah, suami nafkahin istri titik)",,,Information,
Indonesia,1p5dryo,"Give me some insights terkait pernikahan dan finansial, feel a bit lost. Planning for the next 1-2 decades.
Saya masih umur M24 tapi ga tau kenapa tiba2 muncul di benak, kalo mau berkeluarga kayanya berat bgt di sisi cowo harus siap ini itu yang mana menurut saya bagi orang middle class biasa ga bakal tercapai di zaman sekarang even saya grinding sampe usia 30an secara realistis. Mungkin bisa tercapai jika secara ga sengaja saya mencoba bisnis berkali2 dan di salah satu bisnis tsb ada yg cuan deres, atau dpt warisan nomplok spt case pada umumnya (unlikely in my case in the meantime life karena ortu masih sehat masa saya berharap mereka cepet wafat biar dapet warisan kan ga juga wkwk and I don't depend on their wealth either, I want to made my own wealth as far as I can).
Selain itu, saya jg sering gagal deket sama cewe karena ga cocok, paling parah ketemu cewe NPD, 24/7 kena gaslight sampe trauma mau pdkt lagi sama cewe. Terlebih sering denger cerita yg gak2 tentang pernikahan mulai dari beda pendapat, masalah kecil jadi besar, pasangan cowo/cewe yg baru keliatan aslinya setelah nikah dan ga sesuai ekspektasi, dll yang bikin sudut pandang saya terhadap pernikahan kompleks, kurang dan lebih banyak ruginya, selain itu keluarga jg beberapa ada yg cerai dan pola asuh ortu saya ada beberapa yg disfungsi. Kalo dipikir2 nikah sama aja life sentence, kalo liat orang2 yang sudah nikah di keluarga say, cenderung disetir sama si istri cowonya, termasuk bapak saya. My mom is so manipulative and I can't unsee it since my childhood, ga kebayang kalo nanti gantian saya yang harus meladeni perempuan modelan seperti ibu saya kalo semisal saya menikah dan ga taunya setelah nikah baru tau aslinya seperti itu. Saya juga tipe2 yg gasuka dibelenggu, semisal harus hidup bersama dan berkompromi sama pasangan yang gini gitu rasanya seperti dipenjara / dibelenggu. Ga hanya merujuk pada cewe, sebaliknya bisa terjadi di cowo.
Rencana mau grinding sampe usia 30an (maybe even until my old days) dan gak menikah, fokus utk saat ini lebih ke finansial sama tingkatin diri, but disamping itu kok saya merasa pesimis kayanya kalo grinding pun mentok2 ya beli rumah tetep KPR mengingat harga rumah dan apa2 yang semakin meningkat. Anyway di sini adakah yang bisa built self made wealth di luar dpt warisan dari orang tua? saya kok masih pesimis aja belum bisa dapet perspektifnya karena rata2 yang saya saksiin kebanyakan dpt warisan dari orang tua (generational wealth). Misal punya safety net di kerjaan dan punya sampingan bisnisan or maybe else? Mungkin bisa share, sekaligus share insights. I dont have anywhere to share in real life karena bahasannya cukup sensitif selain itu kalo cerita ke ortu, perspektif nya ortu sempit ya tipikal boomer yang susah utk menyesuaikan zaman hanya berpatok sama wiraswasta bisnis tradisional saja, since bapak saya jg bukan mantan pegawai / karyawan. Just wanna share it here, I think this is a safe space for me untuk meluapkan shower of thoughts saya akhir2 ini yg sering bikin saya mengganjal di benak dan agak merasa kehilangan karena long term planning sebelumnya yg sudah dibentuk agak tidak sesuai, tp kurang bisa cerita ke mana akhirnya saya luapin aja di sini.
Maybe, maybe, maybe, kalo saya sudah sangat mapan perspektif saya berubah karena sudah memiliki kapabilitas tertentu tapi untuk saat ini hingga usia 30 sepertinya unlikely utk berubah dan lebih bulat utk tidak menikah.",https://reddit.com/r/indonesia/comments/1p5dryo/give_me_some_insights_terkait_pernikahan_dan/,response,emotional_support,"Gue setelah nikah sm suami malah lebih kaya secara finansial, krn bs nabung bareng, penghasilan x2, dlu nikah sm” ga pengen keluar duit gede. DINK (Double Income No Kids) is a thing for a reason.",,,Self-disclosure,
Indonesia,1p5dryo,"Give me some insights terkait pernikahan dan finansial, feel a bit lost. Planning for the next 1-2 decades.
Saya masih umur M24 tapi ga tau kenapa tiba2 muncul di benak, kalo mau berkeluarga kayanya berat bgt di sisi cowo harus siap ini itu yang mana menurut saya bagi orang middle class biasa ga bakal tercapai di zaman sekarang even saya grinding sampe usia 30an secara realistis. Mungkin bisa tercapai jika secara ga sengaja saya mencoba bisnis berkali2 dan di salah satu bisnis tsb ada yg cuan deres, atau dpt warisan nomplok spt case pada umumnya (unlikely in my case in the meantime life karena ortu masih sehat masa saya berharap mereka cepet wafat biar dapet warisan kan ga juga wkwk and I don't depend on their wealth either, I want to made my own wealth as far as I can).
Selain itu, saya jg sering gagal deket sama cewe karena ga cocok, paling parah ketemu cewe NPD, 24/7 kena gaslight sampe trauma mau pdkt lagi sama cewe. Terlebih sering denger cerita yg gak2 tentang pernikahan mulai dari beda pendapat, masalah kecil jadi besar, pasangan cowo/cewe yg baru keliatan aslinya setelah nikah dan ga sesuai ekspektasi, dll yang bikin sudut pandang saya terhadap pernikahan kompleks, kurang dan lebih banyak ruginya, selain itu keluarga jg beberapa ada yg cerai dan pola asuh ortu saya ada beberapa yg disfungsi. Kalo dipikir2 nikah sama aja life sentence, kalo liat orang2 yang sudah nikah di keluarga say, cenderung disetir sama si istri cowonya, termasuk bapak saya. My mom is so manipulative and I can't unsee it since my childhood, ga kebayang kalo nanti gantian saya yang harus meladeni perempuan modelan seperti ibu saya kalo semisal saya menikah dan ga taunya setelah nikah baru tau aslinya seperti itu. Saya juga tipe2 yg gasuka dibelenggu, semisal harus hidup bersama dan berkompromi sama pasangan yang gini gitu rasanya seperti dipenjara / dibelenggu. Ga hanya merujuk pada cewe, sebaliknya bisa terjadi di cowo.
Rencana mau grinding sampe usia 30an (maybe even until my old days) dan gak menikah, fokus utk saat ini lebih ke finansial sama tingkatin diri, but disamping itu kok saya merasa pesimis kayanya kalo grinding pun mentok2 ya beli rumah tetep KPR mengingat harga rumah dan apa2 yang semakin meningkat. Anyway di sini adakah yang bisa built self made wealth di luar dpt warisan dari orang tua? saya kok masih pesimis aja belum bisa dapet perspektifnya karena rata2 yang saya saksiin kebanyakan dpt warisan dari orang tua (generational wealth). Misal punya safety net di kerjaan dan punya sampingan bisnisan or maybe else? Mungkin bisa share, sekaligus share insights. I dont have anywhere to share in real life karena bahasannya cukup sensitif selain itu kalo cerita ke ortu, perspektif nya ortu sempit ya tipikal boomer yang susah utk menyesuaikan zaman hanya berpatok sama wiraswasta bisnis tradisional saja, since bapak saya jg bukan mantan pegawai / karyawan. Just wanna share it here, I think this is a safe space for me untuk meluapkan shower of thoughts saya akhir2 ini yg sering bikin saya mengganjal di benak dan agak merasa kehilangan karena long term planning sebelumnya yg sudah dibentuk agak tidak sesuai, tp kurang bisa cerita ke mana akhirnya saya luapin aja di sini.
Maybe, maybe, maybe, kalo saya sudah sangat mapan perspektif saya berubah karena sudah memiliki kapabilitas tertentu tapi untuk saat ini hingga usia 30 sepertinya unlikely utk berubah dan lebih bulat utk tidak menikah.",https://reddit.com/r/indonesia/comments/1p5dryo/give_me_some_insights_terkait_pernikahan_dan/,response,emotional_support,"But if you limit your definition of marriage and love into just this one thing……I think it’s sad. The human experience, including marriage, is much more varied than this, and it can be beautiful if you want it to.",,,Others,
Indonesia,1p5dryo,"Give me some insights terkait pernikahan dan finansial, feel a bit lost. Planning for the next 1-2 decades.
Saya masih umur M24 tapi ga tau kenapa tiba2 muncul di benak, kalo mau berkeluarga kayanya berat bgt di sisi cowo harus siap ini itu yang mana menurut saya bagi orang middle class biasa ga bakal tercapai di zaman sekarang even saya grinding sampe usia 30an secara realistis. Mungkin bisa tercapai jika secara ga sengaja saya mencoba bisnis berkali2 dan di salah satu bisnis tsb ada yg cuan deres, atau dpt warisan nomplok spt case pada umumnya (unlikely in my case in the meantime life karena ortu masih sehat masa saya berharap mereka cepet wafat biar dapet warisan kan ga juga wkwk and I don't depend on their wealth either, I want to made my own wealth as far as I can).
Selain itu, saya jg sering gagal deket sama cewe karena ga cocok, paling parah ketemu cewe NPD, 24/7 kena gaslight sampe trauma mau pdkt lagi sama cewe. Terlebih sering denger cerita yg gak2 tentang pernikahan mulai dari beda pendapat, masalah kecil jadi besar, pasangan cowo/cewe yg baru keliatan aslinya setelah nikah dan ga sesuai ekspektasi, dll yang bikin sudut pandang saya terhadap pernikahan kompleks, kurang dan lebih banyak ruginya, selain itu keluarga jg beberapa ada yg cerai dan pola asuh ortu saya ada beberapa yg disfungsi. Kalo dipikir2 nikah sama aja life sentence, kalo liat orang2 yang sudah nikah di keluarga say, cenderung disetir sama si istri cowonya, termasuk bapak saya. My mom is so manipulative and I can't unsee it since my childhood, ga kebayang kalo nanti gantian saya yang harus meladeni perempuan modelan seperti ibu saya kalo semisal saya menikah dan ga taunya setelah nikah baru tau aslinya seperti itu. Saya juga tipe2 yg gasuka dibelenggu, semisal harus hidup bersama dan berkompromi sama pasangan yang gini gitu rasanya seperti dipenjara / dibelenggu. Ga hanya merujuk pada cewe, sebaliknya bisa terjadi di cowo.
Rencana mau grinding sampe usia 30an (maybe even until my old days) dan gak menikah, fokus utk saat ini lebih ke finansial sama tingkatin diri, but disamping itu kok saya merasa pesimis kayanya kalo grinding pun mentok2 ya beli rumah tetep KPR mengingat harga rumah dan apa2 yang semakin meningkat. Anyway di sini adakah yang bisa built self made wealth di luar dpt warisan dari orang tua? saya kok masih pesimis aja belum bisa dapet perspektifnya karena rata2 yang saya saksiin kebanyakan dpt warisan dari orang tua (generational wealth). Misal punya safety net di kerjaan dan punya sampingan bisnisan or maybe else? Mungkin bisa share, sekaligus share insights. I dont have anywhere to share in real life karena bahasannya cukup sensitif selain itu kalo cerita ke ortu, perspektif nya ortu sempit ya tipikal boomer yang susah utk menyesuaikan zaman hanya berpatok sama wiraswasta bisnis tradisional saja, since bapak saya jg bukan mantan pegawai / karyawan. Just wanna share it here, I think this is a safe space for me untuk meluapkan shower of thoughts saya akhir2 ini yg sering bikin saya mengganjal di benak dan agak merasa kehilangan karena long term planning sebelumnya yg sudah dibentuk agak tidak sesuai, tp kurang bisa cerita ke mana akhirnya saya luapin aja di sini.
Maybe, maybe, maybe, kalo saya sudah sangat mapan perspektif saya berubah karena sudah memiliki kapabilitas tertentu tapi untuk saat ini hingga usia 30 sepertinya unlikely utk berubah dan lebih bulat utk tidak menikah.",https://reddit.com/r/indonesia/comments/1p5dryo/give_me_some_insights_terkait_pernikahan_dan/,response,emphaty_score,,,,,4 (quite empathetic)
Indonesia,16fq4u5,"(Serious Discussion) Need help from you guys, really desperate with my life.
Hi guys, mau minta pencerahan sambil diskusi kali ya. Umur 27, cowok.
Gue udah beberapa hari ini bingung, stress, pusing, dan gue takut, karena search history gue isinya tentang ""how to suicide"". My real life circle (family, friend) always talk about iman, which is good, tapi yang gue butuhkan sebenernya adalah sebuah solusi, disamping iman itu. Gue udah takut banget soalnya udah mikir ke arah sana.
Gue kelilit hutang, ± 200 juta, pinjaman pribadi + pinjol. Dipake buat apa aja?
1.	Bayarin orang kecelakaan (2 orang, ga sengaja, dan ga punya bpjs or something like that)
2.	Trading (gagal total, yang biasanya selalu untung, tapi karena under pressure kali ya, jadi loss, tadinya buat nutup biaya kecelakaan)
Tagihan kecelakaan sekitar 145 jutaan.
Gue ga masalah yang di pinjol nya, nanti dulu kali ya, gue ga mikirin ke situ dulu. Justru yang beban di kepala gue yang pinjaman pribadi, total sekitar 110 juta.
Tadinya gue berniat untuk menutup semua nya dengan meminjam dari 1 sumber, dan mencicil nya untuk waktu yang panjang, since I have a good enough salary (around 11 mil) plus bonus every quarter. Tapi beberapa pinjol udah jatuh tempo, dan sepertinya kolektibilitas gue udah 2, jadi susah banget buat nutup ini.
Gue punya 1 cicilan rumah, 3 juta per bulan. Gue ga bisa ganggu gugat hal ini. Istri kondisi tidak bekerja, aset udah gue jual (aset gue cuma motor aerox, kemarin laku 19 juta)
Pertanyaan nya :
1.	Kalau memang ada tempat untuk meminjam 200 juta ini, untuk menutup semua lubang dan fokus ke 1 lubang saja, apakah bagus? Gue sanggup nutup di 4-5 juta per bulan untuk hutang ini, mungkin bisa lebih cepat, berhubung ada bonus.
2.	Ada kah info tentang pinjem pinjem buat kasus gue?
A good advice would be great and very appreciated. Thank you guys.
",https://www.reddit.com/r/indonesia/comments/16fq4u5/serious_discussion_need_help_from_you_guys_really/,post,emotional_distress,"Gue udah beberapa hari ini bingung, stress, pusing, dan gue takut, karena search history gue isinya tentang ""how to suicide"".",,high,,
Indonesia,16fq4u5,"(Serious Discussion) Need help from you guys, really desperate with my life.
Hi guys, mau minta pencerahan sambil diskusi kali ya. Umur 27, cowok.
Gue udah beberapa hari ini bingung, stress, pusing, dan gue takut, karena search history gue isinya tentang ""how to suicide"". My real life circle (family, friend) always talk about iman, which is good, tapi yang gue butuhkan sebenernya adalah sebuah solusi, disamping iman itu. Gue udah takut banget soalnya udah mikir ke arah sana.
Gue kelilit hutang, ± 200 juta, pinjaman pribadi + pinjol. Dipake buat apa aja?
1.	Bayarin orang kecelakaan (2 orang, ga sengaja, dan ga punya bpjs or something like that)
2.	Trading (gagal total, yang biasanya selalu untung, tapi karena under pressure kali ya, jadi loss, tadinya buat nutup biaya kecelakaan)
Tagihan kecelakaan sekitar 145 jutaan.
Gue ga masalah yang di pinjol nya, nanti dulu kali ya, gue ga mikirin ke situ dulu. Justru yang beban di kepala gue yang pinjaman pribadi, total sekitar 110 juta.
Tadinya gue berniat untuk menutup semua nya dengan meminjam dari 1 sumber, dan mencicil nya untuk waktu yang panjang, since I have a good enough salary (around 11 mil) plus bonus every quarter. Tapi beberapa pinjol udah jatuh tempo, dan sepertinya kolektibilitas gue udah 2, jadi susah banget buat nutup ini.
Gue punya 1 cicilan rumah, 3 juta per bulan. Gue ga bisa ganggu gugat hal ini. Istri kondisi tidak bekerja, aset udah gue jual (aset gue cuma motor aerox, kemarin laku 19 juta)
Pertanyaan nya :
1.	Kalau memang ada tempat untuk meminjam 200 juta ini, untuk menutup semua lubang dan fokus ke 1 lubang saja, apakah bagus? Gue sanggup nutup di 4-5 juta per bulan untuk hutang ini, mungkin bisa lebih cepat, berhubung ada bonus.
2.	Ada kah info tentang pinjem pinjem buat kasus gue?
A good advice would be great and very appreciated. Thank you guys.
",https://www.reddit.com/r/indonesia/comments/16fq4u5/serious_discussion_need_help_from_you_guys_really/,post,cultural_signals,"My real life circle (family, friend) always talk about iman, which is good, tapi yang gue butuhkan sebenernya adalah sebuah solusi, disamping iman itu.",Concepts,,,
Indonesia,16fq4u5,"(Serious Discussion) Need help from you guys, really desperate with my life.
Hi guys, mau minta pencerahan sambil diskusi kali ya. Umur 27, cowok.
Gue udah beberapa hari ini bingung, stress, pusing, dan gue takut, karena search history gue isinya tentang ""how to suicide"". My real life circle (family, friend) always talk about iman, which is good, tapi yang gue butuhkan sebenernya adalah sebuah solusi, disamping iman itu. Gue udah takut banget soalnya udah mikir ke arah sana.
Gue kelilit hutang, ± 200 juta, pinjaman pribadi + pinjol. Dipake buat apa aja?
1.	Bayarin orang kecelakaan (2 orang, ga sengaja, dan ga punya bpjs or something like that)
2.	Trading (gagal total, yang biasanya selalu untung, tapi karena under pressure kali ya, jadi loss, tadinya buat nutup biaya kecelakaan)
Tagihan kecelakaan sekitar 145 jutaan.
Gue ga masalah yang di pinjol nya, nanti dulu kali ya, gue ga mikirin ke situ dulu. Justru yang beban di kepala gue yang pinjaman pribadi, total sekitar 110 juta.
Tadinya gue berniat untuk menutup semua nya dengan meminjam dari 1 sumber, dan mencicil nya untuk waktu yang panjang, since I have a good enough salary (around 11 mil) plus bonus every quarter. Tapi beberapa pinjol udah jatuh tempo, dan sepertinya kolektibilitas gue udah 2, jadi susah banget buat nutup ini.
Gue punya 1 cicilan rumah, 3 juta per bulan. Gue ga bisa ganggu gugat hal ini. Istri kondisi tidak bekerja, aset udah gue jual (aset gue cuma motor aerox, kemarin laku 19 juta)
Pertanyaan nya :
1.	Kalau memang ada tempat untuk meminjam 200 juta ini, untuk menutup semua lubang dan fokus ke 1 lubang saja, apakah bagus? Gue sanggup nutup di 4-5 juta per bulan untuk hutang ini, mungkin bisa lebih cepat, berhubung ada bonus.
2.	Ada kah info tentang pinjem pinjem buat kasus gue?
A good advice would be great and very appreciated. Thank you guys.
",https://www.reddit.com/r/indonesia/comments/16fq4u5/serious_discussion_need_help_from_you_guys_really/,post,emotional_distress,"Gue kelilit hutang, ± 200 juta, pinjaman pribadi + pinjol.",,moderate,,
Indonesia,16fq4u5,"(Serious Discussion) Need help from you guys, really desperate with my life.
Hi guys, mau minta pencerahan sambil diskusi kali ya. Umur 27, cowok.
Gue udah beberapa hari ini bingung, stress, pusing, dan gue takut, karena search history gue isinya tentang ""how to suicide"". My real life circle (family, friend) always talk about iman, which is good, tapi yang gue butuhkan sebenernya adalah sebuah solusi, disamping iman itu. Gue udah takut banget soalnya udah mikir ke arah sana.
Gue kelilit hutang, ± 200 juta, pinjaman pribadi + pinjol. Dipake buat apa aja?
1.	Bayarin orang kecelakaan (2 orang, ga sengaja, dan ga punya bpjs or something like that)
2.	Trading (gagal total, yang biasanya selalu untung, tapi karena under pressure kali ya, jadi loss, tadinya buat nutup biaya kecelakaan)
Tagihan kecelakaan sekitar 145 jutaan.
Gue ga masalah yang di pinjol nya, nanti dulu kali ya, gue ga mikirin ke situ dulu. Justru yang beban di kepala gue yang pinjaman pribadi, total sekitar 110 juta.
Tadinya gue berniat untuk menutup semua nya dengan meminjam dari 1 sumber, dan mencicil nya untuk waktu yang panjang, since I have a good enough salary (around 11 mil) plus bonus every quarter. Tapi beberapa pinjol udah jatuh tempo, dan sepertinya kolektibilitas gue udah 2, jadi susah banget buat nutup ini.
Gue punya 1 cicilan rumah, 3 juta per bulan. Gue ga bisa ganggu gugat hal ini. Istri kondisi tidak bekerja, aset udah gue jual (aset gue cuma motor aerox, kemarin laku 19 juta)
Pertanyaan nya :
1.	Kalau memang ada tempat untuk meminjam 200 juta ini, untuk menutup semua lubang dan fokus ke 1 lubang saja, apakah bagus? Gue sanggup nutup di 4-5 juta per bulan untuk hutang ini, mungkin bisa lebih cepat, berhubung ada bonus.
2.	Ada kah info tentang pinjem pinjem buat kasus gue?
A good advice would be great and very appreciated. Thank you guys.
",https://www.reddit.com/r/indonesia/comments/16fq4u5/serious_discussion_need_help_from_you_guys_really/,post,emotional_distress,"Gue ga masalah yang di pinjol nya, nanti dulu kali ya, gue ga mikirin ke situ dulu. Justru yang beban di kepala gue yang pinjaman pribadi, total sekitar 110 juta.",,light,,
Indonesia,16fq4u5,"(Serious Discussion) Need help from you guys, really desperate with my life.
Hi guys, mau minta pencerahan sambil diskusi kali ya. Umur 27, cowok.
Gue udah beberapa hari ini bingung, stress, pusing, dan gue takut, karena search history gue isinya tentang ""how to suicide"". My real life circle (family, friend) always talk about iman, which is good, tapi yang gue butuhkan sebenernya adalah sebuah solusi, disamping iman itu. Gue udah takut banget soalnya udah mikir ke arah sana.
Gue kelilit hutang, ± 200 juta, pinjaman pribadi + pinjol. Dipake buat apa aja?
1.	Bayarin orang kecelakaan (2 orang, ga sengaja, dan ga punya bpjs or something like that)
2.	Trading (gagal total, yang biasanya selalu untung, tapi karena under pressure kali ya, jadi loss, tadinya buat nutup biaya kecelakaan)
Tagihan kecelakaan sekitar 145 jutaan.
Gue ga masalah yang di pinjol nya, nanti dulu kali ya, gue ga mikirin ke situ dulu. Justru yang beban di kepala gue yang pinjaman pribadi, total sekitar 110 juta.
Tadinya gue berniat untuk menutup semua nya dengan meminjam dari 1 sumber, dan mencicil nya untuk waktu yang panjang, since I have a good enough salary (around 11 mil) plus bonus every quarter. Tapi beberapa pinjol udah jatuh tempo, dan sepertinya kolektibilitas gue udah 2, jadi susah banget buat nutup ini.
Gue punya 1 cicilan rumah, 3 juta per bulan. Gue ga bisa ganggu gugat hal ini. Istri kondisi tidak bekerja, aset udah gue jual (aset gue cuma motor aerox, kemarin laku 19 juta)
Pertanyaan nya :
1.	Kalau memang ada tempat untuk meminjam 200 juta ini, untuk menutup semua lubang dan fokus ke 1 lubang saja, apakah bagus? Gue sanggup nutup di 4-5 juta per bulan untuk hutang ini, mungkin bisa lebih cepat, berhubung ada bonus.
2.	Ada kah info tentang pinjem pinjem buat kasus gue?
A good advice would be great and very appreciated. Thank you guys.
",https://www.reddit.com/r/indonesia/comments/16fq4u5/serious_discussion_need_help_from_you_guys_really/,post,emotional_distress,"Tapi beberapa pinjol udah jatuh tempo, dan sepertinya kolektibilitas gue udah 2, jadi susah banget buat nutup ini.",,moderate,,
Indonesia,16fq4u5,"(Serious Discussion) Need help from you guys, really desperate with my life.
Hi guys, mau minta pencerahan sambil diskusi kali ya. Umur 27, cowok.
Gue udah beberapa hari ini bingung, stress, pusing, dan gue takut, karena search history gue isinya tentang ""how to suicide"". My real life circle (family, friend) always talk about iman, which is good, tapi yang gue butuhkan sebenernya adalah sebuah solusi, disamping iman itu. Gue udah takut banget soalnya udah mikir ke arah sana.
Gue kelilit hutang, ± 200 juta, pinjaman pribadi + pinjol. Dipake buat apa aja?
1.	Bayarin orang kecelakaan (2 orang, ga sengaja, dan ga punya bpjs or something like that)
2.	Trading (gagal total, yang biasanya selalu untung, tapi karena under pressure kali ya, jadi loss, tadinya buat nutup biaya kecelakaan)
Tagihan kecelakaan sekitar 145 jutaan.
Gue ga masalah yang di pinjol nya, nanti dulu kali ya, gue ga mikirin ke situ dulu. Justru yang beban di kepala gue yang pinjaman pribadi, total sekitar 110 juta.
Tadinya gue berniat untuk menutup semua nya dengan meminjam dari 1 sumber, dan mencicil nya untuk waktu yang panjang, since I have a good enough salary (around 11 mil) plus bonus every quarter. Tapi beberapa pinjol udah jatuh tempo, dan sepertinya kolektibilitas gue udah 2, jadi susah banget buat nutup ini.
Gue punya 1 cicilan rumah, 3 juta per bulan. Gue ga bisa ganggu gugat hal ini. Istri kondisi tidak bekerja, aset udah gue jual (aset gue cuma motor aerox, kemarin laku 19 juta)
Pertanyaan nya :
1.	Kalau memang ada tempat untuk meminjam 200 juta ini, untuk menutup semua lubang dan fokus ke 1 lubang saja, apakah bagus? Gue sanggup nutup di 4-5 juta per bulan untuk hutang ini, mungkin bisa lebih cepat, berhubung ada bonus.
2.	Ada kah info tentang pinjem pinjem buat kasus gue?
A good advice would be great and very appreciated. Thank you guys.
",https://www.reddit.com/r/indonesia/comments/16fq4u5/serious_discussion_need_help_from_you_guys_really/,post,cultural_signals,"Istri kondisi tidak bekerja, aset udah gue jual (aset gue cuma motor aerox, kemarin laku 19 juta)",Norms and Morals,,,
Indonesia,16fq4u5,"(Serious Discussion) Need help from you guys, really desperate with my life.
Hi guys, mau minta pencerahan sambil diskusi kali ya. Umur 27, cowok.
Gue udah beberapa hari ini bingung, stress, pusing, dan gue takut, karena search history gue isinya tentang ""how to suicide"". My real life circle (family, friend) always talk about iman, which is good, tapi yang gue butuhkan sebenernya adalah sebuah solusi, disamping iman itu. Gue udah takut banget soalnya udah mikir ke arah sana.
Gue kelilit hutang, ± 200 juta, pinjaman pribadi + pinjol. Dipake buat apa aja?
1.	Bayarin orang kecelakaan (2 orang, ga sengaja, dan ga punya bpjs or something like that)
2.	Trading (gagal total, yang biasanya selalu untung, tapi karena under pressure kali ya, jadi loss, tadinya buat nutup biaya kecelakaan)
Tagihan kecelakaan sekitar 145 jutaan.
Gue ga masalah yang di pinjol nya, nanti dulu kali ya, gue ga mikirin ke situ dulu. Justru yang beban di kepala gue yang pinjaman pribadi, total sekitar 110 juta.
Tadinya gue berniat untuk menutup semua nya dengan meminjam dari 1 sumber, dan mencicil nya untuk waktu yang panjang, since I have a good enough salary (around 11 mil) plus bonus every quarter. Tapi beberapa pinjol udah jatuh tempo, dan sepertinya kolektibilitas gue udah 2, jadi susah banget buat nutup ini.
Gue punya 1 cicilan rumah, 3 juta per bulan. Gue ga bisa ganggu gugat hal ini. Istri kondisi tidak bekerja, aset udah gue jual (aset gue cuma motor aerox, kemarin laku 19 juta)
Pertanyaan nya :
1.	Kalau memang ada tempat untuk meminjam 200 juta ini, untuk menutup semua lubang dan fokus ke 1 lubang saja, apakah bagus? Gue sanggup nutup di 4-5 juta per bulan untuk hutang ini, mungkin bisa lebih cepat, berhubung ada bonus.
2.	Ada kah info tentang pinjem pinjem buat kasus gue?
A good advice would be great and very appreciated. Thank you guys.
",https://www.reddit.com/r/indonesia/comments/16fq4u5/serious_discussion_need_help_from_you_guys_really/,response,emotional_support,Bank sih cuman ya bunganya gede,,,Providing Suggestions,
Indonesia,16fq4u5,"(Serious Discussion) Need help from you guys, really desperate with my life.
Hi guys, mau minta pencerahan sambil diskusi kali ya. Umur 27, cowok.
Gue udah beberapa hari ini bingung, stress, pusing, dan gue takut, karena search history gue isinya tentang ""how to suicide"". My real life circle (family, friend) always talk about iman, which is good, tapi yang gue butuhkan sebenernya adalah sebuah solusi, disamping iman itu. Gue udah takut banget soalnya udah mikir ke arah sana.
Gue kelilit hutang, ± 200 juta, pinjaman pribadi + pinjol. Dipake buat apa aja?
1.	Bayarin orang kecelakaan (2 orang, ga sengaja, dan ga punya bpjs or something like that)
2.	Trading (gagal total, yang biasanya selalu untung, tapi karena under pressure kali ya, jadi loss, tadinya buat nutup biaya kecelakaan)
Tagihan kecelakaan sekitar 145 jutaan.
Gue ga masalah yang di pinjol nya, nanti dulu kali ya, gue ga mikirin ke situ dulu. Justru yang beban di kepala gue yang pinjaman pribadi, total sekitar 110 juta.
Tadinya gue berniat untuk menutup semua nya dengan meminjam dari 1 sumber, dan mencicil nya untuk waktu yang panjang, since I have a good enough salary (around 11 mil) plus bonus every quarter. Tapi beberapa pinjol udah jatuh tempo, dan sepertinya kolektibilitas gue udah 2, jadi susah banget buat nutup ini.
Gue punya 1 cicilan rumah, 3 juta per bulan. Gue ga bisa ganggu gugat hal ini. Istri kondisi tidak bekerja, aset udah gue jual (aset gue cuma motor aerox, kemarin laku 19 juta)
Pertanyaan nya :
1.	Kalau memang ada tempat untuk meminjam 200 juta ini, untuk menutup semua lubang dan fokus ke 1 lubang saja, apakah bagus? Gue sanggup nutup di 4-5 juta per bulan untuk hutang ini, mungkin bisa lebih cepat, berhubung ada bonus.
2.	Ada kah info tentang pinjem pinjem buat kasus gue?
A good advice would be great and very appreciated. Thank you guys.
",https://www.reddit.com/r/indonesia/comments/16fq4u5/serious_discussion_need_help_from_you_guys_really/,response,emotional_support,Ge juga hampir mau nutupin utang orang tapi kata kakak gw udah jangan dulu.,,,Self-disclosure,
Indonesia,16fq4u5,"(Serious Discussion) Need help from you guys, really desperate with my life.
Hi guys, mau minta pencerahan sambil diskusi kali ya. Umur 27, cowok.
Gue udah beberapa hari ini bingung, stress, pusing, dan gue takut, karena search history gue isinya tentang ""how to suicide"". My real life circle (family, friend) always talk about iman, which is good, tapi yang gue butuhkan sebenernya adalah sebuah solusi, disamping iman itu. Gue udah takut banget soalnya udah mikir ke arah sana.
Gue kelilit hutang, ± 200 juta, pinjaman pribadi + pinjol. Dipake buat apa aja?
1.	Bayarin orang kecelakaan (2 orang, ga sengaja, dan ga punya bpjs or something like that)
2.	Trading (gagal total, yang biasanya selalu untung, tapi karena under pressure kali ya, jadi loss, tadinya buat nutup biaya kecelakaan)
Tagihan kecelakaan sekitar 145 jutaan.
Gue ga masalah yang di pinjol nya, nanti dulu kali ya, gue ga mikirin ke situ dulu. Justru yang beban di kepala gue yang pinjaman pribadi, total sekitar 110 juta.
Tadinya gue berniat untuk menutup semua nya dengan meminjam dari 1 sumber, dan mencicil nya untuk waktu yang panjang, since I have a good enough salary (around 11 mil) plus bonus every quarter. Tapi beberapa pinjol udah jatuh tempo, dan sepertinya kolektibilitas gue udah 2, jadi susah banget buat nutup ini.
Gue punya 1 cicilan rumah, 3 juta per bulan. Gue ga bisa ganggu gugat hal ini. Istri kondisi tidak bekerja, aset udah gue jual (aset gue cuma motor aerox, kemarin laku 19 juta)
Pertanyaan nya :
1.	Kalau memang ada tempat untuk meminjam 200 juta ini, untuk menutup semua lubang dan fokus ke 1 lubang saja, apakah bagus? Gue sanggup nutup di 4-5 juta per bulan untuk hutang ini, mungkin bisa lebih cepat, berhubung ada bonus.
2.	Ada kah info tentang pinjem pinjem buat kasus gue?
A good advice would be great and very appreciated. Thank you guys.
",https://www.reddit.com/r/indonesia/comments/16fq4u5/serious_discussion_need_help_from_you_guys_really/,response,emotional_support,Jangan pernah gali lubang tutup lubang sama mending diobrolin sama orang tua dulu kalo ga nemu2.,,,Providing Suggestions,
Indonesia,16fq4u5,"(Serious Discussion) Need help from you guys, really desperate with my life.
Hi guys, mau minta pencerahan sambil diskusi kali ya. Umur 27, cowok.
Gue udah beberapa hari ini bingung, stress, pusing, dan gue takut, karena search history gue isinya tentang ""how to suicide"". My real life circle (family, friend) always talk about iman, which is good, tapi yang gue butuhkan sebenernya adalah sebuah solusi, disamping iman itu. Gue udah takut banget soalnya udah mikir ke arah sana.
Gue kelilit hutang, ± 200 juta, pinjaman pribadi + pinjol. Dipake buat apa aja?
1.	Bayarin orang kecelakaan (2 orang, ga sengaja, dan ga punya bpjs or something like that)
2.	Trading (gagal total, yang biasanya selalu untung, tapi karena under pressure kali ya, jadi loss, tadinya buat nutup biaya kecelakaan)
Tagihan kecelakaan sekitar 145 jutaan.
Gue ga masalah yang di pinjol nya, nanti dulu kali ya, gue ga mikirin ke situ dulu. Justru yang beban di kepala gue yang pinjaman pribadi, total sekitar 110 juta.
Tadinya gue berniat untuk menutup semua nya dengan meminjam dari 1 sumber, dan mencicil nya untuk waktu yang panjang, since I have a good enough salary (around 11 mil) plus bonus every quarter. Tapi beberapa pinjol udah jatuh tempo, dan sepertinya kolektibilitas gue udah 2, jadi susah banget buat nutup ini.
Gue punya 1 cicilan rumah, 3 juta per bulan. Gue ga bisa ganggu gugat hal ini. Istri kondisi tidak bekerja, aset udah gue jual (aset gue cuma motor aerox, kemarin laku 19 juta)
Pertanyaan nya :
1.	Kalau memang ada tempat untuk meminjam 200 juta ini, untuk menutup semua lubang dan fokus ke 1 lubang saja, apakah bagus? Gue sanggup nutup di 4-5 juta per bulan untuk hutang ini, mungkin bisa lebih cepat, berhubung ada bonus.
2.	Ada kah info tentang pinjem pinjem buat kasus gue?
A good advice would be great and very appreciated. Thank you guys.
",https://www.reddit.com/r/indonesia/comments/16fq4u5/serious_discussion_need_help_from_you_guys_really/,response,emotional_support,Coba cari aja dulu aturan utang piutang.,,,Providing Suggestions,
Indonesia,16fq4u5,"(Serious Discussion) Need help from you guys, really desperate with my life.
Hi guys, mau minta pencerahan sambil diskusi kali ya. Umur 27, cowok.
Gue udah beberapa hari ini bingung, stress, pusing, dan gue takut, karena search history gue isinya tentang ""how to suicide"". My real life circle (family, friend) always talk about iman, which is good, tapi yang gue butuhkan sebenernya adalah sebuah solusi, disamping iman itu. Gue udah takut banget soalnya udah mikir ke arah sana.
Gue kelilit hutang, ± 200 juta, pinjaman pribadi + pinjol. Dipake buat apa aja?
1.	Bayarin orang kecelakaan (2 orang, ga sengaja, dan ga punya bpjs or something like that)
2.	Trading (gagal total, yang biasanya selalu untung, tapi karena under pressure kali ya, jadi loss, tadinya buat nutup biaya kecelakaan)
Tagihan kecelakaan sekitar 145 jutaan.
Gue ga masalah yang di pinjol nya, nanti dulu kali ya, gue ga mikirin ke situ dulu. Justru yang beban di kepala gue yang pinjaman pribadi, total sekitar 110 juta.
Tadinya gue berniat untuk menutup semua nya dengan meminjam dari 1 sumber, dan mencicil nya untuk waktu yang panjang, since I have a good enough salary (around 11 mil) plus bonus every quarter. Tapi beberapa pinjol udah jatuh tempo, dan sepertinya kolektibilitas gue udah 2, jadi susah banget buat nutup ini.
Gue punya 1 cicilan rumah, 3 juta per bulan. Gue ga bisa ganggu gugat hal ini. Istri kondisi tidak bekerja, aset udah gue jual (aset gue cuma motor aerox, kemarin laku 19 juta)
Pertanyaan nya :
1.	Kalau memang ada tempat untuk meminjam 200 juta ini, untuk menutup semua lubang dan fokus ke 1 lubang saja, apakah bagus? Gue sanggup nutup di 4-5 juta per bulan untuk hutang ini, mungkin bisa lebih cepat, berhubung ada bonus.
2.	Ada kah info tentang pinjem pinjem buat kasus gue?
A good advice would be great and very appreciated. Thank you guys.
",https://www.reddit.com/r/indonesia/comments/16fq4u5/serious_discussion_need_help_from_you_guys_really/,response,emotional_support,sebenernya kalo nanya ke ahlinya bisa diringankan sih seinget gw,,,Information,
Indonesia,16fq4u5,"(Serious Discussion) Need help from you guys, really desperate with my life.
Hi guys, mau minta pencerahan sambil diskusi kali ya. Umur 27, cowok.
Gue udah beberapa hari ini bingung, stress, pusing, dan gue takut, karena search history gue isinya tentang ""how to suicide"". My real life circle (family, friend) always talk about iman, which is good, tapi yang gue butuhkan sebenernya adalah sebuah solusi, disamping iman itu. Gue udah takut banget soalnya udah mikir ke arah sana.
Gue kelilit hutang, ± 200 juta, pinjaman pribadi + pinjol. Dipake buat apa aja?
1.	Bayarin orang kecelakaan (2 orang, ga sengaja, dan ga punya bpjs or something like that)
2.	Trading (gagal total, yang biasanya selalu untung, tapi karena under pressure kali ya, jadi loss, tadinya buat nutup biaya kecelakaan)
Tagihan kecelakaan sekitar 145 jutaan.
Gue ga masalah yang di pinjol nya, nanti dulu kali ya, gue ga mikirin ke situ dulu. Justru yang beban di kepala gue yang pinjaman pribadi, total sekitar 110 juta.
Tadinya gue berniat untuk menutup semua nya dengan meminjam dari 1 sumber, dan mencicil nya untuk waktu yang panjang, since I have a good enough salary (around 11 mil) plus bonus every quarter. Tapi beberapa pinjol udah jatuh tempo, dan sepertinya kolektibilitas gue udah 2, jadi susah banget buat nutup ini.
Gue punya 1 cicilan rumah, 3 juta per bulan. Gue ga bisa ganggu gugat hal ini. Istri kondisi tidak bekerja, aset udah gue jual (aset gue cuma motor aerox, kemarin laku 19 juta)
Pertanyaan nya :
1.	Kalau memang ada tempat untuk meminjam 200 juta ini, untuk menutup semua lubang dan fokus ke 1 lubang saja, apakah bagus? Gue sanggup nutup di 4-5 juta per bulan untuk hutang ini, mungkin bisa lebih cepat, berhubung ada bonus.
2.	Ada kah info tentang pinjem pinjem buat kasus gue?
A good advice would be great and very appreciated. Thank you guys.
",https://www.reddit.com/r/indonesia/comments/16fq4u5/serious_discussion_need_help_from_you_guys_really/,response,emphaty_score,,,,,3 (moderately empathetic)
Indonesia,15zh12o,"Butuh Bantuan Dari Para Redditors Semua

Halo, salam kenal semuanya. Saya akan bercerita cukup panjang tentang permasalahan saya.

Perkenalkan saya M26, disini mungkin saya ingin menyampakain sedikit banyaknya permasalahan saya dengan kehidupan. Saya sudah berpacaran dengan si wanita ini, kita panggil saja F23 selama 2 tahun lebih ( dekat ke 3 bulan ). Kami berkenalan lewat apps di waktu pandemi. Ya, mungkin tidak terlalu lama bagi sebagian orang, tapi yang bikin lama sekali karena kami LDR dan kami sama - sama setuju dengan 24 jam VC ( video call ). Yang bikin dia sangat spesial bagi saya, dialah yang menolong saya ditengah adiksi saya sama alkohol dan saya benar benar kacau karena keluarga yang retak, intinya saya benar benar kacau. Hal ini juga membuat ditengah hubungan bahwa kami sudah sepakat untuk lanjut ke jenjang serius.

Disinilah bermulanya kenapa saya menulis thread ini. Saya yang menganggap untuk lanjut ke jenjang serius dengan seenaknya memutuskan kalau si F23 ini untuk tidak melanjutkan mimpi dia yaitu lanjut ke jenjang S2 diluar daerah asalnya dahulu dan langsung bekerja didaerah asalnya. Apa yang saya harapkan adalah dia menunggu saya yang baru lulus di umur 24 mendapatkan kerja baru mencari kerja. Dia setuju dan ikhlas atas hal ini, dan hal ini jugalah yang menjadi akar masalah hubungan kami setiap ada perdebatan.

Permasalahannya, saya disini sangat keras kepala dan tidak bijak dalam menghadapi orang yang saya sayangi. Saya sulit percaya kepadanya, saya menghambat perkembangan dia, saya menghalangi cita -citanya dan saya belum ada perkembangan dalam hidup saya setelah lulus. Untuk masalah sulit percaya ini cukup sering jadi penyebab pertengkaran dalam hubungan kami. Ketika dia kirim foto dan video dimana dia berada padahal dalam hp keaadaan video call pun saya masih sering uring - uringan tidak ada rasa percaya padanya.

Hal ini menyebabkan F23 meledak emosinya setelah setahun lebih saya ginikan, dimana dia merasa kalau selama ini pengorbanannya sia - sia kepada saya. Pada waktu ini kami hampir putus, disini juga saya merasa bersalah dan memperbaikinya.

Selanjutnya, saya disini juga punya kebiasan mengambil kesimpulan sendiri dan mengemukakan ke dia ketika kami berselisih. Titik puncaknya adalah emosinya muncul kembali dengan dia merasa sedih dan tidak mau berkomunikasi sama saya, tetapi vc tetap nyala. Dia minta untuk diberi waktu agar tenangkan diri dan hal ini terjadi selama seminggu. Setelah semua itu mereda saya kembali melakukan kebiasaan buruk saya yaitu, mengambil keputusan sendiri. Hal ini juga membuat dia meledak kembali dan membutuhkan waktu untuk tenang kembali.

Hingga akhirnya ketika dia meluapkan semua emosi ke saya, barulah saya tersadar semua kesalahan yang saya perbuat kepadanya dari awal hingga akhir. Disini saya juga sudah benar benar berusaha agar dia dapat melihat kalau saya berubah.

Titik akhir hubungan kami adalah ketika baru beberapa hari setelah kejadian ini semua, kami bertengkar karena suatu hal. Disini saya meluapkan bahwa saya juga dalam keadaan lelah setelah itu semua. Hal ini juga menjadi penyebab kami berlarut dalam pertengkaran hingga dia mengatakan kalau dia dari waktu mendiamkan saya sampai sekarang dia sudah tidak bisa melihat saya sebagai orang yang sama meskipun dia masih ada perasaan cinta dan sayang kepada saya. Disini dia mengatakan bahwa hubungan ini diakhiri. Dan hubungan kamipun berakhir dengan saling meminta maaf atas semuanya dan hingga kini kami masih ada komunikasi sedikit.

Saya kini dalam penyesalan, saya sangat menyadari kalau disini saya sangat salah dan jahat kepadanya. Saya pun menyadari hal ini harus diubah dan diperbaiki dengan meningkat kualitas dalam diri saya. Menurut para Komodos semua, apa yang harus saya lakukan? Saya dalam persimpangan ingin kembali berhubungan dengan F23, di satu sisi saya tahu saya sudah sangat jahat kepadanya dan harus memperbaiki diri saya dahulu.

Mohon maaf jika sedikit panjang, saya hanya ingin meluapkan perasaan sesal dan sedih saya. Mohon masukan dari para Komodos semua saya sangat butuh dengan masukan dan segala macam dari para Komodos.

Terimakasih.",https://www.reddit.com/r/indonesia/comments/15zh12o/butuh_bantuan_dari_para_redditors_semua/,post,cultural_signals,"Ya, mungkin tidak terlalu lama bagi sebagian orang, tapi yang bikin lama sekali karena kami LDR dan kami sama - sama setuju dengan 24 jam VC ( video call )",Languange,,,
Indonesia,15zh12o,"Butuh Bantuan Dari Para Redditors Semua

Halo, salam kenal semuanya. Saya akan bercerita cukup panjang tentang permasalahan saya.

Perkenalkan saya M26, disini mungkin saya ingin menyampakain sedikit banyaknya permasalahan saya dengan kehidupan. Saya sudah berpacaran dengan si wanita ini, kita panggil saja F23 selama 2 tahun lebih ( dekat ke 3 bulan ). Kami berkenalan lewat apps di waktu pandemi. Ya, mungkin tidak terlalu lama bagi sebagian orang, tapi yang bikin lama sekali karena kami LDR dan kami sama - sama setuju dengan 24 jam VC ( video call ). Yang bikin dia sangat spesial bagi saya, dialah yang menolong saya ditengah adiksi saya sama alkohol dan saya benar benar kacau karena keluarga yang retak, intinya saya benar benar kacau. Hal ini juga membuat ditengah hubungan bahwa kami sudah sepakat untuk lanjut ke jenjang serius.

Disinilah bermulanya kenapa saya menulis thread ini. Saya yang menganggap untuk lanjut ke jenjang serius dengan seenaknya memutuskan kalau si F23 ini untuk tidak melanjutkan mimpi dia yaitu lanjut ke jenjang S2 diluar daerah asalnya dahulu dan langsung bekerja didaerah asalnya. Apa yang saya harapkan adalah dia menunggu saya yang baru lulus di umur 24 mendapatkan kerja baru mencari kerja. Dia setuju dan ikhlas atas hal ini, dan hal ini jugalah yang menjadi akar masalah hubungan kami setiap ada perdebatan.

Permasalahannya, saya disini sangat keras kepala dan tidak bijak dalam menghadapi orang yang saya sayangi. Saya sulit percaya kepadanya, saya menghambat perkembangan dia, saya menghalangi cita -citanya dan saya belum ada perkembangan dalam hidup saya setelah lulus. Untuk masalah sulit percaya ini cukup sering jadi penyebab pertengkaran dalam hubungan kami. Ketika dia kirim foto dan video dimana dia berada padahal dalam hp keaadaan video call pun saya masih sering uring - uringan tidak ada rasa percaya padanya.

Hal ini menyebabkan F23 meledak emosinya setelah setahun lebih saya ginikan, dimana dia merasa kalau selama ini pengorbanannya sia - sia kepada saya. Pada waktu ini kami hampir putus, disini juga saya merasa bersalah dan memperbaikinya.

Selanjutnya, saya disini juga punya kebiasan mengambil kesimpulan sendiri dan mengemukakan ke dia ketika kami berselisih. Titik puncaknya adalah emosinya muncul kembali dengan dia merasa sedih dan tidak mau berkomunikasi sama saya, tetapi vc tetap nyala. Dia minta untuk diberi waktu agar tenangkan diri dan hal ini terjadi selama seminggu. Setelah semua itu mereda saya kembali melakukan kebiasaan buruk saya yaitu, mengambil keputusan sendiri. Hal ini juga membuat dia meledak kembali dan membutuhkan waktu untuk tenang kembali.

Hingga akhirnya ketika dia meluapkan semua emosi ke saya, barulah saya tersadar semua kesalahan yang saya perbuat kepadanya dari awal hingga akhir. Disini saya juga sudah benar benar berusaha agar dia dapat melihat kalau saya berubah.

Titik akhir hubungan kami adalah ketika baru beberapa hari setelah kejadian ini semua, kami bertengkar karena suatu hal. Disini saya meluapkan bahwa saya juga dalam keadaan lelah setelah itu semua. Hal ini juga menjadi penyebab kami berlarut dalam pertengkaran hingga dia mengatakan kalau dia dari waktu mendiamkan saya sampai sekarang dia sudah tidak bisa melihat saya sebagai orang yang sama meskipun dia masih ada perasaan cinta dan sayang kepada saya. Disini dia mengatakan bahwa hubungan ini diakhiri. Dan hubungan kamipun berakhir dengan saling meminta maaf atas semuanya dan hingga kini kami masih ada komunikasi sedikit.

Saya kini dalam penyesalan, saya sangat menyadari kalau disini saya sangat salah dan jahat kepadanya. Saya pun menyadari hal ini harus diubah dan diperbaiki dengan meningkat kualitas dalam diri saya. Menurut para Komodos semua, apa yang harus saya lakukan? Saya dalam persimpangan ingin kembali berhubungan dengan F23, di satu sisi saya tahu saya sudah sangat jahat kepadanya dan harus memperbaiki diri saya dahulu.

Mohon maaf jika sedikit panjang, saya hanya ingin meluapkan perasaan sesal dan sedih saya. Mohon masukan dari para Komodos semua saya sangat butuh dengan masukan dan segala macam dari para Komodos.

Terimakasih.",https://www.reddit.com/r/indonesia/comments/15zh12o/butuh_bantuan_dari_para_redditors_semua/,post,emotional_distress,". Yang bikin dia sangat spesial bagi saya, dialah yang menolong saya ditengah adiksi saya sama alkohol dan saya benar benar kacau karena keluarga yang retak, intinya saya benar benar kacau.",,moderate,,
Indonesia,15zh12o,"Butuh Bantuan Dari Para Redditors Semua

Halo, salam kenal semuanya. Saya akan bercerita cukup panjang tentang permasalahan saya.

Perkenalkan saya M26, disini mungkin saya ingin menyampakain sedikit banyaknya permasalahan saya dengan kehidupan. Saya sudah berpacaran dengan si wanita ini, kita panggil saja F23 selama 2 tahun lebih ( dekat ke 3 bulan ). Kami berkenalan lewat apps di waktu pandemi. Ya, mungkin tidak terlalu lama bagi sebagian orang, tapi yang bikin lama sekali karena kami LDR dan kami sama - sama setuju dengan 24 jam VC ( video call ). Yang bikin dia sangat spesial bagi saya, dialah yang menolong saya ditengah adiksi saya sama alkohol dan saya benar benar kacau karena keluarga yang retak, intinya saya benar benar kacau. Hal ini juga membuat ditengah hubungan bahwa kami sudah sepakat untuk lanjut ke jenjang serius.

Disinilah bermulanya kenapa saya menulis thread ini. Saya yang menganggap untuk lanjut ke jenjang serius dengan seenaknya memutuskan kalau si F23 ini untuk tidak melanjutkan mimpi dia yaitu lanjut ke jenjang S2 diluar daerah asalnya dahulu dan langsung bekerja didaerah asalnya. Apa yang saya harapkan adalah dia menunggu saya yang baru lulus di umur 24 mendapatkan kerja baru mencari kerja. Dia setuju dan ikhlas atas hal ini, dan hal ini jugalah yang menjadi akar masalah hubungan kami setiap ada perdebatan.

Permasalahannya, saya disini sangat keras kepala dan tidak bijak dalam menghadapi orang yang saya sayangi. Saya sulit percaya kepadanya, saya menghambat perkembangan dia, saya menghalangi cita -citanya dan saya belum ada perkembangan dalam hidup saya setelah lulus. Untuk masalah sulit percaya ini cukup sering jadi penyebab pertengkaran dalam hubungan kami. Ketika dia kirim foto dan video dimana dia berada padahal dalam hp keaadaan video call pun saya masih sering uring - uringan tidak ada rasa percaya padanya.

Hal ini menyebabkan F23 meledak emosinya setelah setahun lebih saya ginikan, dimana dia merasa kalau selama ini pengorbanannya sia - sia kepada saya. Pada waktu ini kami hampir putus, disini juga saya merasa bersalah dan memperbaikinya.

Selanjutnya, saya disini juga punya kebiasan mengambil kesimpulan sendiri dan mengemukakan ke dia ketika kami berselisih. Titik puncaknya adalah emosinya muncul kembali dengan dia merasa sedih dan tidak mau berkomunikasi sama saya, tetapi vc tetap nyala. Dia minta untuk diberi waktu agar tenangkan diri dan hal ini terjadi selama seminggu. Setelah semua itu mereda saya kembali melakukan kebiasaan buruk saya yaitu, mengambil keputusan sendiri. Hal ini juga membuat dia meledak kembali dan membutuhkan waktu untuk tenang kembali.

Hingga akhirnya ketika dia meluapkan semua emosi ke saya, barulah saya tersadar semua kesalahan yang saya perbuat kepadanya dari awal hingga akhir. Disini saya juga sudah benar benar berusaha agar dia dapat melihat kalau saya berubah.

Titik akhir hubungan kami adalah ketika baru beberapa hari setelah kejadian ini semua, kami bertengkar karena suatu hal. Disini saya meluapkan bahwa saya juga dalam keadaan lelah setelah itu semua. Hal ini juga menjadi penyebab kami berlarut dalam pertengkaran hingga dia mengatakan kalau dia dari waktu mendiamkan saya sampai sekarang dia sudah tidak bisa melihat saya sebagai orang yang sama meskipun dia masih ada perasaan cinta dan sayang kepada saya. Disini dia mengatakan bahwa hubungan ini diakhiri. Dan hubungan kamipun berakhir dengan saling meminta maaf atas semuanya dan hingga kini kami masih ada komunikasi sedikit.

Saya kini dalam penyesalan, saya sangat menyadari kalau disini saya sangat salah dan jahat kepadanya. Saya pun menyadari hal ini harus diubah dan diperbaiki dengan meningkat kualitas dalam diri saya. Menurut para Komodos semua, apa yang harus saya lakukan? Saya dalam persimpangan ingin kembali berhubungan dengan F23, di satu sisi saya tahu saya sudah sangat jahat kepadanya dan harus memperbaiki diri saya dahulu.

Mohon maaf jika sedikit panjang, saya hanya ingin meluapkan perasaan sesal dan sedih saya. Mohon masukan dari para Komodos semua saya sangat butuh dengan masukan dan segala macam dari para Komodos.

Terimakasih.",https://www.reddit.com/r/indonesia/comments/15zh12o/butuh_bantuan_dari_para_redditors_semua/,post,cultural_signals,"Saya yang menganggap untuk lanjut ke jenjang serius dengan seenaknya memutuskan kalau si F23 ini untuk tidak melanjutkan mimpi dia yaitu lanjut ke jenjang S2 diluar daerah asalnya dahulu dan langsung bekerja didaerah asalnya. Apa yang saya harapkan adalah dia menunggu saya yang baru lulus di umur 24 mendapatkan kerja baru mencari kerja. Dia setuju dan ikhlas atas hal ini, dan hal ini jugalah yang menjadi akar masalah hubungan kami setiap ada perdebatan.",Values,,,
Indonesia,15zh12o,"Butuh Bantuan Dari Para Redditors Semua

Halo, salam kenal semuanya. Saya akan bercerita cukup panjang tentang permasalahan saya.

Perkenalkan saya M26, disini mungkin saya ingin menyampakain sedikit banyaknya permasalahan saya dengan kehidupan. Saya sudah berpacaran dengan si wanita ini, kita panggil saja F23 selama 2 tahun lebih ( dekat ke 3 bulan ). Kami berkenalan lewat apps di waktu pandemi. Ya, mungkin tidak terlalu lama bagi sebagian orang, tapi yang bikin lama sekali karena kami LDR dan kami sama - sama setuju dengan 24 jam VC ( video call ). Yang bikin dia sangat spesial bagi saya, dialah yang menolong saya ditengah adiksi saya sama alkohol dan saya benar benar kacau karena keluarga yang retak, intinya saya benar benar kacau. Hal ini juga membuat ditengah hubungan bahwa kami sudah sepakat untuk lanjut ke jenjang serius.

Disinilah bermulanya kenapa saya menulis thread ini. Saya yang menganggap untuk lanjut ke jenjang serius dengan seenaknya memutuskan kalau si F23 ini untuk tidak melanjutkan mimpi dia yaitu lanjut ke jenjang S2 diluar daerah asalnya dahulu dan langsung bekerja didaerah asalnya. Apa yang saya harapkan adalah dia menunggu saya yang baru lulus di umur 24 mendapatkan kerja baru mencari kerja. Dia setuju dan ikhlas atas hal ini, dan hal ini jugalah yang menjadi akar masalah hubungan kami setiap ada perdebatan.

Permasalahannya, saya disini sangat keras kepala dan tidak bijak dalam menghadapi orang yang saya sayangi. Saya sulit percaya kepadanya, saya menghambat perkembangan dia, saya menghalangi cita -citanya dan saya belum ada perkembangan dalam hidup saya setelah lulus. Untuk masalah sulit percaya ini cukup sering jadi penyebab pertengkaran dalam hubungan kami. Ketika dia kirim foto dan video dimana dia berada padahal dalam hp keaadaan video call pun saya masih sering uring - uringan tidak ada rasa percaya padanya.

Hal ini menyebabkan F23 meledak emosinya setelah setahun lebih saya ginikan, dimana dia merasa kalau selama ini pengorbanannya sia - sia kepada saya. Pada waktu ini kami hampir putus, disini juga saya merasa bersalah dan memperbaikinya.

Selanjutnya, saya disini juga punya kebiasan mengambil kesimpulan sendiri dan mengemukakan ke dia ketika kami berselisih. Titik puncaknya adalah emosinya muncul kembali dengan dia merasa sedih dan tidak mau berkomunikasi sama saya, tetapi vc tetap nyala. Dia minta untuk diberi waktu agar tenangkan diri dan hal ini terjadi selama seminggu. Setelah semua itu mereda saya kembali melakukan kebiasaan buruk saya yaitu, mengambil keputusan sendiri. Hal ini juga membuat dia meledak kembali dan membutuhkan waktu untuk tenang kembali.

Hingga akhirnya ketika dia meluapkan semua emosi ke saya, barulah saya tersadar semua kesalahan yang saya perbuat kepadanya dari awal hingga akhir. Disini saya juga sudah benar benar berusaha agar dia dapat melihat kalau saya berubah.

Titik akhir hubungan kami adalah ketika baru beberapa hari setelah kejadian ini semua, kami bertengkar karena suatu hal. Disini saya meluapkan bahwa saya juga dalam keadaan lelah setelah itu semua. Hal ini juga menjadi penyebab kami berlarut dalam pertengkaran hingga dia mengatakan kalau dia dari waktu mendiamkan saya sampai sekarang dia sudah tidak bisa melihat saya sebagai orang yang sama meskipun dia masih ada perasaan cinta dan sayang kepada saya. Disini dia mengatakan bahwa hubungan ini diakhiri. Dan hubungan kamipun berakhir dengan saling meminta maaf atas semuanya dan hingga kini kami masih ada komunikasi sedikit.

Saya kini dalam penyesalan, saya sangat menyadari kalau disini saya sangat salah dan jahat kepadanya. Saya pun menyadari hal ini harus diubah dan diperbaiki dengan meningkat kualitas dalam diri saya. Menurut para Komodos semua, apa yang harus saya lakukan? Saya dalam persimpangan ingin kembali berhubungan dengan F23, di satu sisi saya tahu saya sudah sangat jahat kepadanya dan harus memperbaiki diri saya dahulu.

Mohon maaf jika sedikit panjang, saya hanya ingin meluapkan perasaan sesal dan sedih saya. Mohon masukan dari para Komodos semua saya sangat butuh dengan masukan dan segala macam dari para Komodos.

Terimakasih.",https://www.reddit.com/r/indonesia/comments/15zh12o/butuh_bantuan_dari_para_redditors_semua/,post,emotional_distress,"Saya sulit percaya kepadanya, saya menghambat perkembangan dia, saya menghalangi cita -citanya dan saya belum ada perkembangan dalam hidup saya setelah lulus. Untuk masalah sulit percaya ini cukup sering jadi penyebab pertengkaran dalam hubungan kami",,light,,
Indonesia,15zh12o,"Butuh Bantuan Dari Para Redditors Semua

Halo, salam kenal semuanya. Saya akan bercerita cukup panjang tentang permasalahan saya.

Perkenalkan saya M26, disini mungkin saya ingin menyampakain sedikit banyaknya permasalahan saya dengan kehidupan. Saya sudah berpacaran dengan si wanita ini, kita panggil saja F23 selama 2 tahun lebih ( dekat ke 3 bulan ). Kami berkenalan lewat apps di waktu pandemi. Ya, mungkin tidak terlalu lama bagi sebagian orang, tapi yang bikin lama sekali karena kami LDR dan kami sama - sama setuju dengan 24 jam VC ( video call ). Yang bikin dia sangat spesial bagi saya, dialah yang menolong saya ditengah adiksi saya sama alkohol dan saya benar benar kacau karena keluarga yang retak, intinya saya benar benar kacau. Hal ini juga membuat ditengah hubungan bahwa kami sudah sepakat untuk lanjut ke jenjang serius.

Disinilah bermulanya kenapa saya menulis thread ini. Saya yang menganggap untuk lanjut ke jenjang serius dengan seenaknya memutuskan kalau si F23 ini untuk tidak melanjutkan mimpi dia yaitu lanjut ke jenjang S2 diluar daerah asalnya dahulu dan langsung bekerja didaerah asalnya. Apa yang saya harapkan adalah dia menunggu saya yang baru lulus di umur 24 mendapatkan kerja baru mencari kerja. Dia setuju dan ikhlas atas hal ini, dan hal ini jugalah yang menjadi akar masalah hubungan kami setiap ada perdebatan.

Permasalahannya, saya disini sangat keras kepala dan tidak bijak dalam menghadapi orang yang saya sayangi. Saya sulit percaya kepadanya, saya menghambat perkembangan dia, saya menghalangi cita -citanya dan saya belum ada perkembangan dalam hidup saya setelah lulus. Untuk masalah sulit percaya ini cukup sering jadi penyebab pertengkaran dalam hubungan kami. Ketika dia kirim foto dan video dimana dia berada padahal dalam hp keaadaan video call pun saya masih sering uring - uringan tidak ada rasa percaya padanya.

Hal ini menyebabkan F23 meledak emosinya setelah setahun lebih saya ginikan, dimana dia merasa kalau selama ini pengorbanannya sia - sia kepada saya. Pada waktu ini kami hampir putus, disini juga saya merasa bersalah dan memperbaikinya.

Selanjutnya, saya disini juga punya kebiasan mengambil kesimpulan sendiri dan mengemukakan ke dia ketika kami berselisih. Titik puncaknya adalah emosinya muncul kembali dengan dia merasa sedih dan tidak mau berkomunikasi sama saya, tetapi vc tetap nyala. Dia minta untuk diberi waktu agar tenangkan diri dan hal ini terjadi selama seminggu. Setelah semua itu mereda saya kembali melakukan kebiasaan buruk saya yaitu, mengambil keputusan sendiri. Hal ini juga membuat dia meledak kembali dan membutuhkan waktu untuk tenang kembali.

Hingga akhirnya ketika dia meluapkan semua emosi ke saya, barulah saya tersadar semua kesalahan yang saya perbuat kepadanya dari awal hingga akhir. Disini saya juga sudah benar benar berusaha agar dia dapat melihat kalau saya berubah.

Titik akhir hubungan kami adalah ketika baru beberapa hari setelah kejadian ini semua, kami bertengkar karena suatu hal. Disini saya meluapkan bahwa saya juga dalam keadaan lelah setelah itu semua. Hal ini juga menjadi penyebab kami berlarut dalam pertengkaran hingga dia mengatakan kalau dia dari waktu mendiamkan saya sampai sekarang dia sudah tidak bisa melihat saya sebagai orang yang sama meskipun dia masih ada perasaan cinta dan sayang kepada saya. Disini dia mengatakan bahwa hubungan ini diakhiri. Dan hubungan kamipun berakhir dengan saling meminta maaf atas semuanya dan hingga kini kami masih ada komunikasi sedikit.

Saya kini dalam penyesalan, saya sangat menyadari kalau disini saya sangat salah dan jahat kepadanya. Saya pun menyadari hal ini harus diubah dan diperbaiki dengan meningkat kualitas dalam diri saya. Menurut para Komodos semua, apa yang harus saya lakukan? Saya dalam persimpangan ingin kembali berhubungan dengan F23, di satu sisi saya tahu saya sudah sangat jahat kepadanya dan harus memperbaiki diri saya dahulu.

Mohon maaf jika sedikit panjang, saya hanya ingin meluapkan perasaan sesal dan sedih saya. Mohon masukan dari para Komodos semua saya sangat butuh dengan masukan dan segala macam dari para Komodos.

Terimakasih.",https://www.reddit.com/r/indonesia/comments/15zh12o/butuh_bantuan_dari_para_redditors_semua/,post,cultural_signals,"Hingga akhirnya ketika dia meluapkan semua emosi ke saya, barulah saya tersadar semua kesalahan yang saya perbuat kepadanya dari awal hingga akhir. Disini saya juga sudah benar benar berusaha agar dia dapat melihat kalau saya berubah.",Knowledge,,,
Indonesia,15zh12o,"Butuh Bantuan Dari Para Redditors Semua

Halo, salam kenal semuanya. Saya akan bercerita cukup panjang tentang permasalahan saya.

Perkenalkan saya M26, disini mungkin saya ingin menyampakain sedikit banyaknya permasalahan saya dengan kehidupan. Saya sudah berpacaran dengan si wanita ini, kita panggil saja F23 selama 2 tahun lebih ( dekat ke 3 bulan ). Kami berkenalan lewat apps di waktu pandemi. Ya, mungkin tidak terlalu lama bagi sebagian orang, tapi yang bikin lama sekali karena kami LDR dan kami sama - sama setuju dengan 24 jam VC ( video call ). Yang bikin dia sangat spesial bagi saya, dialah yang menolong saya ditengah adiksi saya sama alkohol dan saya benar benar kacau karena keluarga yang retak, intinya saya benar benar kacau. Hal ini juga membuat ditengah hubungan bahwa kami sudah sepakat untuk lanjut ke jenjang serius.

Disinilah bermulanya kenapa saya menulis thread ini. Saya yang menganggap untuk lanjut ke jenjang serius dengan seenaknya memutuskan kalau si F23 ini untuk tidak melanjutkan mimpi dia yaitu lanjut ke jenjang S2 diluar daerah asalnya dahulu dan langsung bekerja didaerah asalnya. Apa yang saya harapkan adalah dia menunggu saya yang baru lulus di umur 24 mendapatkan kerja baru mencari kerja. Dia setuju dan ikhlas atas hal ini, dan hal ini jugalah yang menjadi akar masalah hubungan kami setiap ada perdebatan.

Permasalahannya, saya disini sangat keras kepala dan tidak bijak dalam menghadapi orang yang saya sayangi. Saya sulit percaya kepadanya, saya menghambat perkembangan dia, saya menghalangi cita -citanya dan saya belum ada perkembangan dalam hidup saya setelah lulus. Untuk masalah sulit percaya ini cukup sering jadi penyebab pertengkaran dalam hubungan kami. Ketika dia kirim foto dan video dimana dia berada padahal dalam hp keaadaan video call pun saya masih sering uring - uringan tidak ada rasa percaya padanya.

Hal ini menyebabkan F23 meledak emosinya setelah setahun lebih saya ginikan, dimana dia merasa kalau selama ini pengorbanannya sia - sia kepada saya. Pada waktu ini kami hampir putus, disini juga saya merasa bersalah dan memperbaikinya.

Selanjutnya, saya disini juga punya kebiasan mengambil kesimpulan sendiri dan mengemukakan ke dia ketika kami berselisih. Titik puncaknya adalah emosinya muncul kembali dengan dia merasa sedih dan tidak mau berkomunikasi sama saya, tetapi vc tetap nyala. Dia minta untuk diberi waktu agar tenangkan diri dan hal ini terjadi selama seminggu. Setelah semua itu mereda saya kembali melakukan kebiasaan buruk saya yaitu, mengambil keputusan sendiri. Hal ini juga membuat dia meledak kembali dan membutuhkan waktu untuk tenang kembali.

Hingga akhirnya ketika dia meluapkan semua emosi ke saya, barulah saya tersadar semua kesalahan yang saya perbuat kepadanya dari awal hingga akhir. Disini saya juga sudah benar benar berusaha agar dia dapat melihat kalau saya berubah.

Titik akhir hubungan kami adalah ketika baru beberapa hari setelah kejadian ini semua, kami bertengkar karena suatu hal. Disini saya meluapkan bahwa saya juga dalam keadaan lelah setelah itu semua. Hal ini juga menjadi penyebab kami berlarut dalam pertengkaran hingga dia mengatakan kalau dia dari waktu mendiamkan saya sampai sekarang dia sudah tidak bisa melihat saya sebagai orang yang sama meskipun dia masih ada perasaan cinta dan sayang kepada saya. Disini dia mengatakan bahwa hubungan ini diakhiri. Dan hubungan kamipun berakhir dengan saling meminta maaf atas semuanya dan hingga kini kami masih ada komunikasi sedikit.

Saya kini dalam penyesalan, saya sangat menyadari kalau disini saya sangat salah dan jahat kepadanya. Saya pun menyadari hal ini harus diubah dan diperbaiki dengan meningkat kualitas dalam diri saya. Menurut para Komodos semua, apa yang harus saya lakukan? Saya dalam persimpangan ingin kembali berhubungan dengan F23, di satu sisi saya tahu saya sudah sangat jahat kepadanya dan harus memperbaiki diri saya dahulu.

Mohon maaf jika sedikit panjang, saya hanya ingin meluapkan perasaan sesal dan sedih saya. Mohon masukan dari para Komodos semua saya sangat butuh dengan masukan dan segala macam dari para Komodos.

Terimakasih.",https://www.reddit.com/r/indonesia/comments/15zh12o/butuh_bantuan_dari_para_redditors_semua/,post,emotional_distress,"Saya kini dalam penyesalan, saya sangat menyadari kalau disini saya sangat salah dan jahat kepadanya",,moderate,,
Indonesia,15zh12o,"Butuh Bantuan Dari Para Redditors Semua

Halo, salam kenal semuanya. Saya akan bercerita cukup panjang tentang permasalahan saya.

Perkenalkan saya M26, disini mungkin saya ingin menyampakain sedikit banyaknya permasalahan saya dengan kehidupan. Saya sudah berpacaran dengan si wanita ini, kita panggil saja F23 selama 2 tahun lebih ( dekat ke 3 bulan ). Kami berkenalan lewat apps di waktu pandemi. Ya, mungkin tidak terlalu lama bagi sebagian orang, tapi yang bikin lama sekali karena kami LDR dan kami sama - sama setuju dengan 24 jam VC ( video call ). Yang bikin dia sangat spesial bagi saya, dialah yang menolong saya ditengah adiksi saya sama alkohol dan saya benar benar kacau karena keluarga yang retak, intinya saya benar benar kacau. Hal ini juga membuat ditengah hubungan bahwa kami sudah sepakat untuk lanjut ke jenjang serius.

Disinilah bermulanya kenapa saya menulis thread ini. Saya yang menganggap untuk lanjut ke jenjang serius dengan seenaknya memutuskan kalau si F23 ini untuk tidak melanjutkan mimpi dia yaitu lanjut ke jenjang S2 diluar daerah asalnya dahulu dan langsung bekerja didaerah asalnya. Apa yang saya harapkan adalah dia menunggu saya yang baru lulus di umur 24 mendapatkan kerja baru mencari kerja. Dia setuju dan ikhlas atas hal ini, dan hal ini jugalah yang menjadi akar masalah hubungan kami setiap ada perdebatan.

Permasalahannya, saya disini sangat keras kepala dan tidak bijak dalam menghadapi orang yang saya sayangi. Saya sulit percaya kepadanya, saya menghambat perkembangan dia, saya menghalangi cita -citanya dan saya belum ada perkembangan dalam hidup saya setelah lulus. Untuk masalah sulit percaya ini cukup sering jadi penyebab pertengkaran dalam hubungan kami. Ketika dia kirim foto dan video dimana dia berada padahal dalam hp keaadaan video call pun saya masih sering uring - uringan tidak ada rasa percaya padanya.

Hal ini menyebabkan F23 meledak emosinya setelah setahun lebih saya ginikan, dimana dia merasa kalau selama ini pengorbanannya sia - sia kepada saya. Pada waktu ini kami hampir putus, disini juga saya merasa bersalah dan memperbaikinya.

Selanjutnya, saya disini juga punya kebiasan mengambil kesimpulan sendiri dan mengemukakan ke dia ketika kami berselisih. Titik puncaknya adalah emosinya muncul kembali dengan dia merasa sedih dan tidak mau berkomunikasi sama saya, tetapi vc tetap nyala. Dia minta untuk diberi waktu agar tenangkan diri dan hal ini terjadi selama seminggu. Setelah semua itu mereda saya kembali melakukan kebiasaan buruk saya yaitu, mengambil keputusan sendiri. Hal ini juga membuat dia meledak kembali dan membutuhkan waktu untuk tenang kembali.

Hingga akhirnya ketika dia meluapkan semua emosi ke saya, barulah saya tersadar semua kesalahan yang saya perbuat kepadanya dari awal hingga akhir. Disini saya juga sudah benar benar berusaha agar dia dapat melihat kalau saya berubah.

Titik akhir hubungan kami adalah ketika baru beberapa hari setelah kejadian ini semua, kami bertengkar karena suatu hal. Disini saya meluapkan bahwa saya juga dalam keadaan lelah setelah itu semua. Hal ini juga menjadi penyebab kami berlarut dalam pertengkaran hingga dia mengatakan kalau dia dari waktu mendiamkan saya sampai sekarang dia sudah tidak bisa melihat saya sebagai orang yang sama meskipun dia masih ada perasaan cinta dan sayang kepada saya. Disini dia mengatakan bahwa hubungan ini diakhiri. Dan hubungan kamipun berakhir dengan saling meminta maaf atas semuanya dan hingga kini kami masih ada komunikasi sedikit.

Saya kini dalam penyesalan, saya sangat menyadari kalau disini saya sangat salah dan jahat kepadanya. Saya pun menyadari hal ini harus diubah dan diperbaiki dengan meningkat kualitas dalam diri saya. Menurut para Komodos semua, apa yang harus saya lakukan? Saya dalam persimpangan ingin kembali berhubungan dengan F23, di satu sisi saya tahu saya sudah sangat jahat kepadanya dan harus memperbaiki diri saya dahulu.

Mohon maaf jika sedikit panjang, saya hanya ingin meluapkan perasaan sesal dan sedih saya. Mohon masukan dari para Komodos semua saya sangat butuh dengan masukan dan segala macam dari para Komodos.

Terimakasih.",https://www.reddit.com/r/indonesia/comments/15zh12o/butuh_bantuan_dari_para_redditors_semua/,post,emotional_distress,"Mohon maaf jika sedikit panjang, saya hanya ingin meluapkan perasaan sesal dan sedih saya",,moderate,,
Indonesia,15zh12o,"Butuh Bantuan Dari Para Redditors Semua

Halo, salam kenal semuanya. Saya akan bercerita cukup panjang tentang permasalahan saya.

Perkenalkan saya M26, disini mungkin saya ingin menyampakain sedikit banyaknya permasalahan saya dengan kehidupan. Saya sudah berpacaran dengan si wanita ini, kita panggil saja F23 selama 2 tahun lebih ( dekat ke 3 bulan ). Kami berkenalan lewat apps di waktu pandemi. Ya, mungkin tidak terlalu lama bagi sebagian orang, tapi yang bikin lama sekali karena kami LDR dan kami sama - sama setuju dengan 24 jam VC ( video call ). Yang bikin dia sangat spesial bagi saya, dialah yang menolong saya ditengah adiksi saya sama alkohol dan saya benar benar kacau karena keluarga yang retak, intinya saya benar benar kacau. Hal ini juga membuat ditengah hubungan bahwa kami sudah sepakat untuk lanjut ke jenjang serius.

Disinilah bermulanya kenapa saya menulis thread ini. Saya yang menganggap untuk lanjut ke jenjang serius dengan seenaknya memutuskan kalau si F23 ini untuk tidak melanjutkan mimpi dia yaitu lanjut ke jenjang S2 diluar daerah asalnya dahulu dan langsung bekerja didaerah asalnya. Apa yang saya harapkan adalah dia menunggu saya yang baru lulus di umur 24 mendapatkan kerja baru mencari kerja. Dia setuju dan ikhlas atas hal ini, dan hal ini jugalah yang menjadi akar masalah hubungan kami setiap ada perdebatan.

Permasalahannya, saya disini sangat keras kepala dan tidak bijak dalam menghadapi orang yang saya sayangi. Saya sulit percaya kepadanya, saya menghambat perkembangan dia, saya menghalangi cita -citanya dan saya belum ada perkembangan dalam hidup saya setelah lulus. Untuk masalah sulit percaya ini cukup sering jadi penyebab pertengkaran dalam hubungan kami. Ketika dia kirim foto dan video dimana dia berada padahal dalam hp keaadaan video call pun saya masih sering uring - uringan tidak ada rasa percaya padanya.

Hal ini menyebabkan F23 meledak emosinya setelah setahun lebih saya ginikan, dimana dia merasa kalau selama ini pengorbanannya sia - sia kepada saya. Pada waktu ini kami hampir putus, disini juga saya merasa bersalah dan memperbaikinya.

Selanjutnya, saya disini juga punya kebiasan mengambil kesimpulan sendiri dan mengemukakan ke dia ketika kami berselisih. Titik puncaknya adalah emosinya muncul kembali dengan dia merasa sedih dan tidak mau berkomunikasi sama saya, tetapi vc tetap nyala. Dia minta untuk diberi waktu agar tenangkan diri dan hal ini terjadi selama seminggu. Setelah semua itu mereda saya kembali melakukan kebiasaan buruk saya yaitu, mengambil keputusan sendiri. Hal ini juga membuat dia meledak kembali dan membutuhkan waktu untuk tenang kembali.

Hingga akhirnya ketika dia meluapkan semua emosi ke saya, barulah saya tersadar semua kesalahan yang saya perbuat kepadanya dari awal hingga akhir. Disini saya juga sudah benar benar berusaha agar dia dapat melihat kalau saya berubah.

Titik akhir hubungan kami adalah ketika baru beberapa hari setelah kejadian ini semua, kami bertengkar karena suatu hal. Disini saya meluapkan bahwa saya juga dalam keadaan lelah setelah itu semua. Hal ini juga menjadi penyebab kami berlarut dalam pertengkaran hingga dia mengatakan kalau dia dari waktu mendiamkan saya sampai sekarang dia sudah tidak bisa melihat saya sebagai orang yang sama meskipun dia masih ada perasaan cinta dan sayang kepada saya. Disini dia mengatakan bahwa hubungan ini diakhiri. Dan hubungan kamipun berakhir dengan saling meminta maaf atas semuanya dan hingga kini kami masih ada komunikasi sedikit.

Saya kini dalam penyesalan, saya sangat menyadari kalau disini saya sangat salah dan jahat kepadanya. Saya pun menyadari hal ini harus diubah dan diperbaiki dengan meningkat kualitas dalam diri saya. Menurut para Komodos semua, apa yang harus saya lakukan? Saya dalam persimpangan ingin kembali berhubungan dengan F23, di satu sisi saya tahu saya sudah sangat jahat kepadanya dan harus memperbaiki diri saya dahulu.

Mohon maaf jika sedikit panjang, saya hanya ingin meluapkan perasaan sesal dan sedih saya. Mohon masukan dari para Komodos semua saya sangat butuh dengan masukan dan segala macam dari para Komodos.

Terimakasih.",https://www.reddit.com/r/indonesia/comments/15zh12o/butuh_bantuan_dari_para_redditors_semua/,response,emotional_support,"Ngga usah pacar2an dulu, take a break. Find new male friends, focus on career, bahagiain ortu lo.",,,Providing Suggestions,
Indonesia,15zh12o,"Butuh Bantuan Dari Para Redditors Semua

Halo, salam kenal semuanya. Saya akan bercerita cukup panjang tentang permasalahan saya.

Perkenalkan saya M26, disini mungkin saya ingin menyampakain sedikit banyaknya permasalahan saya dengan kehidupan. Saya sudah berpacaran dengan si wanita ini, kita panggil saja F23 selama 2 tahun lebih ( dekat ke 3 bulan ). Kami berkenalan lewat apps di waktu pandemi. Ya, mungkin tidak terlalu lama bagi sebagian orang, tapi yang bikin lama sekali karena kami LDR dan kami sama - sama setuju dengan 24 jam VC ( video call ). Yang bikin dia sangat spesial bagi saya, dialah yang menolong saya ditengah adiksi saya sama alkohol dan saya benar benar kacau karena keluarga yang retak, intinya saya benar benar kacau. Hal ini juga membuat ditengah hubungan bahwa kami sudah sepakat untuk lanjut ke jenjang serius.

Disinilah bermulanya kenapa saya menulis thread ini. Saya yang menganggap untuk lanjut ke jenjang serius dengan seenaknya memutuskan kalau si F23 ini untuk tidak melanjutkan mimpi dia yaitu lanjut ke jenjang S2 diluar daerah asalnya dahulu dan langsung bekerja didaerah asalnya. Apa yang saya harapkan adalah dia menunggu saya yang baru lulus di umur 24 mendapatkan kerja baru mencari kerja. Dia setuju dan ikhlas atas hal ini, dan hal ini jugalah yang menjadi akar masalah hubungan kami setiap ada perdebatan.

Permasalahannya, saya disini sangat keras kepala dan tidak bijak dalam menghadapi orang yang saya sayangi. Saya sulit percaya kepadanya, saya menghambat perkembangan dia, saya menghalangi cita -citanya dan saya belum ada perkembangan dalam hidup saya setelah lulus. Untuk masalah sulit percaya ini cukup sering jadi penyebab pertengkaran dalam hubungan kami. Ketika dia kirim foto dan video dimana dia berada padahal dalam hp keaadaan video call pun saya masih sering uring - uringan tidak ada rasa percaya padanya.

Hal ini menyebabkan F23 meledak emosinya setelah setahun lebih saya ginikan, dimana dia merasa kalau selama ini pengorbanannya sia - sia kepada saya. Pada waktu ini kami hampir putus, disini juga saya merasa bersalah dan memperbaikinya.

Selanjutnya, saya disini juga punya kebiasan mengambil kesimpulan sendiri dan mengemukakan ke dia ketika kami berselisih. Titik puncaknya adalah emosinya muncul kembali dengan dia merasa sedih dan tidak mau berkomunikasi sama saya, tetapi vc tetap nyala. Dia minta untuk diberi waktu agar tenangkan diri dan hal ini terjadi selama seminggu. Setelah semua itu mereda saya kembali melakukan kebiasaan buruk saya yaitu, mengambil keputusan sendiri. Hal ini juga membuat dia meledak kembali dan membutuhkan waktu untuk tenang kembali.

Hingga akhirnya ketika dia meluapkan semua emosi ke saya, barulah saya tersadar semua kesalahan yang saya perbuat kepadanya dari awal hingga akhir. Disini saya juga sudah benar benar berusaha agar dia dapat melihat kalau saya berubah.

Titik akhir hubungan kami adalah ketika baru beberapa hari setelah kejadian ini semua, kami bertengkar karena suatu hal. Disini saya meluapkan bahwa saya juga dalam keadaan lelah setelah itu semua. Hal ini juga menjadi penyebab kami berlarut dalam pertengkaran hingga dia mengatakan kalau dia dari waktu mendiamkan saya sampai sekarang dia sudah tidak bisa melihat saya sebagai orang yang sama meskipun dia masih ada perasaan cinta dan sayang kepada saya. Disini dia mengatakan bahwa hubungan ini diakhiri. Dan hubungan kamipun berakhir dengan saling meminta maaf atas semuanya dan hingga kini kami masih ada komunikasi sedikit.

Saya kini dalam penyesalan, saya sangat menyadari kalau disini saya sangat salah dan jahat kepadanya. Saya pun menyadari hal ini harus diubah dan diperbaiki dengan meningkat kualitas dalam diri saya. Menurut para Komodos semua, apa yang harus saya lakukan? Saya dalam persimpangan ingin kembali berhubungan dengan F23, di satu sisi saya tahu saya sudah sangat jahat kepadanya dan harus memperbaiki diri saya dahulu.

Mohon maaf jika sedikit panjang, saya hanya ingin meluapkan perasaan sesal dan sedih saya. Mohon masukan dari para Komodos semua saya sangat butuh dengan masukan dan segala macam dari para Komodos.

Terimakasih.",https://www.reddit.com/r/indonesia/comments/15zh12o/butuh_bantuan_dari_para_redditors_semua/,response,emotional_support,At this point you might become wiser and better person.,,,Information,
Indonesia,15zh12o,"Butuh Bantuan Dari Para Redditors Semua

Halo, salam kenal semuanya. Saya akan bercerita cukup panjang tentang permasalahan saya.

Perkenalkan saya M26, disini mungkin saya ingin menyampakain sedikit banyaknya permasalahan saya dengan kehidupan. Saya sudah berpacaran dengan si wanita ini, kita panggil saja F23 selama 2 tahun lebih ( dekat ke 3 bulan ). Kami berkenalan lewat apps di waktu pandemi. Ya, mungkin tidak terlalu lama bagi sebagian orang, tapi yang bikin lama sekali karena kami LDR dan kami sama - sama setuju dengan 24 jam VC ( video call ). Yang bikin dia sangat spesial bagi saya, dialah yang menolong saya ditengah adiksi saya sama alkohol dan saya benar benar kacau karena keluarga yang retak, intinya saya benar benar kacau. Hal ini juga membuat ditengah hubungan bahwa kami sudah sepakat untuk lanjut ke jenjang serius.

Disinilah bermulanya kenapa saya menulis thread ini. Saya yang menganggap untuk lanjut ke jenjang serius dengan seenaknya memutuskan kalau si F23 ini untuk tidak melanjutkan mimpi dia yaitu lanjut ke jenjang S2 diluar daerah asalnya dahulu dan langsung bekerja didaerah asalnya. Apa yang saya harapkan adalah dia menunggu saya yang baru lulus di umur 24 mendapatkan kerja baru mencari kerja. Dia setuju dan ikhlas atas hal ini, dan hal ini jugalah yang menjadi akar masalah hubungan kami setiap ada perdebatan.

Permasalahannya, saya disini sangat keras kepala dan tidak bijak dalam menghadapi orang yang saya sayangi. Saya sulit percaya kepadanya, saya menghambat perkembangan dia, saya menghalangi cita -citanya dan saya belum ada perkembangan dalam hidup saya setelah lulus. Untuk masalah sulit percaya ini cukup sering jadi penyebab pertengkaran dalam hubungan kami. Ketika dia kirim foto dan video dimana dia berada padahal dalam hp keaadaan video call pun saya masih sering uring - uringan tidak ada rasa percaya padanya.

Hal ini menyebabkan F23 meledak emosinya setelah setahun lebih saya ginikan, dimana dia merasa kalau selama ini pengorbanannya sia - sia kepada saya. Pada waktu ini kami hampir putus, disini juga saya merasa bersalah dan memperbaikinya.

Selanjutnya, saya disini juga punya kebiasan mengambil kesimpulan sendiri dan mengemukakan ke dia ketika kami berselisih. Titik puncaknya adalah emosinya muncul kembali dengan dia merasa sedih dan tidak mau berkomunikasi sama saya, tetapi vc tetap nyala. Dia minta untuk diberi waktu agar tenangkan diri dan hal ini terjadi selama seminggu. Setelah semua itu mereda saya kembali melakukan kebiasaan buruk saya yaitu, mengambil keputusan sendiri. Hal ini juga membuat dia meledak kembali dan membutuhkan waktu untuk tenang kembali.

Hingga akhirnya ketika dia meluapkan semua emosi ke saya, barulah saya tersadar semua kesalahan yang saya perbuat kepadanya dari awal hingga akhir. Disini saya juga sudah benar benar berusaha agar dia dapat melihat kalau saya berubah.

Titik akhir hubungan kami adalah ketika baru beberapa hari setelah kejadian ini semua, kami bertengkar karena suatu hal. Disini saya meluapkan bahwa saya juga dalam keadaan lelah setelah itu semua. Hal ini juga menjadi penyebab kami berlarut dalam pertengkaran hingga dia mengatakan kalau dia dari waktu mendiamkan saya sampai sekarang dia sudah tidak bisa melihat saya sebagai orang yang sama meskipun dia masih ada perasaan cinta dan sayang kepada saya. Disini dia mengatakan bahwa hubungan ini diakhiri. Dan hubungan kamipun berakhir dengan saling meminta maaf atas semuanya dan hingga kini kami masih ada komunikasi sedikit.

Saya kini dalam penyesalan, saya sangat menyadari kalau disini saya sangat salah dan jahat kepadanya. Saya pun menyadari hal ini harus diubah dan diperbaiki dengan meningkat kualitas dalam diri saya. Menurut para Komodos semua, apa yang harus saya lakukan? Saya dalam persimpangan ingin kembali berhubungan dengan F23, di satu sisi saya tahu saya sudah sangat jahat kepadanya dan harus memperbaiki diri saya dahulu.

Mohon maaf jika sedikit panjang, saya hanya ingin meluapkan perasaan sesal dan sedih saya. Mohon masukan dari para Komodos semua saya sangat butuh dengan masukan dan segala macam dari para Komodos.

Terimakasih.",https://www.reddit.com/r/indonesia/comments/15zh12o/butuh_bantuan_dari_para_redditors_semua/,response,emotional_support,"Kalo dah tenang, make new start with new people, jangan sama si dia.",,,Providing Suggestions,
Indonesia,15zh12o,"Butuh Bantuan Dari Para Redditors Semua

Halo, salam kenal semuanya. Saya akan bercerita cukup panjang tentang permasalahan saya.

Perkenalkan saya M26, disini mungkin saya ingin menyampakain sedikit banyaknya permasalahan saya dengan kehidupan. Saya sudah berpacaran dengan si wanita ini, kita panggil saja F23 selama 2 tahun lebih ( dekat ke 3 bulan ). Kami berkenalan lewat apps di waktu pandemi. Ya, mungkin tidak terlalu lama bagi sebagian orang, tapi yang bikin lama sekali karena kami LDR dan kami sama - sama setuju dengan 24 jam VC ( video call ). Yang bikin dia sangat spesial bagi saya, dialah yang menolong saya ditengah adiksi saya sama alkohol dan saya benar benar kacau karena keluarga yang retak, intinya saya benar benar kacau. Hal ini juga membuat ditengah hubungan bahwa kami sudah sepakat untuk lanjut ke jenjang serius.

Disinilah bermulanya kenapa saya menulis thread ini. Saya yang menganggap untuk lanjut ke jenjang serius dengan seenaknya memutuskan kalau si F23 ini untuk tidak melanjutkan mimpi dia yaitu lanjut ke jenjang S2 diluar daerah asalnya dahulu dan langsung bekerja didaerah asalnya. Apa yang saya harapkan adalah dia menunggu saya yang baru lulus di umur 24 mendapatkan kerja baru mencari kerja. Dia setuju dan ikhlas atas hal ini, dan hal ini jugalah yang menjadi akar masalah hubungan kami setiap ada perdebatan.

Permasalahannya, saya disini sangat keras kepala dan tidak bijak dalam menghadapi orang yang saya sayangi. Saya sulit percaya kepadanya, saya menghambat perkembangan dia, saya menghalangi cita -citanya dan saya belum ada perkembangan dalam hidup saya setelah lulus. Untuk masalah sulit percaya ini cukup sering jadi penyebab pertengkaran dalam hubungan kami. Ketika dia kirim foto dan video dimana dia berada padahal dalam hp keaadaan video call pun saya masih sering uring - uringan tidak ada rasa percaya padanya.

Hal ini menyebabkan F23 meledak emosinya setelah setahun lebih saya ginikan, dimana dia merasa kalau selama ini pengorbanannya sia - sia kepada saya. Pada waktu ini kami hampir putus, disini juga saya merasa bersalah dan memperbaikinya.

Selanjutnya, saya disini juga punya kebiasan mengambil kesimpulan sendiri dan mengemukakan ke dia ketika kami berselisih. Titik puncaknya adalah emosinya muncul kembali dengan dia merasa sedih dan tidak mau berkomunikasi sama saya, tetapi vc tetap nyala. Dia minta untuk diberi waktu agar tenangkan diri dan hal ini terjadi selama seminggu. Setelah semua itu mereda saya kembali melakukan kebiasaan buruk saya yaitu, mengambil keputusan sendiri. Hal ini juga membuat dia meledak kembali dan membutuhkan waktu untuk tenang kembali.

Hingga akhirnya ketika dia meluapkan semua emosi ke saya, barulah saya tersadar semua kesalahan yang saya perbuat kepadanya dari awal hingga akhir. Disini saya juga sudah benar benar berusaha agar dia dapat melihat kalau saya berubah.

Titik akhir hubungan kami adalah ketika baru beberapa hari setelah kejadian ini semua, kami bertengkar karena suatu hal. Disini saya meluapkan bahwa saya juga dalam keadaan lelah setelah itu semua. Hal ini juga menjadi penyebab kami berlarut dalam pertengkaran hingga dia mengatakan kalau dia dari waktu mendiamkan saya sampai sekarang dia sudah tidak bisa melihat saya sebagai orang yang sama meskipun dia masih ada perasaan cinta dan sayang kepada saya. Disini dia mengatakan bahwa hubungan ini diakhiri. Dan hubungan kamipun berakhir dengan saling meminta maaf atas semuanya dan hingga kini kami masih ada komunikasi sedikit.

Saya kini dalam penyesalan, saya sangat menyadari kalau disini saya sangat salah dan jahat kepadanya. Saya pun menyadari hal ini harus diubah dan diperbaiki dengan meningkat kualitas dalam diri saya. Menurut para Komodos semua, apa yang harus saya lakukan? Saya dalam persimpangan ingin kembali berhubungan dengan F23, di satu sisi saya tahu saya sudah sangat jahat kepadanya dan harus memperbaiki diri saya dahulu.

Mohon maaf jika sedikit panjang, saya hanya ingin meluapkan perasaan sesal dan sedih saya. Mohon masukan dari para Komodos semua saya sangat butuh dengan masukan dan segala macam dari para Komodos.

Terimakasih.",https://www.reddit.com/r/indonesia/comments/15zh12o/butuh_bantuan_dari_para_redditors_semua/,response,emotional_support,"Gw aja ogah deket2 sama orang yg kelakuannya kaya lu apalagi dia, stop being selfish biarin dia happy dengan orang lain.",,,Self-disclosure,
Indonesia,15zh12o,"Butuh Bantuan Dari Para Redditors Semua

Halo, salam kenal semuanya. Saya akan bercerita cukup panjang tentang permasalahan saya.

Perkenalkan saya M26, disini mungkin saya ingin menyampakain sedikit banyaknya permasalahan saya dengan kehidupan. Saya sudah berpacaran dengan si wanita ini, kita panggil saja F23 selama 2 tahun lebih ( dekat ke 3 bulan ). Kami berkenalan lewat apps di waktu pandemi. Ya, mungkin tidak terlalu lama bagi sebagian orang, tapi yang bikin lama sekali karena kami LDR dan kami sama - sama setuju dengan 24 jam VC ( video call ). Yang bikin dia sangat spesial bagi saya, dialah yang menolong saya ditengah adiksi saya sama alkohol dan saya benar benar kacau karena keluarga yang retak, intinya saya benar benar kacau. Hal ini juga membuat ditengah hubungan bahwa kami sudah sepakat untuk lanjut ke jenjang serius.

Disinilah bermulanya kenapa saya menulis thread ini. Saya yang menganggap untuk lanjut ke jenjang serius dengan seenaknya memutuskan kalau si F23 ini untuk tidak melanjutkan mimpi dia yaitu lanjut ke jenjang S2 diluar daerah asalnya dahulu dan langsung bekerja didaerah asalnya. Apa yang saya harapkan adalah dia menunggu saya yang baru lulus di umur 24 mendapatkan kerja baru mencari kerja. Dia setuju dan ikhlas atas hal ini, dan hal ini jugalah yang menjadi akar masalah hubungan kami setiap ada perdebatan.

Permasalahannya, saya disini sangat keras kepala dan tidak bijak dalam menghadapi orang yang saya sayangi. Saya sulit percaya kepadanya, saya menghambat perkembangan dia, saya menghalangi cita -citanya dan saya belum ada perkembangan dalam hidup saya setelah lulus. Untuk masalah sulit percaya ini cukup sering jadi penyebab pertengkaran dalam hubungan kami. Ketika dia kirim foto dan video dimana dia berada padahal dalam hp keaadaan video call pun saya masih sering uring - uringan tidak ada rasa percaya padanya.

Hal ini menyebabkan F23 meledak emosinya setelah setahun lebih saya ginikan, dimana dia merasa kalau selama ini pengorbanannya sia - sia kepada saya. Pada waktu ini kami hampir putus, disini juga saya merasa bersalah dan memperbaikinya.

Selanjutnya, saya disini juga punya kebiasan mengambil kesimpulan sendiri dan mengemukakan ke dia ketika kami berselisih. Titik puncaknya adalah emosinya muncul kembali dengan dia merasa sedih dan tidak mau berkomunikasi sama saya, tetapi vc tetap nyala. Dia minta untuk diberi waktu agar tenangkan diri dan hal ini terjadi selama seminggu. Setelah semua itu mereda saya kembali melakukan kebiasaan buruk saya yaitu, mengambil keputusan sendiri. Hal ini juga membuat dia meledak kembali dan membutuhkan waktu untuk tenang kembali.

Hingga akhirnya ketika dia meluapkan semua emosi ke saya, barulah saya tersadar semua kesalahan yang saya perbuat kepadanya dari awal hingga akhir. Disini saya juga sudah benar benar berusaha agar dia dapat melihat kalau saya berubah.

Titik akhir hubungan kami adalah ketika baru beberapa hari setelah kejadian ini semua, kami bertengkar karena suatu hal. Disini saya meluapkan bahwa saya juga dalam keadaan lelah setelah itu semua. Hal ini juga menjadi penyebab kami berlarut dalam pertengkaran hingga dia mengatakan kalau dia dari waktu mendiamkan saya sampai sekarang dia sudah tidak bisa melihat saya sebagai orang yang sama meskipun dia masih ada perasaan cinta dan sayang kepada saya. Disini dia mengatakan bahwa hubungan ini diakhiri. Dan hubungan kamipun berakhir dengan saling meminta maaf atas semuanya dan hingga kini kami masih ada komunikasi sedikit.

Saya kini dalam penyesalan, saya sangat menyadari kalau disini saya sangat salah dan jahat kepadanya. Saya pun menyadari hal ini harus diubah dan diperbaiki dengan meningkat kualitas dalam diri saya. Menurut para Komodos semua, apa yang harus saya lakukan? Saya dalam persimpangan ingin kembali berhubungan dengan F23, di satu sisi saya tahu saya sudah sangat jahat kepadanya dan harus memperbaiki diri saya dahulu.

Mohon maaf jika sedikit panjang, saya hanya ingin meluapkan perasaan sesal dan sedih saya. Mohon masukan dari para Komodos semua saya sangat butuh dengan masukan dan segala macam dari para Komodos.

Terimakasih.",https://www.reddit.com/r/indonesia/comments/15zh12o/butuh_bantuan_dari_para_redditors_semua/,response,emotional_support,Salah satu syarat move-on itu ngga liat belakang.,,,Information,
Indonesia,15zh12o,"Butuh Bantuan Dari Para Redditors Semua

Halo, salam kenal semuanya. Saya akan bercerita cukup panjang tentang permasalahan saya.

Perkenalkan saya M26, disini mungkin saya ingin menyampakain sedikit banyaknya permasalahan saya dengan kehidupan. Saya sudah berpacaran dengan si wanita ini, kita panggil saja F23 selama 2 tahun lebih ( dekat ke 3 bulan ). Kami berkenalan lewat apps di waktu pandemi. Ya, mungkin tidak terlalu lama bagi sebagian orang, tapi yang bikin lama sekali karena kami LDR dan kami sama - sama setuju dengan 24 jam VC ( video call ). Yang bikin dia sangat spesial bagi saya, dialah yang menolong saya ditengah adiksi saya sama alkohol dan saya benar benar kacau karena keluarga yang retak, intinya saya benar benar kacau. Hal ini juga membuat ditengah hubungan bahwa kami sudah sepakat untuk lanjut ke jenjang serius.

Disinilah bermulanya kenapa saya menulis thread ini. Saya yang menganggap untuk lanjut ke jenjang serius dengan seenaknya memutuskan kalau si F23 ini untuk tidak melanjutkan mimpi dia yaitu lanjut ke jenjang S2 diluar daerah asalnya dahulu dan langsung bekerja didaerah asalnya. Apa yang saya harapkan adalah dia menunggu saya yang baru lulus di umur 24 mendapatkan kerja baru mencari kerja. Dia setuju dan ikhlas atas hal ini, dan hal ini jugalah yang menjadi akar masalah hubungan kami setiap ada perdebatan.

Permasalahannya, saya disini sangat keras kepala dan tidak bijak dalam menghadapi orang yang saya sayangi. Saya sulit percaya kepadanya, saya menghambat perkembangan dia, saya menghalangi cita -citanya dan saya belum ada perkembangan dalam hidup saya setelah lulus. Untuk masalah sulit percaya ini cukup sering jadi penyebab pertengkaran dalam hubungan kami. Ketika dia kirim foto dan video dimana dia berada padahal dalam hp keaadaan video call pun saya masih sering uring - uringan tidak ada rasa percaya padanya.

Hal ini menyebabkan F23 meledak emosinya setelah setahun lebih saya ginikan, dimana dia merasa kalau selama ini pengorbanannya sia - sia kepada saya. Pada waktu ini kami hampir putus, disini juga saya merasa bersalah dan memperbaikinya.

Selanjutnya, saya disini juga punya kebiasan mengambil kesimpulan sendiri dan mengemukakan ke dia ketika kami berselisih. Titik puncaknya adalah emosinya muncul kembali dengan dia merasa sedih dan tidak mau berkomunikasi sama saya, tetapi vc tetap nyala. Dia minta untuk diberi waktu agar tenangkan diri dan hal ini terjadi selama seminggu. Setelah semua itu mereda saya kembali melakukan kebiasaan buruk saya yaitu, mengambil keputusan sendiri. Hal ini juga membuat dia meledak kembali dan membutuhkan waktu untuk tenang kembali.

Hingga akhirnya ketika dia meluapkan semua emosi ke saya, barulah saya tersadar semua kesalahan yang saya perbuat kepadanya dari awal hingga akhir. Disini saya juga sudah benar benar berusaha agar dia dapat melihat kalau saya berubah.

Titik akhir hubungan kami adalah ketika baru beberapa hari setelah kejadian ini semua, kami bertengkar karena suatu hal. Disini saya meluapkan bahwa saya juga dalam keadaan lelah setelah itu semua. Hal ini juga menjadi penyebab kami berlarut dalam pertengkaran hingga dia mengatakan kalau dia dari waktu mendiamkan saya sampai sekarang dia sudah tidak bisa melihat saya sebagai orang yang sama meskipun dia masih ada perasaan cinta dan sayang kepada saya. Disini dia mengatakan bahwa hubungan ini diakhiri. Dan hubungan kamipun berakhir dengan saling meminta maaf atas semuanya dan hingga kini kami masih ada komunikasi sedikit.

Saya kini dalam penyesalan, saya sangat menyadari kalau disini saya sangat salah dan jahat kepadanya. Saya pun menyadari hal ini harus diubah dan diperbaiki dengan meningkat kualitas dalam diri saya. Menurut para Komodos semua, apa yang harus saya lakukan? Saya dalam persimpangan ingin kembali berhubungan dengan F23, di satu sisi saya tahu saya sudah sangat jahat kepadanya dan harus memperbaiki diri saya dahulu.

Mohon maaf jika sedikit panjang, saya hanya ingin meluapkan perasaan sesal dan sedih saya. Mohon masukan dari para Komodos semua saya sangat butuh dengan masukan dan segala macam dari para Komodos.

Terimakasih.",https://www.reddit.com/r/indonesia/comments/15zh12o/butuh_bantuan_dari_para_redditors_semua/,response,emphaty_score,,,,,3 (moderately empathetic)
Indonesia,16fq4u5,"Just want to rant...
Sudah melamar lebih dri 120 lamaran selama 3 bulan ini. Tapi hasilnya nihil.. sudah coba perbaikin kesalahan interview"" jg ttp nihil.. I'm totally tired.. cape rasanya.. 2 tahun lalu sempat menganggur selama setahun. Tahun lalu akhirnya kuliah lagi.. cmn pas kuliah insecure dengan mereka"" yg sudah punya karir.. Merasa failure di keluarga sendiri karena orang tua sudah pada pensiun... malu dengan teman"" yg udh bisa kerja, udh dpt tempat yg layak & nyaman buat mereka.. Sementara gw disini masih mencari... gk nyangka juga bakalan > 100 lamaran dan semua berakhir penolakan/ghosting... I don't know what to do.. :(( I'm hopeless rn...

Selama 3 bulan ini jg udh bikin porto (di kaggle, github, medium) selagi apply"" kerjaan.. trs kmrn sempet apply di malay & sg jg.. kebanyakan di ghosting & rejection :((...

Nyerah akhirnya ke indo.. apply mulai dari ecommerce sm bank"".. sempat beberapa kali test jg, udh siapin malamnya belajar hackerrank sampe buat list jawaban"" itv HR. tp gk ada yg nyangkut...

kmrn smpt ngerjain tugas dri take home assignment motor ijo dgn semangat & semampu gw.. tp akhirnya di reject sblm itv user... trs hari ini dari toko oren, udh smpe itv user 1, di tolak jg.. bingung juga mau apply kemana lg.. yg besar"" udh nolak.. yg kecil kebanyakan ghosting :((

FG Data Science Malay, 6 mnths exp, prev salary 4.5",https://www.reddit.com/r/indonesia/comments/u9eh87/just_want_to_rant/,post,emotional_distress,"Sudah melamar lebih dri 120 lamaran selama 3 bulan ini. Tapi hasilnya nihil.. sudah coba perbaikin kesalahan interview"" jg ttp nihil.. I'm totally tired.. cape rasanya.. 2 tahun lalu sempat menganggur selama setahun.",,moderate,,
Indonesia,16fq4u5,"Just want to rant...
Sudah melamar lebih dri 120 lamaran selama 3 bulan ini. Tapi hasilnya nihil.. sudah coba perbaikin kesalahan interview"" jg ttp nihil.. I'm totally tired.. cape rasanya.. 2 tahun lalu sempat menganggur selama setahun. Tahun lalu akhirnya kuliah lagi.. cmn pas kuliah insecure dengan mereka"" yg sudah punya karir.. Merasa failure di keluarga sendiri karena orang tua sudah pada pensiun... malu dengan teman"" yg udh bisa kerja, udh dpt tempat yg layak & nyaman buat mereka.. Sementara gw disini masih mencari... gk nyangka juga bakalan > 100 lamaran dan semua berakhir penolakan/ghosting... I don't know what to do.. :(( I'm hopeless rn...

Selama 3 bulan ini jg udh bikin porto (di kaggle, github, medium) selagi apply"" kerjaan.. trs kmrn sempet apply di malay & sg jg.. kebanyakan di ghosting & rejection :((...

Nyerah akhirnya ke indo.. apply mulai dari ecommerce sm bank"".. sempat beberapa kali test jg, udh siapin malamnya belajar hackerrank sampe buat list jawaban"" itv HR. tp gk ada yg nyangkut...

kmrn smpt ngerjain tugas dri take home assignment motor ijo dgn semangat & semampu gw.. tp akhirnya di reject sblm itv user... trs hari ini dari toko oren, udh smpe itv user 1, di tolak jg.. bingung juga mau apply kemana lg.. yg besar"" udh nolak.. yg kecil kebanyakan ghosting :((

FG Data Science Malay, 6 mnths exp, prev salary 4.5",https://www.reddit.com/r/indonesia/comments/u9eh87/just_want_to_rant/,post,cultural_signals,"Tahun lalu akhirnya kuliah lagi.. cmn pas kuliah insecure dengan mereka"" yg sudah punya karir",Values,,,
Indonesia,16fq4u5,"Just want to rant...
Sudah melamar lebih dri 120 lamaran selama 3 bulan ini. Tapi hasilnya nihil.. sudah coba perbaikin kesalahan interview"" jg ttp nihil.. I'm totally tired.. cape rasanya.. 2 tahun lalu sempat menganggur selama setahun. Tahun lalu akhirnya kuliah lagi.. cmn pas kuliah insecure dengan mereka"" yg sudah punya karir.. Merasa failure di keluarga sendiri karena orang tua sudah pada pensiun... malu dengan teman"" yg udh bisa kerja, udh dpt tempat yg layak & nyaman buat mereka.. Sementara gw disini masih mencari... gk nyangka juga bakalan > 100 lamaran dan semua berakhir penolakan/ghosting... I don't know what to do.. :(( I'm hopeless rn...

Selama 3 bulan ini jg udh bikin porto (di kaggle, github, medium) selagi apply"" kerjaan.. trs kmrn sempet apply di malay & sg jg.. kebanyakan di ghosting & rejection :((...

Nyerah akhirnya ke indo.. apply mulai dari ecommerce sm bank"".. sempat beberapa kali test jg, udh siapin malamnya belajar hackerrank sampe buat list jawaban"" itv HR. tp gk ada yg nyangkut...

kmrn smpt ngerjain tugas dri take home assignment motor ijo dgn semangat & semampu gw.. tp akhirnya di reject sblm itv user... trs hari ini dari toko oren, udh smpe itv user 1, di tolak jg.. bingung juga mau apply kemana lg.. yg besar"" udh nolak.. yg kecil kebanyakan ghosting :((

FG Data Science Malay, 6 mnths exp, prev salary 4.5",https://www.reddit.com/r/indonesia/comments/u9eh87/just_want_to_rant/,post,cultural_signals,"Merasa failure di keluarga sendiri karena orang tua sudah pada pensiun... malu dengan teman"" yg udh bisa kerja, udh dpt tempat yg layak & nyaman buat mereka.",Norms and Morals,,,
Indonesia,16fq4u5,"Just want to rant...
Sudah melamar lebih dri 120 lamaran selama 3 bulan ini. Tapi hasilnya nihil.. sudah coba perbaikin kesalahan interview"" jg ttp nihil.. I'm totally tired.. cape rasanya.. 2 tahun lalu sempat menganggur selama setahun. Tahun lalu akhirnya kuliah lagi.. cmn pas kuliah insecure dengan mereka"" yg sudah punya karir.. Merasa failure di keluarga sendiri karena orang tua sudah pada pensiun... malu dengan teman"" yg udh bisa kerja, udh dpt tempat yg layak & nyaman buat mereka.. Sementara gw disini masih mencari... gk nyangka juga bakalan > 100 lamaran dan semua berakhir penolakan/ghosting... I don't know what to do.. :(( I'm hopeless rn...

Selama 3 bulan ini jg udh bikin porto (di kaggle, github, medium) selagi apply"" kerjaan.. trs kmrn sempet apply di malay & sg jg.. kebanyakan di ghosting & rejection :((...

Nyerah akhirnya ke indo.. apply mulai dari ecommerce sm bank"".. sempat beberapa kali test jg, udh siapin malamnya belajar hackerrank sampe buat list jawaban"" itv HR. tp gk ada yg nyangkut...

kmrn smpt ngerjain tugas dri take home assignment motor ijo dgn semangat & semampu gw.. tp akhirnya di reject sblm itv user... trs hari ini dari toko oren, udh smpe itv user 1, di tolak jg.. bingung juga mau apply kemana lg.. yg besar"" udh nolak.. yg kecil kebanyakan ghosting :((

FG Data Science Malay, 6 mnths exp, prev salary 4.5",https://www.reddit.com/r/indonesia/comments/u9eh87/just_want_to_rant/,post,emotional_distress,I don't know what to do.. :(( I'm hopeless rn...,,high,,
Indonesia,16fq4u5,"Just want to rant...
Sudah melamar lebih dri 120 lamaran selama 3 bulan ini. Tapi hasilnya nihil.. sudah coba perbaikin kesalahan interview"" jg ttp nihil.. I'm totally tired.. cape rasanya.. 2 tahun lalu sempat menganggur selama setahun. Tahun lalu akhirnya kuliah lagi.. cmn pas kuliah insecure dengan mereka"" yg sudah punya karir.. Merasa failure di keluarga sendiri karena orang tua sudah pada pensiun... malu dengan teman"" yg udh bisa kerja, udh dpt tempat yg layak & nyaman buat mereka.. Sementara gw disini masih mencari... gk nyangka juga bakalan > 100 lamaran dan semua berakhir penolakan/ghosting... I don't know what to do.. :(( I'm hopeless rn...

Selama 3 bulan ini jg udh bikin porto (di kaggle, github, medium) selagi apply"" kerjaan.. trs kmrn sempet apply di malay & sg jg.. kebanyakan di ghosting & rejection :((...

Nyerah akhirnya ke indo.. apply mulai dari ecommerce sm bank"".. sempat beberapa kali test jg, udh siapin malamnya belajar hackerrank sampe buat list jawaban"" itv HR. tp gk ada yg nyangkut...

kmrn smpt ngerjain tugas dri take home assignment motor ijo dgn semangat & semampu gw.. tp akhirnya di reject sblm itv user... trs hari ini dari toko oren, udh smpe itv user 1, di tolak jg.. bingung juga mau apply kemana lg.. yg besar"" udh nolak.. yg kecil kebanyakan ghosting :((

FG Data Science Malay, 6 mnths exp, prev salary 4.5",https://www.reddit.com/r/indonesia/comments/u9eh87/just_want_to_rant/,post,emotional_distress,"kmrn smpt ngerjain tugas dri take home assignment motor ijo dgn semangat & semampu gw.. tp akhirnya di reject sblm itv user... trs hari ini dari toko oren, udh smpe itv user 1, di tolak jg.. bingung juga mau apply kemana lg.. yg besar"" udh nolak.. yg kecil kebanyakan ghosting :((",,moderate,,
Indonesia,16fq4u5,"Just want to rant...
Sudah melamar lebih dri 120 lamaran selama 3 bulan ini. Tapi hasilnya nihil.. sudah coba perbaikin kesalahan interview"" jg ttp nihil.. I'm totally tired.. cape rasanya.. 2 tahun lalu sempat menganggur selama setahun. Tahun lalu akhirnya kuliah lagi.. cmn pas kuliah insecure dengan mereka"" yg sudah punya karir.. Merasa failure di keluarga sendiri karena orang tua sudah pada pensiun... malu dengan teman"" yg udh bisa kerja, udh dpt tempat yg layak & nyaman buat mereka.. Sementara gw disini masih mencari... gk nyangka juga bakalan > 100 lamaran dan semua berakhir penolakan/ghosting... I don't know what to do.. :(( I'm hopeless rn...

Selama 3 bulan ini jg udh bikin porto (di kaggle, github, medium) selagi apply"" kerjaan.. trs kmrn sempet apply di malay & sg jg.. kebanyakan di ghosting & rejection :((...

Nyerah akhirnya ke indo.. apply mulai dari ecommerce sm bank"".. sempat beberapa kali test jg, udh siapin malamnya belajar hackerrank sampe buat list jawaban"" itv HR. tp gk ada yg nyangkut...

kmrn smpt ngerjain tugas dri take home assignment motor ijo dgn semangat & semampu gw.. tp akhirnya di reject sblm itv user... trs hari ini dari toko oren, udh smpe itv user 1, di tolak jg.. bingung juga mau apply kemana lg.. yg besar"" udh nolak.. yg kecil kebanyakan ghosting :((

FG Data Science Malay, 6 mnths exp, prev salary 4.5",https://www.reddit.com/r/indonesia/comments/u9eh87/just_want_to_rant/,post,cultural_signals,"FG Data Science Malay, 6 mnths exp, prev salary 4.5",Demogrpahics,,,
Indonesia,16fq4u5,"Just want to rant...
Sudah melamar lebih dri 120 lamaran selama 3 bulan ini. Tapi hasilnya nihil.. sudah coba perbaikin kesalahan interview"" jg ttp nihil.. I'm totally tired.. cape rasanya.. 2 tahun lalu sempat menganggur selama setahun. Tahun lalu akhirnya kuliah lagi.. cmn pas kuliah insecure dengan mereka"" yg sudah punya karir.. Merasa failure di keluarga sendiri karena orang tua sudah pada pensiun... malu dengan teman"" yg udh bisa kerja, udh dpt tempat yg layak & nyaman buat mereka.. Sementara gw disini masih mencari... gk nyangka juga bakalan > 100 lamaran dan semua berakhir penolakan/ghosting... I don't know what to do.. :(( I'm hopeless rn...

Selama 3 bulan ini jg udh bikin porto (di kaggle, github, medium) selagi apply"" kerjaan.. trs kmrn sempet apply di malay & sg jg.. kebanyakan di ghosting & rejection :((...

Nyerah akhirnya ke indo.. apply mulai dari ecommerce sm bank"".. sempat beberapa kali test jg, udh siapin malamnya belajar hackerrank sampe buat list jawaban"" itv HR. tp gk ada yg nyangkut...

kmrn smpt ngerjain tugas dri take home assignment motor ijo dgn semangat & semampu gw.. tp akhirnya di reject sblm itv user... trs hari ini dari toko oren, udh smpe itv user 1, di tolak jg.. bingung juga mau apply kemana lg.. yg besar"" udh nolak.. yg kecil kebanyakan ghosting :((

FG Data Science Malay, 6 mnths exp, prev salary 4.5",https://www.reddit.com/r/indonesia/comments/u9eh87/just_want_to_rant/,response,emotional_support,There must be something really wrong with your CV.,,,Others,
Indonesia,16fq4u5,"Just want to rant...
Sudah melamar lebih dri 120 lamaran selama 3 bulan ini. Tapi hasilnya nihil.. sudah coba perbaikin kesalahan interview"" jg ttp nihil.. I'm totally tired.. cape rasanya.. 2 tahun lalu sempat menganggur selama setahun. Tahun lalu akhirnya kuliah lagi.. cmn pas kuliah insecure dengan mereka"" yg sudah punya karir.. Merasa failure di keluarga sendiri karena orang tua sudah pada pensiun... malu dengan teman"" yg udh bisa kerja, udh dpt tempat yg layak & nyaman buat mereka.. Sementara gw disini masih mencari... gk nyangka juga bakalan > 100 lamaran dan semua berakhir penolakan/ghosting... I don't know what to do.. :(( I'm hopeless rn...

Selama 3 bulan ini jg udh bikin porto (di kaggle, github, medium) selagi apply"" kerjaan.. trs kmrn sempet apply di malay & sg jg.. kebanyakan di ghosting & rejection :((...

Nyerah akhirnya ke indo.. apply mulai dari ecommerce sm bank"".. sempat beberapa kali test jg, udh siapin malamnya belajar hackerrank sampe buat list jawaban"" itv HR. tp gk ada yg nyangkut...

kmrn smpt ngerjain tugas dri take home assignment motor ijo dgn semangat & semampu gw.. tp akhirnya di reject sblm itv user... trs hari ini dari toko oren, udh smpe itv user 1, di tolak jg.. bingung juga mau apply kemana lg.. yg besar"" udh nolak.. yg kecil kebanyakan ghosting :((

FG Data Science Malay, 6 mnths exp, prev salary 4.5",https://www.reddit.com/r/indonesia/comments/u9eh87/just_want_to_rant/,response,emotional_support,"Fresh grad di unicorn gitu banyak yg masih kosong CV-nya (bener2 kosong, lah baru lulus skok) tapi banyak yg dapat gaji UMR sampe 7 jt.",,,Information,
Indonesia,16fq4u5,"Just want to rant...
Sudah melamar lebih dri 120 lamaran selama 3 bulan ini. Tapi hasilnya nihil.. sudah coba perbaikin kesalahan interview"" jg ttp nihil.. I'm totally tired.. cape rasanya.. 2 tahun lalu sempat menganggur selama setahun. Tahun lalu akhirnya kuliah lagi.. cmn pas kuliah insecure dengan mereka"" yg sudah punya karir.. Merasa failure di keluarga sendiri karena orang tua sudah pada pensiun... malu dengan teman"" yg udh bisa kerja, udh dpt tempat yg layak & nyaman buat mereka.. Sementara gw disini masih mencari... gk nyangka juga bakalan > 100 lamaran dan semua berakhir penolakan/ghosting... I don't know what to do.. :(( I'm hopeless rn...

Selama 3 bulan ini jg udh bikin porto (di kaggle, github, medium) selagi apply"" kerjaan.. trs kmrn sempet apply di malay & sg jg.. kebanyakan di ghosting & rejection :((...

Nyerah akhirnya ke indo.. apply mulai dari ecommerce sm bank"".. sempat beberapa kali test jg, udh siapin malamnya belajar hackerrank sampe buat list jawaban"" itv HR. tp gk ada yg nyangkut...

kmrn smpt ngerjain tugas dri take home assignment motor ijo dgn semangat & semampu gw.. tp akhirnya di reject sblm itv user... trs hari ini dari toko oren, udh smpe itv user 1, di tolak jg.. bingung juga mau apply kemana lg.. yg besar"" udh nolak.. yg kecil kebanyakan ghosting :((

FG Data Science Malay, 6 mnths exp, prev salary 4.5",https://www.reddit.com/r/indonesia/comments/u9eh87/just_want_to_rant/,response,emotional_support,"Btw, lu dulu pernah ada kasus kriminal? Atau lu pernah ikut tawuran? Ikut organisasi yg dah dilarang pemerintah? Sosmed gak aneh2 kan?",,,Questions,
Indonesia,16fq4u5,"Just want to rant...
Sudah melamar lebih dri 120 lamaran selama 3 bulan ini. Tapi hasilnya nihil.. sudah coba perbaikin kesalahan interview"" jg ttp nihil.. I'm totally tired.. cape rasanya.. 2 tahun lalu sempat menganggur selama setahun. Tahun lalu akhirnya kuliah lagi.. cmn pas kuliah insecure dengan mereka"" yg sudah punya karir.. Merasa failure di keluarga sendiri karena orang tua sudah pada pensiun... malu dengan teman"" yg udh bisa kerja, udh dpt tempat yg layak & nyaman buat mereka.. Sementara gw disini masih mencari... gk nyangka juga bakalan > 100 lamaran dan semua berakhir penolakan/ghosting... I don't know what to do.. :(( I'm hopeless rn...

Selama 3 bulan ini jg udh bikin porto (di kaggle, github, medium) selagi apply"" kerjaan.. trs kmrn sempet apply di malay & sg jg.. kebanyakan di ghosting & rejection :((...

Nyerah akhirnya ke indo.. apply mulai dari ecommerce sm bank"".. sempat beberapa kali test jg, udh siapin malamnya belajar hackerrank sampe buat list jawaban"" itv HR. tp gk ada yg nyangkut...

kmrn smpt ngerjain tugas dri take home assignment motor ijo dgn semangat & semampu gw.. tp akhirnya di reject sblm itv user... trs hari ini dari toko oren, udh smpe itv user 1, di tolak jg.. bingung juga mau apply kemana lg.. yg besar"" udh nolak.. yg kecil kebanyakan ghosting :((

FG Data Science Malay, 6 mnths exp, prev salary 4.5",https://www.reddit.com/r/indonesia/comments/u9eh87/just_want_to_rant/,response,emphaty_score,,,,,2 (slightly empathetic)
Indonesia,1e9x75i,"Minta saran buku tentang Islam untuk mengatasi trauma agama.
Gue lahir dari orang tua Islam. Sempat ngaji sampai umur berapa gue lupa. Tapi, gue sempat masuk Kristen. Walaupun demikian, singkat cerita, gue memeluk Islam lagi waktu kuliah.

Sejujurnya, gue punya trauma dalam agama ini sejak kecil. Rasanya agama ini mengerikan dan hari-hari gue dipenuhi rasa takut. Apalagi gue banyak dosanya. Gue takut masuk neraka.

Jadi, tolong saranin buku yang bikin gue merasa kalau ternyata Islam engga semenakutkan itu. Gue rasa ketakutan gue ini lahir dari kurangnya pengetahuan soal agama ini.

BTW, mungkin bakal ada yang mengkritik kalau gue pindah-pindah agama. Ini jadi beban pikiran gue juga. Rasanya gue udah mempermainkan agama dan merasa bersalah terlebih lagi dosa yang ga dimaafkan di Islam adalah syirik.

So, I don't know. I just feel lost.

Ini bukan troll post dan gue ga bermaksud untuk menyinggung agama lain maupun mendiskreditkan agama gue sendiri. Tapi, gue minta maaf semisal ada kesan seperti itu di post ini. Terima kasih.",https://www.reddit.com/r/indonesia/comments/1e9x75i/minta_saran_buku_tentang_islam_untuk_mengatasi/,post,cultural_signals,"Gue lahir dari orang tua Islam. Sempat ngaji sampai umur berapa gue lupa. Tapi, gue sempat masuk Kristen. Walaupun demikian, singkat cerita, gue memeluk Islam lagi waktu kuliah.",Concepts,,,
Indonesia,1e9x75i,"Minta saran buku tentang Islam untuk mengatasi trauma agama.
Gue lahir dari orang tua Islam. Sempat ngaji sampai umur berapa gue lupa. Tapi, gue sempat masuk Kristen. Walaupun demikian, singkat cerita, gue memeluk Islam lagi waktu kuliah.

Sejujurnya, gue punya trauma dalam agama ini sejak kecil. Rasanya agama ini mengerikan dan hari-hari gue dipenuhi rasa takut. Apalagi gue banyak dosanya. Gue takut masuk neraka.

Jadi, tolong saranin buku yang bikin gue merasa kalau ternyata Islam engga semenakutkan itu. Gue rasa ketakutan gue ini lahir dari kurangnya pengetahuan soal agama ini.

BTW, mungkin bakal ada yang mengkritik kalau gue pindah-pindah agama. Ini jadi beban pikiran gue juga. Rasanya gue udah mempermainkan agama dan merasa bersalah terlebih lagi dosa yang ga dimaafkan di Islam adalah syirik.

So, I don't know. I just feel lost.

Ini bukan troll post dan gue ga bermaksud untuk menyinggung agama lain maupun mendiskreditkan agama gue sendiri. Tapi, gue minta maaf semisal ada kesan seperti itu di post ini. Terima kasih.",https://www.reddit.com/r/indonesia/comments/1e9x75i/minta_saran_buku_tentang_islam_untuk_mengatasi/,post,emotional_distress,"Sejujurnya, gue punya trauma dalam agama ini sejak kecil. Rasanya agama ini mengerikan dan hari-hari gue dipenuhi rasa takut. Apalagi gue banyak dosanya. Gue takut masuk neraka.",,high,,
Indonesia,1e9x75i,"Minta saran buku tentang Islam untuk mengatasi trauma agama.
Gue lahir dari orang tua Islam. Sempat ngaji sampai umur berapa gue lupa. Tapi, gue sempat masuk Kristen. Walaupun demikian, singkat cerita, gue memeluk Islam lagi waktu kuliah.

Sejujurnya, gue punya trauma dalam agama ini sejak kecil. Rasanya agama ini mengerikan dan hari-hari gue dipenuhi rasa takut. Apalagi gue banyak dosanya. Gue takut masuk neraka.

Jadi, tolong saranin buku yang bikin gue merasa kalau ternyata Islam engga semenakutkan itu. Gue rasa ketakutan gue ini lahir dari kurangnya pengetahuan soal agama ini.

BTW, mungkin bakal ada yang mengkritik kalau gue pindah-pindah agama. Ini jadi beban pikiran gue juga. Rasanya gue udah mempermainkan agama dan merasa bersalah terlebih lagi dosa yang ga dimaafkan di Islam adalah syirik.

So, I don't know. I just feel lost.

Ini bukan troll post dan gue ga bermaksud untuk menyinggung agama lain maupun mendiskreditkan agama gue sendiri. Tapi, gue minta maaf semisal ada kesan seperti itu di post ini. Terima kasih.",https://www.reddit.com/r/indonesia/comments/1e9x75i/minta_saran_buku_tentang_islam_untuk_mengatasi/,post,cultural_signals,"Jadi, tolong saranin buku yang bikin gue merasa kalau ternyata Islam engga semenakutkan itu. Gue rasa ketakutan gue ini lahir dari kurangnya pengetahuan soal agama ini.",Knowledge,,,
Indonesia,1e9x75i,"Minta saran buku tentang Islam untuk mengatasi trauma agama.
Gue lahir dari orang tua Islam. Sempat ngaji sampai umur berapa gue lupa. Tapi, gue sempat masuk Kristen. Walaupun demikian, singkat cerita, gue memeluk Islam lagi waktu kuliah.

Sejujurnya, gue punya trauma dalam agama ini sejak kecil. Rasanya agama ini mengerikan dan hari-hari gue dipenuhi rasa takut. Apalagi gue banyak dosanya. Gue takut masuk neraka.

Jadi, tolong saranin buku yang bikin gue merasa kalau ternyata Islam engga semenakutkan itu. Gue rasa ketakutan gue ini lahir dari kurangnya pengetahuan soal agama ini.

BTW, mungkin bakal ada yang mengkritik kalau gue pindah-pindah agama. Ini jadi beban pikiran gue juga. Rasanya gue udah mempermainkan agama dan merasa bersalah terlebih lagi dosa yang ga dimaafkan di Islam adalah syirik.

So, I don't know. I just feel lost.

Ini bukan troll post dan gue ga bermaksud untuk menyinggung agama lain maupun mendiskreditkan agama gue sendiri. Tapi, gue minta maaf semisal ada kesan seperti itu di post ini. Terima kasih.",https://www.reddit.com/r/indonesia/comments/1e9x75i/minta_saran_buku_tentang_islam_untuk_mengatasi/,post,emotional_distress,"BTW, mungkin bakal ada yang mengkritik kalau gue pindah-pindah agama. Ini jadi beban pikiran gue juga. Rasanya gue udah mempermainkan agama dan merasa bersalah terlebih lagi dosa yang ga dimaafkan di Islam adalah syirik.

So, I don't know. I just feel lost.",,high,,
Indonesia,1e9x75i,"Minta saran buku tentang Islam untuk mengatasi trauma agama.
Gue lahir dari orang tua Islam. Sempat ngaji sampai umur berapa gue lupa. Tapi, gue sempat masuk Kristen. Walaupun demikian, singkat cerita, gue memeluk Islam lagi waktu kuliah.

Sejujurnya, gue punya trauma dalam agama ini sejak kecil. Rasanya agama ini mengerikan dan hari-hari gue dipenuhi rasa takut. Apalagi gue banyak dosanya. Gue takut masuk neraka.

Jadi, tolong saranin buku yang bikin gue merasa kalau ternyata Islam engga semenakutkan itu. Gue rasa ketakutan gue ini lahir dari kurangnya pengetahuan soal agama ini.

BTW, mungkin bakal ada yang mengkritik kalau gue pindah-pindah agama. Ini jadi beban pikiran gue juga. Rasanya gue udah mempermainkan agama dan merasa bersalah terlebih lagi dosa yang ga dimaafkan di Islam adalah syirik.

So, I don't know. I just feel lost.

Ini bukan troll post dan gue ga bermaksud untuk menyinggung agama lain maupun mendiskreditkan agama gue sendiri. Tapi, gue minta maaf semisal ada kesan seperti itu di post ini. Terima kasih.",https://www.reddit.com/r/indonesia/comments/1e9x75i/minta_saran_buku_tentang_islam_untuk_mengatasi/,post,cultural_signals,"Ini bukan troll post dan gue ga bermaksud untuk menyinggung agama lain maupun mendiskreditkan agama gue sendiri. Tapi, gue minta maaf semisal ada kesan seperti itu di post ini. Terima kasih.",Concepts,,,
Indonesia,1e9x75i,"Minta saran buku tentang Islam untuk mengatasi trauma agama.
Gue lahir dari orang tua Islam. Sempat ngaji sampai umur berapa gue lupa. Tapi, gue sempat masuk Kristen. Walaupun demikian, singkat cerita, gue memeluk Islam lagi waktu kuliah.

Sejujurnya, gue punya trauma dalam agama ini sejak kecil. Rasanya agama ini mengerikan dan hari-hari gue dipenuhi rasa takut. Apalagi gue banyak dosanya. Gue takut masuk neraka.

Jadi, tolong saranin buku yang bikin gue merasa kalau ternyata Islam engga semenakutkan itu. Gue rasa ketakutan gue ini lahir dari kurangnya pengetahuan soal agama ini.

BTW, mungkin bakal ada yang mengkritik kalau gue pindah-pindah agama. Ini jadi beban pikiran gue juga. Rasanya gue udah mempermainkan agama dan merasa bersalah terlebih lagi dosa yang ga dimaafkan di Islam adalah syirik.

So, I don't know. I just feel lost.

Ini bukan troll post dan gue ga bermaksud untuk menyinggung agama lain maupun mendiskreditkan agama gue sendiri. Tapi, gue minta maaf semisal ada kesan seperti itu di post ini. Terima kasih.",https://www.reddit.com/r/indonesia/comments/1e9x75i/minta_saran_buku_tentang_islam_untuk_mengatasi/,response,emotional_support,OP cb baca The Response tulisan dari banyak pemikir2 Al Azhar,,,Providing Suggestions,
Indonesia,1e9x75i,"Minta saran buku tentang Islam untuk mengatasi trauma agama.
Gue lahir dari orang tua Islam. Sempat ngaji sampai umur berapa gue lupa. Tapi, gue sempat masuk Kristen. Walaupun demikian, singkat cerita, gue memeluk Islam lagi waktu kuliah.

Sejujurnya, gue punya trauma dalam agama ini sejak kecil. Rasanya agama ini mengerikan dan hari-hari gue dipenuhi rasa takut. Apalagi gue banyak dosanya. Gue takut masuk neraka.

Jadi, tolong saranin buku yang bikin gue merasa kalau ternyata Islam engga semenakutkan itu. Gue rasa ketakutan gue ini lahir dari kurangnya pengetahuan soal agama ini.

BTW, mungkin bakal ada yang mengkritik kalau gue pindah-pindah agama. Ini jadi beban pikiran gue juga. Rasanya gue udah mempermainkan agama dan merasa bersalah terlebih lagi dosa yang ga dimaafkan di Islam adalah syirik.

So, I don't know. I just feel lost.

Ini bukan troll post dan gue ga bermaksud untuk menyinggung agama lain maupun mendiskreditkan agama gue sendiri. Tapi, gue minta maaf semisal ada kesan seperti itu di post ini. Terima kasih.",https://www.reddit.com/r/indonesia/comments/1e9x75i/minta_saran_buku_tentang_islam_untuk_mengatasi/,response,emotional_support,Ini menjawab banyak kontroversi dalam islam secara komprehensif. Termasuk mengucapkan selamat pada perayaan agama umat lain.,,,Information,
Indonesia,1e9x75i,"Minta saran buku tentang Islam untuk mengatasi trauma agama.
Gue lahir dari orang tua Islam. Sempat ngaji sampai umur berapa gue lupa. Tapi, gue sempat masuk Kristen. Walaupun demikian, singkat cerita, gue memeluk Islam lagi waktu kuliah.

Sejujurnya, gue punya trauma dalam agama ini sejak kecil. Rasanya agama ini mengerikan dan hari-hari gue dipenuhi rasa takut. Apalagi gue banyak dosanya. Gue takut masuk neraka.

Jadi, tolong saranin buku yang bikin gue merasa kalau ternyata Islam engga semenakutkan itu. Gue rasa ketakutan gue ini lahir dari kurangnya pengetahuan soal agama ini.

BTW, mungkin bakal ada yang mengkritik kalau gue pindah-pindah agama. Ini jadi beban pikiran gue juga. Rasanya gue udah mempermainkan agama dan merasa bersalah terlebih lagi dosa yang ga dimaafkan di Islam adalah syirik.

So, I don't know. I just feel lost.

Ini bukan troll post dan gue ga bermaksud untuk menyinggung agama lain maupun mendiskreditkan agama gue sendiri. Tapi, gue minta maaf semisal ada kesan seperti itu di post ini. Terima kasih.",https://www.reddit.com/r/indonesia/comments/1e9x75i/minta_saran_buku_tentang_islam_untuk_mengatasi/,response,emotional_support,Di situ lu bisa lihat betapa extreme pandangan masyarakat kita yang lavelnya moderat ke berbagai hal berbau agama. Di sotu jg lu akan nemu pandangan2 yg jauh lebih soft ke berbagai masalah duniawi tapi jd firm ke banyak hal lain.,,,Reflection of Feelings,
Indonesia,1e9x75i,"Minta saran buku tentang Islam untuk mengatasi trauma agama.
Gue lahir dari orang tua Islam. Sempat ngaji sampai umur berapa gue lupa. Tapi, gue sempat masuk Kristen. Walaupun demikian, singkat cerita, gue memeluk Islam lagi waktu kuliah.

Sejujurnya, gue punya trauma dalam agama ini sejak kecil. Rasanya agama ini mengerikan dan hari-hari gue dipenuhi rasa takut. Apalagi gue banyak dosanya. Gue takut masuk neraka.

Jadi, tolong saranin buku yang bikin gue merasa kalau ternyata Islam engga semenakutkan itu. Gue rasa ketakutan gue ini lahir dari kurangnya pengetahuan soal agama ini.

BTW, mungkin bakal ada yang mengkritik kalau gue pindah-pindah agama. Ini jadi beban pikiran gue juga. Rasanya gue udah mempermainkan agama dan merasa bersalah terlebih lagi dosa yang ga dimaafkan di Islam adalah syirik.

So, I don't know. I just feel lost.

Ini bukan troll post dan gue ga bermaksud untuk menyinggung agama lain maupun mendiskreditkan agama gue sendiri. Tapi, gue minta maaf semisal ada kesan seperti itu di post ini. Terima kasih.",https://www.reddit.com/r/indonesia/comments/1e9x75i/minta_saran_buku_tentang_islam_untuk_mengatasi/,response,emotional_support,Gw ga memaksa semua orang buat meyakini isinya. Tp gw pribadi suka sama isinya karena menjawab banyak hal2 sepele yg terjadi sehari2 dg pandangan yg gw rasa udah adjusted dan modernized.,,,Self-disclosure,
Indonesia,1e9x75i,"Minta saran buku tentang Islam untuk mengatasi trauma agama.
Gue lahir dari orang tua Islam. Sempat ngaji sampai umur berapa gue lupa. Tapi, gue sempat masuk Kristen. Walaupun demikian, singkat cerita, gue memeluk Islam lagi waktu kuliah.

Sejujurnya, gue punya trauma dalam agama ini sejak kecil. Rasanya agama ini mengerikan dan hari-hari gue dipenuhi rasa takut. Apalagi gue banyak dosanya. Gue takut masuk neraka.

Jadi, tolong saranin buku yang bikin gue merasa kalau ternyata Islam engga semenakutkan itu. Gue rasa ketakutan gue ini lahir dari kurangnya pengetahuan soal agama ini.

BTW, mungkin bakal ada yang mengkritik kalau gue pindah-pindah agama. Ini jadi beban pikiran gue juga. Rasanya gue udah mempermainkan agama dan merasa bersalah terlebih lagi dosa yang ga dimaafkan di Islam adalah syirik.

So, I don't know. I just feel lost.

Ini bukan troll post dan gue ga bermaksud untuk menyinggung agama lain maupun mendiskreditkan agama gue sendiri. Tapi, gue minta maaf semisal ada kesan seperti itu di post ini. Terima kasih.",https://www.reddit.com/r/indonesia/comments/1e9x75i/minta_saran_buku_tentang_islam_untuk_mengatasi/,response,emphaty_score,,,,,4 (quite empathetic)
Indonesia,1pwqaqs,"Lagi ngerasa ditinggalin tuhan.

hi komodos. izin mau curhat aja, gw lg di titik merasa tuhan kaya ninggalin gw. kaya semua masalah mendadak nimpa di waktu bersamaan. anak gw sakit yg bikin dia harus terapi rutin, partner gw malah kena lay off, orang tua gw kelilit hutang puluhan juta & rumah jadi gadaian. gw kaya beberapa kali mo mati. ga bisa gw selesain semua satu2, keuangan gw juga ga cukup bulan ke bulan makin nipis. gw kerja jarak 80+ km PP daily utk hemat uang kost. keluarga gw bergantung sama gw skrg ditambah partner ga kerja bikin gw harus cari uang tambahan buat terapi anak gw.

worst of all? it seems nobody care. gw ga pernah minta tolong sama orang, tp giliran kondisi lg super mepet gini gada yg nolongin, bahkan ngacangin gw.

gw cape sujud tiap hari minta tolong mohon sama tuhan setidaknya kasihlah keringanan, malah dikasih beban lagi.

katanya, minta cuma sama yg di atas, harus percaya & ikhlas.

tp sampai jidat gw lecet berkali2 sujud pun, rasanya gw tetep ditinggalin.

terus iman kaya apa yg harus gw pegang? gw jatuh sejatuh2nya, muak bgt gw hidup kaya gini.

gw bolak balik chatgpt nanya best way to end life, dikasih suicide hotline yg ga fungsi mulu.",https://www.reddit.com/r/indonesia/comments/1pwqaqs/lagi_ngerasa_ditinggalin_tuhan/,post,emotional_distress,"hi komodos. izin mau curhat aja, gw lg di titik merasa tuhan kaya ninggalin gw. kaya semua masalah mendadak nimpa di waktu bersamaan. anak gw sakit yg bikin dia harus terapi rutin, partner gw malah kena lay off, orang tua gw kelilit hutang puluhan juta & rumah jadi gadaian. gw kaya beberapa kali mo mati. ga bisa gw selesain semua satu2, keuangan gw juga ga cukup bulan ke bulan makin nipis. gw kerja jarak 80+ km PP daily utk hemat uang kost.",,high,,
Indonesia,1pwqaqs,"Lagi ngerasa ditinggalin tuhan.

hi komodos. izin mau curhat aja, gw lg di titik merasa tuhan kaya ninggalin gw. kaya semua masalah mendadak nimpa di waktu bersamaan. anak gw sakit yg bikin dia harus terapi rutin, partner gw malah kena lay off, orang tua gw kelilit hutang puluhan juta & rumah jadi gadaian. gw kaya beberapa kali mo mati. ga bisa gw selesain semua satu2, keuangan gw juga ga cukup bulan ke bulan makin nipis. gw kerja jarak 80+ km PP daily utk hemat uang kost. keluarga gw bergantung sama gw skrg ditambah partner ga kerja bikin gw harus cari uang tambahan buat terapi anak gw.

worst of all? it seems nobody care. gw ga pernah minta tolong sama orang, tp giliran kondisi lg super mepet gini gada yg nolongin, bahkan ngacangin gw.

gw cape sujud tiap hari minta tolong mohon sama tuhan setidaknya kasihlah keringanan, malah dikasih beban lagi.

katanya, minta cuma sama yg di atas, harus percaya & ikhlas.

tp sampai jidat gw lecet berkali2 sujud pun, rasanya gw tetep ditinggalin.

terus iman kaya apa yg harus gw pegang? gw jatuh sejatuh2nya, muak bgt gw hidup kaya gini.

gw bolak balik chatgpt nanya best way to end life, dikasih suicide hotline yg ga fungsi mulu.",https://www.reddit.com/r/indonesia/comments/1pwqaqs/lagi_ngerasa_ditinggalin_tuhan/,post,cultural_signals,keluarga gw bergantung sama gw skrg ditambah partner ga kerja bikin gw harus cari uang tambahan buat terapi anak gw.,Values,,,
Indonesia,1pwqaqs,"Lagi ngerasa ditinggalin tuhan.

hi komodos. izin mau curhat aja, gw lg di titik merasa tuhan kaya ninggalin gw. kaya semua masalah mendadak nimpa di waktu bersamaan. anak gw sakit yg bikin dia harus terapi rutin, partner gw malah kena lay off, orang tua gw kelilit hutang puluhan juta & rumah jadi gadaian. gw kaya beberapa kali mo mati. ga bisa gw selesain semua satu2, keuangan gw juga ga cukup bulan ke bulan makin nipis. gw kerja jarak 80+ km PP daily utk hemat uang kost. keluarga gw bergantung sama gw skrg ditambah partner ga kerja bikin gw harus cari uang tambahan buat terapi anak gw.

worst of all? it seems nobody care. gw ga pernah minta tolong sama orang, tp giliran kondisi lg super mepet gini gada yg nolongin, bahkan ngacangin gw.

gw cape sujud tiap hari minta tolong mohon sama tuhan setidaknya kasihlah keringanan, malah dikasih beban lagi.

katanya, minta cuma sama yg di atas, harus percaya & ikhlas.

tp sampai jidat gw lecet berkali2 sujud pun, rasanya gw tetep ditinggalin.

terus iman kaya apa yg harus gw pegang? gw jatuh sejatuh2nya, muak bgt gw hidup kaya gini.

gw bolak balik chatgpt nanya best way to end life, dikasih suicide hotline yg ga fungsi mulu.",https://www.reddit.com/r/indonesia/comments/1pwqaqs/lagi_ngerasa_ditinggalin_tuhan/,post,emotional_distress,"worst of all? it seems nobody care. gw ga pernah minta tolong sama orang, tp giliran kondisi lg super mepet gini gada yg nolongin, bahkan ngacangin gw.",,moderate,,
Indonesia,1pwqaqs,"Lagi ngerasa ditinggalin tuhan.

hi komodos. izin mau curhat aja, gw lg di titik merasa tuhan kaya ninggalin gw. kaya semua masalah mendadak nimpa di waktu bersamaan. anak gw sakit yg bikin dia harus terapi rutin, partner gw malah kena lay off, orang tua gw kelilit hutang puluhan juta & rumah jadi gadaian. gw kaya beberapa kali mo mati. ga bisa gw selesain semua satu2, keuangan gw juga ga cukup bulan ke bulan makin nipis. gw kerja jarak 80+ km PP daily utk hemat uang kost. keluarga gw bergantung sama gw skrg ditambah partner ga kerja bikin gw harus cari uang tambahan buat terapi anak gw.

worst of all? it seems nobody care. gw ga pernah minta tolong sama orang, tp giliran kondisi lg super mepet gini gada yg nolongin, bahkan ngacangin gw.

gw cape sujud tiap hari minta tolong mohon sama tuhan setidaknya kasihlah keringanan, malah dikasih beban lagi.

katanya, minta cuma sama yg di atas, harus percaya & ikhlas.

tp sampai jidat gw lecet berkali2 sujud pun, rasanya gw tetep ditinggalin.

terus iman kaya apa yg harus gw pegang? gw jatuh sejatuh2nya, muak bgt gw hidup kaya gini.

gw bolak balik chatgpt nanya best way to end life, dikasih suicide hotline yg ga fungsi mulu.",https://www.reddit.com/r/indonesia/comments/1pwqaqs/lagi_ngerasa_ditinggalin_tuhan/,post,cultural_signals,"gw cape sujud tiap hari minta tolong mohon sama tuhan setidaknya kasihlah keringanan, malah dikasih beban lagi.

katanya, minta cuma sama yg di atas, harus percaya & ikhlas.",Concepts,,,
Indonesia,1pwqaqs,"Lagi ngerasa ditinggalin tuhan.

hi komodos. izin mau curhat aja, gw lg di titik merasa tuhan kaya ninggalin gw. kaya semua masalah mendadak nimpa di waktu bersamaan. anak gw sakit yg bikin dia harus terapi rutin, partner gw malah kena lay off, orang tua gw kelilit hutang puluhan juta & rumah jadi gadaian. gw kaya beberapa kali mo mati. ga bisa gw selesain semua satu2, keuangan gw juga ga cukup bulan ke bulan makin nipis. gw kerja jarak 80+ km PP daily utk hemat uang kost. keluarga gw bergantung sama gw skrg ditambah partner ga kerja bikin gw harus cari uang tambahan buat terapi anak gw.

worst of all? it seems nobody care. gw ga pernah minta tolong sama orang, tp giliran kondisi lg super mepet gini gada yg nolongin, bahkan ngacangin gw.

gw cape sujud tiap hari minta tolong mohon sama tuhan setidaknya kasihlah keringanan, malah dikasih beban lagi.

katanya, minta cuma sama yg di atas, harus percaya & ikhlas.

tp sampai jidat gw lecet berkali2 sujud pun, rasanya gw tetep ditinggalin.

terus iman kaya apa yg harus gw pegang? gw jatuh sejatuh2nya, muak bgt gw hidup kaya gini.

gw bolak balik chatgpt nanya best way to end life, dikasih suicide hotline yg ga fungsi mulu.",https://www.reddit.com/r/indonesia/comments/1pwqaqs/lagi_ngerasa_ditinggalin_tuhan/,post,emotional_distress,"tp sampai jidat gw lecet berkali2 sujud pun, rasanya gw tetep ditinggalin.

terus iman kaya apa yg harus gw pegang? gw jatuh sejatuh2nya, muak bgt gw hidup kaya gini.

gw bolak balik chatgpt nanya best way to end life, dikasih suicide hotline yg ga fungsi mulu.",,high,,
Indonesia,1pwqaqs,"Lagi ngerasa ditinggalin tuhan.

hi komodos. izin mau curhat aja, gw lg di titik merasa tuhan kaya ninggalin gw. kaya semua masalah mendadak nimpa di waktu bersamaan. anak gw sakit yg bikin dia harus terapi rutin, partner gw malah kena lay off, orang tua gw kelilit hutang puluhan juta & rumah jadi gadaian. gw kaya beberapa kali mo mati. ga bisa gw selesain semua satu2, keuangan gw juga ga cukup bulan ke bulan makin nipis. gw kerja jarak 80+ km PP daily utk hemat uang kost. keluarga gw bergantung sama gw skrg ditambah partner ga kerja bikin gw harus cari uang tambahan buat terapi anak gw.

worst of all? it seems nobody care. gw ga pernah minta tolong sama orang, tp giliran kondisi lg super mepet gini gada yg nolongin, bahkan ngacangin gw.

gw cape sujud tiap hari minta tolong mohon sama tuhan setidaknya kasihlah keringanan, malah dikasih beban lagi.

katanya, minta cuma sama yg di atas, harus percaya & ikhlas.

tp sampai jidat gw lecet berkali2 sujud pun, rasanya gw tetep ditinggalin.

terus iman kaya apa yg harus gw pegang? gw jatuh sejatuh2nya, muak bgt gw hidup kaya gini.

gw bolak balik chatgpt nanya best way to end life, dikasih suicide hotline yg ga fungsi mulu.",https://www.reddit.com/r/indonesia/comments/1pwqaqs/lagi_ngerasa_ditinggalin_tuhan/,response,emotional_support,Semangat kak. Semoga anaknya sembuh dulu. Itu yg penting.,,,Affirmation and Reassurance,
Indonesia,1pwqaqs,"Lagi ngerasa ditinggalin tuhan.

hi komodos. izin mau curhat aja, gw lg di titik merasa tuhan kaya ninggalin gw. kaya semua masalah mendadak nimpa di waktu bersamaan. anak gw sakit yg bikin dia harus terapi rutin, partner gw malah kena lay off, orang tua gw kelilit hutang puluhan juta & rumah jadi gadaian. gw kaya beberapa kali mo mati. ga bisa gw selesain semua satu2, keuangan gw juga ga cukup bulan ke bulan makin nipis. gw kerja jarak 80+ km PP daily utk hemat uang kost. keluarga gw bergantung sama gw skrg ditambah partner ga kerja bikin gw harus cari uang tambahan buat terapi anak gw.

worst of all? it seems nobody care. gw ga pernah minta tolong sama orang, tp giliran kondisi lg super mepet gini gada yg nolongin, bahkan ngacangin gw.

gw cape sujud tiap hari minta tolong mohon sama tuhan setidaknya kasihlah keringanan, malah dikasih beban lagi.

katanya, minta cuma sama yg di atas, harus percaya & ikhlas.

tp sampai jidat gw lecet berkali2 sujud pun, rasanya gw tetep ditinggalin.

terus iman kaya apa yg harus gw pegang? gw jatuh sejatuh2nya, muak bgt gw hidup kaya gini.

gw bolak balik chatgpt nanya best way to end life, dikasih suicide hotline yg ga fungsi mulu.",https://www.reddit.com/r/indonesia/comments/1pwqaqs/lagi_ngerasa_ditinggalin_tuhan/,response,emotional_support,Nge kos karena rumah jauh dari kantorkah?,,,Questions,
Indonesia,1pwqaqs,"Lagi ngerasa ditinggalin tuhan.

hi komodos. izin mau curhat aja, gw lg di titik merasa tuhan kaya ninggalin gw. kaya semua masalah mendadak nimpa di waktu bersamaan. anak gw sakit yg bikin dia harus terapi rutin, partner gw malah kena lay off, orang tua gw kelilit hutang puluhan juta & rumah jadi gadaian. gw kaya beberapa kali mo mati. ga bisa gw selesain semua satu2, keuangan gw juga ga cukup bulan ke bulan makin nipis. gw kerja jarak 80+ km PP daily utk hemat uang kost. keluarga gw bergantung sama gw skrg ditambah partner ga kerja bikin gw harus cari uang tambahan buat terapi anak gw.

worst of all? it seems nobody care. gw ga pernah minta tolong sama orang, tp giliran kondisi lg super mepet gini gada yg nolongin, bahkan ngacangin gw.

gw cape sujud tiap hari minta tolong mohon sama tuhan setidaknya kasihlah keringanan, malah dikasih beban lagi.

katanya, minta cuma sama yg di atas, harus percaya & ikhlas.

tp sampai jidat gw lecet berkali2 sujud pun, rasanya gw tetep ditinggalin.

terus iman kaya apa yg harus gw pegang? gw jatuh sejatuh2nya, muak bgt gw hidup kaya gini.

gw bolak balik chatgpt nanya best way to end life, dikasih suicide hotline yg ga fungsi mulu.",https://www.reddit.com/r/indonesia/comments/1pwqaqs/lagi_ngerasa_ditinggalin_tuhan/,response,emotional_support,"Partnernya ada tabungan ngga, siapa tau bisa nalang dikit",,,Providing Suggestions,
Indonesia,1pwqaqs,"Lagi ngerasa ditinggalin tuhan.

hi komodos. izin mau curhat aja, gw lg di titik merasa tuhan kaya ninggalin gw. kaya semua masalah mendadak nimpa di waktu bersamaan. anak gw sakit yg bikin dia harus terapi rutin, partner gw malah kena lay off, orang tua gw kelilit hutang puluhan juta & rumah jadi gadaian. gw kaya beberapa kali mo mati. ga bisa gw selesain semua satu2, keuangan gw juga ga cukup bulan ke bulan makin nipis. gw kerja jarak 80+ km PP daily utk hemat uang kost. keluarga gw bergantung sama gw skrg ditambah partner ga kerja bikin gw harus cari uang tambahan buat terapi anak gw.

worst of all? it seems nobody care. gw ga pernah minta tolong sama orang, tp giliran kondisi lg super mepet gini gada yg nolongin, bahkan ngacangin gw.

gw cape sujud tiap hari minta tolong mohon sama tuhan setidaknya kasihlah keringanan, malah dikasih beban lagi.

katanya, minta cuma sama yg di atas, harus percaya & ikhlas.

tp sampai jidat gw lecet berkali2 sujud pun, rasanya gw tetep ditinggalin.

terus iman kaya apa yg harus gw pegang? gw jatuh sejatuh2nya, muak bgt gw hidup kaya gini.

gw bolak balik chatgpt nanya best way to end life, dikasih suicide hotline yg ga fungsi mulu.",https://www.reddit.com/r/indonesia/comments/1pwqaqs/lagi_ngerasa_ditinggalin_tuhan/,response,emotional_support,Kamu minta tolong ke siapa?,,,Questions,
Indonesia,1pwqaqs,"Lagi ngerasa ditinggalin tuhan.

hi komodos. izin mau curhat aja, gw lg di titik merasa tuhan kaya ninggalin gw. kaya semua masalah mendadak nimpa di waktu bersamaan. anak gw sakit yg bikin dia harus terapi rutin, partner gw malah kena lay off, orang tua gw kelilit hutang puluhan juta & rumah jadi gadaian. gw kaya beberapa kali mo mati. ga bisa gw selesain semua satu2, keuangan gw juga ga cukup bulan ke bulan makin nipis. gw kerja jarak 80+ km PP daily utk hemat uang kost. keluarga gw bergantung sama gw skrg ditambah partner ga kerja bikin gw harus cari uang tambahan buat terapi anak gw.

worst of all? it seems nobody care. gw ga pernah minta tolong sama orang, tp giliran kondisi lg super mepet gini gada yg nolongin, bahkan ngacangin gw.

gw cape sujud tiap hari minta tolong mohon sama tuhan setidaknya kasihlah keringanan, malah dikasih beban lagi.

katanya, minta cuma sama yg di atas, harus percaya & ikhlas.

tp sampai jidat gw lecet berkali2 sujud pun, rasanya gw tetep ditinggalin.

terus iman kaya apa yg harus gw pegang? gw jatuh sejatuh2nya, muak bgt gw hidup kaya gini.

gw bolak balik chatgpt nanya best way to end life, dikasih suicide hotline yg ga fungsi mulu.",https://www.reddit.com/r/indonesia/comments/1pwqaqs/lagi_ngerasa_ditinggalin_tuhan/,response,emotional_support,Coba k kantor dulu kalau bener2 perlu uang.,,,Providing Suggestions,
Indonesia,1pwqaqs,"Lagi ngerasa ditinggalin tuhan.

hi komodos. izin mau curhat aja, gw lg di titik merasa tuhan kaya ninggalin gw. kaya semua masalah mendadak nimpa di waktu bersamaan. anak gw sakit yg bikin dia harus terapi rutin, partner gw malah kena lay off, orang tua gw kelilit hutang puluhan juta & rumah jadi gadaian. gw kaya beberapa kali mo mati. ga bisa gw selesain semua satu2, keuangan gw juga ga cukup bulan ke bulan makin nipis. gw kerja jarak 80+ km PP daily utk hemat uang kost. keluarga gw bergantung sama gw skrg ditambah partner ga kerja bikin gw harus cari uang tambahan buat terapi anak gw.

worst of all? it seems nobody care. gw ga pernah minta tolong sama orang, tp giliran kondisi lg super mepet gini gada yg nolongin, bahkan ngacangin gw.

gw cape sujud tiap hari minta tolong mohon sama tuhan setidaknya kasihlah keringanan, malah dikasih beban lagi.

katanya, minta cuma sama yg di atas, harus percaya & ikhlas.

tp sampai jidat gw lecet berkali2 sujud pun, rasanya gw tetep ditinggalin.

terus iman kaya apa yg harus gw pegang? gw jatuh sejatuh2nya, muak bgt gw hidup kaya gini.

gw bolak balik chatgpt nanya best way to end life, dikasih suicide hotline yg ga fungsi mulu.",https://www.reddit.com/r/indonesia/comments/1pwqaqs/lagi_ngerasa_ditinggalin_tuhan/,response,emotional_support,Ortumu ada perhiasan atau emas?,,,Questions,
Indonesia,1pwqaqs,"Lagi ngerasa ditinggalin tuhan.

hi komodos. izin mau curhat aja, gw lg di titik merasa tuhan kaya ninggalin gw. kaya semua masalah mendadak nimpa di waktu bersamaan. anak gw sakit yg bikin dia harus terapi rutin, partner gw malah kena lay off, orang tua gw kelilit hutang puluhan juta & rumah jadi gadaian. gw kaya beberapa kali mo mati. ga bisa gw selesain semua satu2, keuangan gw juga ga cukup bulan ke bulan makin nipis. gw kerja jarak 80+ km PP daily utk hemat uang kost. keluarga gw bergantung sama gw skrg ditambah partner ga kerja bikin gw harus cari uang tambahan buat terapi anak gw.

worst of all? it seems nobody care. gw ga pernah minta tolong sama orang, tp giliran kondisi lg super mepet gini gada yg nolongin, bahkan ngacangin gw.

gw cape sujud tiap hari minta tolong mohon sama tuhan setidaknya kasihlah keringanan, malah dikasih beban lagi.

katanya, minta cuma sama yg di atas, harus percaya & ikhlas.

tp sampai jidat gw lecet berkali2 sujud pun, rasanya gw tetep ditinggalin.

terus iman kaya apa yg harus gw pegang? gw jatuh sejatuh2nya, muak bgt gw hidup kaya gini.

gw bolak balik chatgpt nanya best way to end life, dikasih suicide hotline yg ga fungsi mulu.",https://www.reddit.com/r/indonesia/comments/1pwqaqs/lagi_ngerasa_ditinggalin_tuhan/,response,emotional_support,"Tapi emang klo boleh saran, mending yang ortu jangan kamu semua yg nanggung.",,,Providing Suggestions,
Indonesia,1pwqaqs,"Lagi ngerasa ditinggalin tuhan.

hi komodos. izin mau curhat aja, gw lg di titik merasa tuhan kaya ninggalin gw. kaya semua masalah mendadak nimpa di waktu bersamaan. anak gw sakit yg bikin dia harus terapi rutin, partner gw malah kena lay off, orang tua gw kelilit hutang puluhan juta & rumah jadi gadaian. gw kaya beberapa kali mo mati. ga bisa gw selesain semua satu2, keuangan gw juga ga cukup bulan ke bulan makin nipis. gw kerja jarak 80+ km PP daily utk hemat uang kost. keluarga gw bergantung sama gw skrg ditambah partner ga kerja bikin gw harus cari uang tambahan buat terapi anak gw.

worst of all? it seems nobody care. gw ga pernah minta tolong sama orang, tp giliran kondisi lg super mepet gini gada yg nolongin, bahkan ngacangin gw.

gw cape sujud tiap hari minta tolong mohon sama tuhan setidaknya kasihlah keringanan, malah dikasih beban lagi.

katanya, minta cuma sama yg di atas, harus percaya & ikhlas.

tp sampai jidat gw lecet berkali2 sujud pun, rasanya gw tetep ditinggalin.

terus iman kaya apa yg harus gw pegang? gw jatuh sejatuh2nya, muak bgt gw hidup kaya gini.

gw bolak balik chatgpt nanya best way to end life, dikasih suicide hotline yg ga fungsi mulu.",https://www.reddit.com/r/indonesia/comments/1pwqaqs/lagi_ngerasa_ditinggalin_tuhan/,response,emotional_support,"Karena dari ceritamu mereka juga ngga bilang buat apa itu hutang, yang berarti itu juga bukan tanggunganmu.",,,Restatement or Paraphrasing,
Indonesia,1pwqaqs,"Lagi ngerasa ditinggalin tuhan.

hi komodos. izin mau curhat aja, gw lg di titik merasa tuhan kaya ninggalin gw. kaya semua masalah mendadak nimpa di waktu bersamaan. anak gw sakit yg bikin dia harus terapi rutin, partner gw malah kena lay off, orang tua gw kelilit hutang puluhan juta & rumah jadi gadaian. gw kaya beberapa kali mo mati. ga bisa gw selesain semua satu2, keuangan gw juga ga cukup bulan ke bulan makin nipis. gw kerja jarak 80+ km PP daily utk hemat uang kost. keluarga gw bergantung sama gw skrg ditambah partner ga kerja bikin gw harus cari uang tambahan buat terapi anak gw.

worst of all? it seems nobody care. gw ga pernah minta tolong sama orang, tp giliran kondisi lg super mepet gini gada yg nolongin, bahkan ngacangin gw.

gw cape sujud tiap hari minta tolong mohon sama tuhan setidaknya kasihlah keringanan, malah dikasih beban lagi.

katanya, minta cuma sama yg di atas, harus percaya & ikhlas.

tp sampai jidat gw lecet berkali2 sujud pun, rasanya gw tetep ditinggalin.

terus iman kaya apa yg harus gw pegang? gw jatuh sejatuh2nya, muak bgt gw hidup kaya gini.

gw bolak balik chatgpt nanya best way to end life, dikasih suicide hotline yg ga fungsi mulu.",https://www.reddit.com/r/indonesia/comments/1pwqaqs/lagi_ngerasa_ditinggalin_tuhan/,response,emotional_support,Doa yang terbaik.,,,Affirmation and Reassurance,
Indonesia,1pwqaqs,"Lagi ngerasa ditinggalin tuhan.

hi komodos. izin mau curhat aja, gw lg di titik merasa tuhan kaya ninggalin gw. kaya semua masalah mendadak nimpa di waktu bersamaan. anak gw sakit yg bikin dia harus terapi rutin, partner gw malah kena lay off, orang tua gw kelilit hutang puluhan juta & rumah jadi gadaian. gw kaya beberapa kali mo mati. ga bisa gw selesain semua satu2, keuangan gw juga ga cukup bulan ke bulan makin nipis. gw kerja jarak 80+ km PP daily utk hemat uang kost. keluarga gw bergantung sama gw skrg ditambah partner ga kerja bikin gw harus cari uang tambahan buat terapi anak gw.

worst of all? it seems nobody care. gw ga pernah minta tolong sama orang, tp giliran kondisi lg super mepet gini gada yg nolongin, bahkan ngacangin gw.

gw cape sujud tiap hari minta tolong mohon sama tuhan setidaknya kasihlah keringanan, malah dikasih beban lagi.

katanya, minta cuma sama yg di atas, harus percaya & ikhlas.

tp sampai jidat gw lecet berkali2 sujud pun, rasanya gw tetep ditinggalin.

terus iman kaya apa yg harus gw pegang? gw jatuh sejatuh2nya, muak bgt gw hidup kaya gini.

gw bolak balik chatgpt nanya best way to end life, dikasih suicide hotline yg ga fungsi mulu.",https://www.reddit.com/r/indonesia/comments/1pwqaqs/lagi_ngerasa_ditinggalin_tuhan/,response,emphaty_score,,,,,4 (quite empathetic)
Indonesia,1azmkao,"Is having a pet really can combat loneliness?

Jadi akhir2 ini gue sedang merasakan kesepian yg sangat tinggi, to the point tiap habis sholat gue bisa nangis krn inget Nyokap & Bokap yg udh ga ada. Especially on weekends, padahal kemarin habis main sm temen2, tp hari ini seharian di rumah the loneliness feeling creeps in lagi.

Gue tinggal sendiri krn kedua kakak2 gue udh menikah, and I always have zero luck on finding a partner (I'm a female with 35+ age, so the pool is very limited) jd mungkin itu bukan opsi jangka pendek yg bisa dicapai, to the point I would probably already give up on the idea, hehe.

Lalu temen gue ada yg nyaranin utk pelihara kucing aja, tp sebagai overthinker gue sekarang lg mikirin apakah itu keputusan yg tepat.

Backgroundnya adalah, gue dr kecil ga pernah melihara hewan, gue tinggal sendiri di rumah, pulang kerja mgkn udh cukup malam. Budget-wise, gue agak worry juga biayanya tinggi. Denger2 juga kucing kl ga sering diajak main, bisa cranky. But the upside (kl lagi main ke apartemen temen gue), gue ngerasa lebih tenang kl ketemu kucing temen gue, even dia cuma duduk di samping gue kok kayanya gue lebih tenang.

Jd utk para komodos yg saat ini punya pet, gue mau nanya apakah sulit buat maintain pet kalau elo tinggal sendirian di rumah? Dan menurut kalian apakah ini keputusan yg bagus utk gue ambil?",https://www.reddit.com/r/indonesia/comments/1azmkao/is_having_a_pet_really_can_combat_loneliness/,post,emotional_distress,"Jadi akhir2 ini gue sedang merasakan kesepian yg sangat tinggi, to the point tiap habis sholat gue bisa nangis krn inget Nyokap & Bokap yg udh ga ada. Especially on weekends, padahal kemarin habis main sm temen2, tp hari ini seharian di rumah the loneliness feeling creeps in lagi.",,moderate,,
Indonesia,1azmkao,"Is having a pet really can combat loneliness?

Jadi akhir2 ini gue sedang merasakan kesepian yg sangat tinggi, to the point tiap habis sholat gue bisa nangis krn inget Nyokap & Bokap yg udh ga ada. Especially on weekends, padahal kemarin habis main sm temen2, tp hari ini seharian di rumah the loneliness feeling creeps in lagi.

Gue tinggal sendiri krn kedua kakak2 gue udh menikah, and I always have zero luck on finding a partner (I'm a female with 35+ age, so the pool is very limited) jd mungkin itu bukan opsi jangka pendek yg bisa dicapai, to the point I would probably already give up on the idea, hehe.

Lalu temen gue ada yg nyaranin utk pelihara kucing aja, tp sebagai overthinker gue sekarang lg mikirin apakah itu keputusan yg tepat.

Backgroundnya adalah, gue dr kecil ga pernah melihara hewan, gue tinggal sendiri di rumah, pulang kerja mgkn udh cukup malam. Budget-wise, gue agak worry juga biayanya tinggi. Denger2 juga kucing kl ga sering diajak main, bisa cranky. But the upside (kl lagi main ke apartemen temen gue), gue ngerasa lebih tenang kl ketemu kucing temen gue, even dia cuma duduk di samping gue kok kayanya gue lebih tenang.

Jd utk para komodos yg saat ini punya pet, gue mau nanya apakah sulit buat maintain pet kalau elo tinggal sendirian di rumah? Dan menurut kalian apakah ini keputusan yg bagus utk gue ambil?",https://www.reddit.com/r/indonesia/comments/1azmkao/is_having_a_pet_really_can_combat_loneliness/,post,cultural_signals,", to the point tiap habis sholat gue bisa nangis krn inget Nyokap & Bokap yg udh ga ada",Concepts,,,
Indonesia,1azmkao,"Is having a pet really can combat loneliness?

Jadi akhir2 ini gue sedang merasakan kesepian yg sangat tinggi, to the point tiap habis sholat gue bisa nangis krn inget Nyokap & Bokap yg udh ga ada. Especially on weekends, padahal kemarin habis main sm temen2, tp hari ini seharian di rumah the loneliness feeling creeps in lagi.

Gue tinggal sendiri krn kedua kakak2 gue udh menikah, and I always have zero luck on finding a partner (I'm a female with 35+ age, so the pool is very limited) jd mungkin itu bukan opsi jangka pendek yg bisa dicapai, to the point I would probably already give up on the idea, hehe.

Lalu temen gue ada yg nyaranin utk pelihara kucing aja, tp sebagai overthinker gue sekarang lg mikirin apakah itu keputusan yg tepat.

Backgroundnya adalah, gue dr kecil ga pernah melihara hewan, gue tinggal sendiri di rumah, pulang kerja mgkn udh cukup malam. Budget-wise, gue agak worry juga biayanya tinggi. Denger2 juga kucing kl ga sering diajak main, bisa cranky. But the upside (kl lagi main ke apartemen temen gue), gue ngerasa lebih tenang kl ketemu kucing temen gue, even dia cuma duduk di samping gue kok kayanya gue lebih tenang.

Jd utk para komodos yg saat ini punya pet, gue mau nanya apakah sulit buat maintain pet kalau elo tinggal sendirian di rumah? Dan menurut kalian apakah ini keputusan yg bagus utk gue ambil?",https://www.reddit.com/r/indonesia/comments/1azmkao/is_having_a_pet_really_can_combat_loneliness/,post,cultural_signals,"Gue tinggal sendiri krn kedua kakak2 gue udh menikah, and I always have zero luck on finding a partner (I'm a female with 35+ age, so the pool is very limited) jd mungkin itu bukan opsi jangka pendek yg bisa dicapai, to the point I would probably already give up on the idea, hehe",Norms and Morals,,,
Indonesia,1azmkao,"Is having a pet really can combat loneliness?

Jadi akhir2 ini gue sedang merasakan kesepian yg sangat tinggi, to the point tiap habis sholat gue bisa nangis krn inget Nyokap & Bokap yg udh ga ada. Especially on weekends, padahal kemarin habis main sm temen2, tp hari ini seharian di rumah the loneliness feeling creeps in lagi.

Gue tinggal sendiri krn kedua kakak2 gue udh menikah, and I always have zero luck on finding a partner (I'm a female with 35+ age, so the pool is very limited) jd mungkin itu bukan opsi jangka pendek yg bisa dicapai, to the point I would probably already give up on the idea, hehe.

Lalu temen gue ada yg nyaranin utk pelihara kucing aja, tp sebagai overthinker gue sekarang lg mikirin apakah itu keputusan yg tepat.

Backgroundnya adalah, gue dr kecil ga pernah melihara hewan, gue tinggal sendiri di rumah, pulang kerja mgkn udh cukup malam. Budget-wise, gue agak worry juga biayanya tinggi. Denger2 juga kucing kl ga sering diajak main, bisa cranky. But the upside (kl lagi main ke apartemen temen gue), gue ngerasa lebih tenang kl ketemu kucing temen gue, even dia cuma duduk di samping gue kok kayanya gue lebih tenang.

Jd utk para komodos yg saat ini punya pet, gue mau nanya apakah sulit buat maintain pet kalau elo tinggal sendirian di rumah? Dan menurut kalian apakah ini keputusan yg bagus utk gue ambil?",https://www.reddit.com/r/indonesia/comments/1azmkao/is_having_a_pet_really_can_combat_loneliness/,post,emotional_distress,"Lalu temen gue ada yg nyaranin utk pelihara kucing aja, tp sebagai overthinker gue sekarang lg mikirin apakah itu keputusan yg tepat.",,light,,
Indonesia,1azmkao,"Is having a pet really can combat loneliness?

Jadi akhir2 ini gue sedang merasakan kesepian yg sangat tinggi, to the point tiap habis sholat gue bisa nangis krn inget Nyokap & Bokap yg udh ga ada. Especially on weekends, padahal kemarin habis main sm temen2, tp hari ini seharian di rumah the loneliness feeling creeps in lagi.

Gue tinggal sendiri krn kedua kakak2 gue udh menikah, and I always have zero luck on finding a partner (I'm a female with 35+ age, so the pool is very limited) jd mungkin itu bukan opsi jangka pendek yg bisa dicapai, to the point I would probably already give up on the idea, hehe.

Lalu temen gue ada yg nyaranin utk pelihara kucing aja, tp sebagai overthinker gue sekarang lg mikirin apakah itu keputusan yg tepat.

Backgroundnya adalah, gue dr kecil ga pernah melihara hewan, gue tinggal sendiri di rumah, pulang kerja mgkn udh cukup malam. Budget-wise, gue agak worry juga biayanya tinggi. Denger2 juga kucing kl ga sering diajak main, bisa cranky. But the upside (kl lagi main ke apartemen temen gue), gue ngerasa lebih tenang kl ketemu kucing temen gue, even dia cuma duduk di samping gue kok kayanya gue lebih tenang.

Jd utk para komodos yg saat ini punya pet, gue mau nanya apakah sulit buat maintain pet kalau elo tinggal sendirian di rumah? Dan menurut kalian apakah ini keputusan yg bagus utk gue ambil?",https://www.reddit.com/r/indonesia/comments/1azmkao/is_having_a_pet_really_can_combat_loneliness/,post,cultural_signals,"Backgroundnya adalah, gue dr kecil ga pernah melihara hewan, gue tinggal sendiri di rumah, pulang kerja mgkn udh cukup malam. Budget-wise, gue agak worry juga biayanya tinggi. Denger2 juga kucing kl ga sering diajak main, bisa cranky.",Knowledge,,,
Indonesia,1azmkao,"Is having a pet really can combat loneliness?

Jadi akhir2 ini gue sedang merasakan kesepian yg sangat tinggi, to the point tiap habis sholat gue bisa nangis krn inget Nyokap & Bokap yg udh ga ada. Especially on weekends, padahal kemarin habis main sm temen2, tp hari ini seharian di rumah the loneliness feeling creeps in lagi.

Gue tinggal sendiri krn kedua kakak2 gue udh menikah, and I always have zero luck on finding a partner (I'm a female with 35+ age, so the pool is very limited) jd mungkin itu bukan opsi jangka pendek yg bisa dicapai, to the point I would probably already give up on the idea, hehe.

Lalu temen gue ada yg nyaranin utk pelihara kucing aja, tp sebagai overthinker gue sekarang lg mikirin apakah itu keputusan yg tepat.

Backgroundnya adalah, gue dr kecil ga pernah melihara hewan, gue tinggal sendiri di rumah, pulang kerja mgkn udh cukup malam. Budget-wise, gue agak worry juga biayanya tinggi. Denger2 juga kucing kl ga sering diajak main, bisa cranky. But the upside (kl lagi main ke apartemen temen gue), gue ngerasa lebih tenang kl ketemu kucing temen gue, even dia cuma duduk di samping gue kok kayanya gue lebih tenang.

Jd utk para komodos yg saat ini punya pet, gue mau nanya apakah sulit buat maintain pet kalau elo tinggal sendirian di rumah? Dan menurut kalian apakah ini keputusan yg bagus utk gue ambil?",https://www.reddit.com/r/indonesia/comments/1azmkao/is_having_a_pet_really_can_combat_loneliness/,post,emotional_distress,"But the upside (kl lagi main ke apartemen temen gue), gue ngerasa lebih tenang kl ketemu kucing temen gue, even dia cuma duduk di samping gue kok kayanya gue lebih tenang.",,light,,
Indonesia,1azmkao,"Is having a pet really can combat loneliness?

Jadi akhir2 ini gue sedang merasakan kesepian yg sangat tinggi, to the point tiap habis sholat gue bisa nangis krn inget Nyokap & Bokap yg udh ga ada. Especially on weekends, padahal kemarin habis main sm temen2, tp hari ini seharian di rumah the loneliness feeling creeps in lagi.

Gue tinggal sendiri krn kedua kakak2 gue udh menikah, and I always have zero luck on finding a partner (I'm a female with 35+ age, so the pool is very limited) jd mungkin itu bukan opsi jangka pendek yg bisa dicapai, to the point I would probably already give up on the idea, hehe.

Lalu temen gue ada yg nyaranin utk pelihara kucing aja, tp sebagai overthinker gue sekarang lg mikirin apakah itu keputusan yg tepat.

Backgroundnya adalah, gue dr kecil ga pernah melihara hewan, gue tinggal sendiri di rumah, pulang kerja mgkn udh cukup malam. Budget-wise, gue agak worry juga biayanya tinggi. Denger2 juga kucing kl ga sering diajak main, bisa cranky. But the upside (kl lagi main ke apartemen temen gue), gue ngerasa lebih tenang kl ketemu kucing temen gue, even dia cuma duduk di samping gue kok kayanya gue lebih tenang.

Jd utk para komodos yg saat ini punya pet, gue mau nanya apakah sulit buat maintain pet kalau elo tinggal sendirian di rumah? Dan menurut kalian apakah ini keputusan yg bagus utk gue ambil?",https://www.reddit.com/r/indonesia/comments/1azmkao/is_having_a_pet_really_can_combat_loneliness/,response,emotional_support,"As a dog person, gw gk th soal kucing, tp kalo anjing, gw selalu pengen pulang ke rumah cepat2 karena ada yg sambut gw di rumah..

setiap buka pintu, ada yg tunggu di depan pintu untuk nyambut kita, selalu ceria dan ajakin kita main, pas kita lg sakit, anjing jg th kalo tuannya lg sakit, smpai di samping kita buat tenangin kita..",,,Self-disclosure,
Indonesia,1azmkao,"Is having a pet really can combat loneliness?

Jadi akhir2 ini gue sedang merasakan kesepian yg sangat tinggi, to the point tiap habis sholat gue bisa nangis krn inget Nyokap & Bokap yg udh ga ada. Especially on weekends, padahal kemarin habis main sm temen2, tp hari ini seharian di rumah the loneliness feeling creeps in lagi.

Gue tinggal sendiri krn kedua kakak2 gue udh menikah, and I always have zero luck on finding a partner (I'm a female with 35+ age, so the pool is very limited) jd mungkin itu bukan opsi jangka pendek yg bisa dicapai, to the point I would probably already give up on the idea, hehe.

Lalu temen gue ada yg nyaranin utk pelihara kucing aja, tp sebagai overthinker gue sekarang lg mikirin apakah itu keputusan yg tepat.

Backgroundnya adalah, gue dr kecil ga pernah melihara hewan, gue tinggal sendiri di rumah, pulang kerja mgkn udh cukup malam. Budget-wise, gue agak worry juga biayanya tinggi. Denger2 juga kucing kl ga sering diajak main, bisa cranky. But the upside (kl lagi main ke apartemen temen gue), gue ngerasa lebih tenang kl ketemu kucing temen gue, even dia cuma duduk di samping gue kok kayanya gue lebih tenang.

Jd utk para komodos yg saat ini punya pet, gue mau nanya apakah sulit buat maintain pet kalau elo tinggal sendirian di rumah? Dan menurut kalian apakah ini keputusan yg bagus utk gue ambil?",https://www.reddit.com/r/indonesia/comments/1azmkao/is_having_a_pet_really_can_combat_loneliness/,response,emotional_support,"Punya binatang peliharaan jg bagus, karena bs ikut komunitas pecinta binatang, disitu mungkin lo bs ketemu calon jg 😁.",,,Reflection of Feelings,
Indonesia,1azmkao,"Is having a pet really can combat loneliness?

Jadi akhir2 ini gue sedang merasakan kesepian yg sangat tinggi, to the point tiap habis sholat gue bisa nangis krn inget Nyokap & Bokap yg udh ga ada. Especially on weekends, padahal kemarin habis main sm temen2, tp hari ini seharian di rumah the loneliness feeling creeps in lagi.

Gue tinggal sendiri krn kedua kakak2 gue udh menikah, and I always have zero luck on finding a partner (I'm a female with 35+ age, so the pool is very limited) jd mungkin itu bukan opsi jangka pendek yg bisa dicapai, to the point I would probably already give up on the idea, hehe.

Lalu temen gue ada yg nyaranin utk pelihara kucing aja, tp sebagai overthinker gue sekarang lg mikirin apakah itu keputusan yg tepat.

Backgroundnya adalah, gue dr kecil ga pernah melihara hewan, gue tinggal sendiri di rumah, pulang kerja mgkn udh cukup malam. Budget-wise, gue agak worry juga biayanya tinggi. Denger2 juga kucing kl ga sering diajak main, bisa cranky. But the upside (kl lagi main ke apartemen temen gue), gue ngerasa lebih tenang kl ketemu kucing temen gue, even dia cuma duduk di samping gue kok kayanya gue lebih tenang.

Jd utk para komodos yg saat ini punya pet, gue mau nanya apakah sulit buat maintain pet kalau elo tinggal sendirian di rumah? Dan menurut kalian apakah ini keputusan yg bagus utk gue ambil?",https://www.reddit.com/r/indonesia/comments/1azmkao/is_having_a_pet_really_can_combat_loneliness/,response,emotional_support,"Tp ingat setelah lo memutuskan utk membawa binatang itu kerumah, itu ada lah tanggung jawab full, ibarat kaya punya anak, ke dokter, vaksin dll hrs rutin, makanan jg di jaga, jgn sembarangan.. gw adalah org paling benci org yg adopsi binatang karena kesenangan sementara.

Downside nya setelah punya soulmate anabul? Pas dia meninggal, akan sakit sekali, gw smpai skr blm bs moveon anjing ku meninggal.. ada yg mau kasi gw anjing saja blm bs terima, makanya smpai skr blm mau terima anjing lain.",,,Information,
Indonesia,1azmkao,"Is having a pet really can combat loneliness?

Jadi akhir2 ini gue sedang merasakan kesepian yg sangat tinggi, to the point tiap habis sholat gue bisa nangis krn inget Nyokap & Bokap yg udh ga ada. Especially on weekends, padahal kemarin habis main sm temen2, tp hari ini seharian di rumah the loneliness feeling creeps in lagi.

Gue tinggal sendiri krn kedua kakak2 gue udh menikah, and I always have zero luck on finding a partner (I'm a female with 35+ age, so the pool is very limited) jd mungkin itu bukan opsi jangka pendek yg bisa dicapai, to the point I would probably already give up on the idea, hehe.

Lalu temen gue ada yg nyaranin utk pelihara kucing aja, tp sebagai overthinker gue sekarang lg mikirin apakah itu keputusan yg tepat.

Backgroundnya adalah, gue dr kecil ga pernah melihara hewan, gue tinggal sendiri di rumah, pulang kerja mgkn udh cukup malam. Budget-wise, gue agak worry juga biayanya tinggi. Denger2 juga kucing kl ga sering diajak main, bisa cranky. But the upside (kl lagi main ke apartemen temen gue), gue ngerasa lebih tenang kl ketemu kucing temen gue, even dia cuma duduk di samping gue kok kayanya gue lebih tenang.

Jd utk para komodos yg saat ini punya pet, gue mau nanya apakah sulit buat maintain pet kalau elo tinggal sendirian di rumah? Dan menurut kalian apakah ini keputusan yg bagus utk gue ambil?",https://www.reddit.com/r/indonesia/comments/1azmkao/is_having_a_pet_really_can_combat_loneliness/,response,emphaty_score,,,,,3 (moderately empathetic)
Indonesia,1n74908,"Bagaimana cara mengatasi depresi?

Buat background, aku sejak awal tahun lagi job seeking. Tabungan mepet dan balik tinggal sama ortu to save money. BPJS juga non aktif (again, money problem), ngga bilang ortu karena gamau nambah beban bayarin bpjs. Jadi utk ke profesional hampir tidak mungkin. Temen semua ngerantau. Kalau adapun aku jg gamau ketemu sih, malu wkwk

Udah lebih dr sebulan ini, mau bangun dari kasur susaaaah banget. Kamar juga udah kayak kandang babi nggak dibersihin. Rasanya capek banget padahal bangun dr kasur aja engga. Ortu udah melihat dengan pandangan penuh kekecewaan dan ini bikin beban buatku, ended up di kamar doang biar engga ketemu ortu wkwk. Dulu kuliah pernah didiagnosa depresi juga dan episode kayak gini udah sering banget sebenernya. Tapi entah knp kali ini rasanya berat bgt. Ini udah dari Juli aku rasanya gabisa ngapa2in. Ngelamar aja engga haha plus ngelihat negara lagi begini makin gila. Aku merasa kehabisan waktu.

Jd buat komodos, apa yg biasa kalian lakukan kalau lagi di fase ini biar cepet selesai depresinya?",https://www.reddit.com/r/indonesia/comments/1n74908/bagaimana_cara_mengatasi_depresi/,post,cultural_signals,"Buat background, aku sejak awal tahun lagi job seeking. Tabungan mepet dan balik tinggal sama ortu to save money. BPJS juga non aktif (again, money problem), ngga bilang ortu karena gamau nambah beban bayarin bpjs. Jadi utk ke profesional hampir tidak mungkin. Temen semua ngerantau.",Norms and Morals,,,
Indonesia,1n74908,"Bagaimana cara mengatasi depresi?

Buat background, aku sejak awal tahun lagi job seeking. Tabungan mepet dan balik tinggal sama ortu to save money. BPJS juga non aktif (again, money problem), ngga bilang ortu karena gamau nambah beban bayarin bpjs. Jadi utk ke profesional hampir tidak mungkin. Temen semua ngerantau. Kalau adapun aku jg gamau ketemu sih, malu wkwk

Udah lebih dr sebulan ini, mau bangun dari kasur susaaaah banget. Kamar juga udah kayak kandang babi nggak dibersihin. Rasanya capek banget padahal bangun dr kasur aja engga. Ortu udah melihat dengan pandangan penuh kekecewaan dan ini bikin beban buatku, ended up di kamar doang biar engga ketemu ortu wkwk. Dulu kuliah pernah didiagnosa depresi juga dan episode kayak gini udah sering banget sebenernya. Tapi entah knp kali ini rasanya berat bgt. Ini udah dari Juli aku rasanya gabisa ngapa2in. Ngelamar aja engga haha plus ngelihat negara lagi begini makin gila. Aku merasa kehabisan waktu.

Jd buat komodos, apa yg biasa kalian lakukan kalau lagi di fase ini biar cepet selesai depresinya?",https://www.reddit.com/r/indonesia/comments/1n74908/bagaimana_cara_mengatasi_depresi/,post,emotional_distress,"Kalau adapun aku jg gamau ketemu sih, malu wkwk",,light,,
Indonesia,1n74908,"Bagaimana cara mengatasi depresi?

Buat background, aku sejak awal tahun lagi job seeking. Tabungan mepet dan balik tinggal sama ortu to save money. BPJS juga non aktif (again, money problem), ngga bilang ortu karena gamau nambah beban bayarin bpjs. Jadi utk ke profesional hampir tidak mungkin. Temen semua ngerantau. Kalau adapun aku jg gamau ketemu sih, malu wkwk

Udah lebih dr sebulan ini, mau bangun dari kasur susaaaah banget. Kamar juga udah kayak kandang babi nggak dibersihin. Rasanya capek banget padahal bangun dr kasur aja engga. Ortu udah melihat dengan pandangan penuh kekecewaan dan ini bikin beban buatku, ended up di kamar doang biar engga ketemu ortu wkwk. Dulu kuliah pernah didiagnosa depresi juga dan episode kayak gini udah sering banget sebenernya. Tapi entah knp kali ini rasanya berat bgt. Ini udah dari Juli aku rasanya gabisa ngapa2in. Ngelamar aja engga haha plus ngelihat negara lagi begini makin gila. Aku merasa kehabisan waktu.

Jd buat komodos, apa yg biasa kalian lakukan kalau lagi di fase ini biar cepet selesai depresinya?",https://www.reddit.com/r/indonesia/comments/1n74908/bagaimana_cara_mengatasi_depresi/,post,emotional_distress,"Udah lebih dr sebulan ini, mau bangun dari kasur susaaaah banget. Kamar juga udah kayak kandang babi nggak dibersihin. Rasanya capek banget padahal bangun dr kasur aja engga. Ortu udah melihat dengan pandangan penuh kekecewaan dan ini bikin beban buatku, ended up di kamar doang biar engga ketemu ortu wkwk. Dulu kuliah pernah didiagnosa depresi juga dan episode kayak gini udah sering banget sebenernya. Tapi entah knp kali ini rasanya berat bgt. Ini udah dari Juli aku rasanya gabisa ngapa2in. Ngelamar aja engga haha plus ngelihat negara lagi begini makin gila. Aku merasa kehabisan waktu.",,high,,
Indonesia,1n74908,"Bagaimana cara mengatasi depresi?

Buat background, aku sejak awal tahun lagi job seeking. Tabungan mepet dan balik tinggal sama ortu to save money. BPJS juga non aktif (again, money problem), ngga bilang ortu karena gamau nambah beban bayarin bpjs. Jadi utk ke profesional hampir tidak mungkin. Temen semua ngerantau. Kalau adapun aku jg gamau ketemu sih, malu wkwk

Udah lebih dr sebulan ini, mau bangun dari kasur susaaaah banget. Kamar juga udah kayak kandang babi nggak dibersihin. Rasanya capek banget padahal bangun dr kasur aja engga. Ortu udah melihat dengan pandangan penuh kekecewaan dan ini bikin beban buatku, ended up di kamar doang biar engga ketemu ortu wkwk. Dulu kuliah pernah didiagnosa depresi juga dan episode kayak gini udah sering banget sebenernya. Tapi entah knp kali ini rasanya berat bgt. Ini udah dari Juli aku rasanya gabisa ngapa2in. Ngelamar aja engga haha plus ngelihat negara lagi begini makin gila. Aku merasa kehabisan waktu.

Jd buat komodos, apa yg biasa kalian lakukan kalau lagi di fase ini biar cepet selesai depresinya?",https://www.reddit.com/r/indonesia/comments/1n74908/bagaimana_cara_mengatasi_depresi/,response,emotional_support,"mungkin yang bisa aku saranin dari pengalaman yg lalu coba dimulai dari bangun pagi, bebersih kamar, mandi, dan mulai susun rencana harus ngapain aja.",,,Providing Suggestions,
Indonesia,1n74908,"Bagaimana cara mengatasi depresi?

Buat background, aku sejak awal tahun lagi job seeking. Tabungan mepet dan balik tinggal sama ortu to save money. BPJS juga non aktif (again, money problem), ngga bilang ortu karena gamau nambah beban bayarin bpjs. Jadi utk ke profesional hampir tidak mungkin. Temen semua ngerantau. Kalau adapun aku jg gamau ketemu sih, malu wkwk

Udah lebih dr sebulan ini, mau bangun dari kasur susaaaah banget. Kamar juga udah kayak kandang babi nggak dibersihin. Rasanya capek banget padahal bangun dr kasur aja engga. Ortu udah melihat dengan pandangan penuh kekecewaan dan ini bikin beban buatku, ended up di kamar doang biar engga ketemu ortu wkwk. Dulu kuliah pernah didiagnosa depresi juga dan episode kayak gini udah sering banget sebenernya. Tapi entah knp kali ini rasanya berat bgt. Ini udah dari Juli aku rasanya gabisa ngapa2in. Ngelamar aja engga haha plus ngelihat negara lagi begini makin gila. Aku merasa kehabisan waktu.

Jd buat komodos, apa yg biasa kalian lakukan kalau lagi di fase ini biar cepet selesai depresinya?",https://www.reddit.com/r/indonesia/comments/1n74908/bagaimana_cara_mengatasi_depresi/,response,emotional_support,mungkin efeknya ga kerasa di awal tapi lama kelamaan perasaan itu mulai membaik.,,,Restatement or Paraphrasing,
Indonesia,1n74908,"Bagaimana cara mengatasi depresi?

Buat background, aku sejak awal tahun lagi job seeking. Tabungan mepet dan balik tinggal sama ortu to save money. BPJS juga non aktif (again, money problem), ngga bilang ortu karena gamau nambah beban bayarin bpjs. Jadi utk ke profesional hampir tidak mungkin. Temen semua ngerantau. Kalau adapun aku jg gamau ketemu sih, malu wkwk

Udah lebih dr sebulan ini, mau bangun dari kasur susaaaah banget. Kamar juga udah kayak kandang babi nggak dibersihin. Rasanya capek banget padahal bangun dr kasur aja engga. Ortu udah melihat dengan pandangan penuh kekecewaan dan ini bikin beban buatku, ended up di kamar doang biar engga ketemu ortu wkwk. Dulu kuliah pernah didiagnosa depresi juga dan episode kayak gini udah sering banget sebenernya. Tapi entah knp kali ini rasanya berat bgt. Ini udah dari Juli aku rasanya gabisa ngapa2in. Ngelamar aja engga haha plus ngelihat negara lagi begini makin gila. Aku merasa kehabisan waktu.

Jd buat komodos, apa yg biasa kalian lakukan kalau lagi di fase ini biar cepet selesai depresinya?",https://www.reddit.com/r/indonesia/comments/1n74908/bagaimana_cara_mengatasi_depresi/,response,emotional_support,"kalo pandangan ortu itu biarin aja jangan terlalu dipikirin, mereka ga pernah tau struggling dan usaha kita gimana.",,,Providing Suggestions,
Indonesia,1n74908,"Bagaimana cara mengatasi depresi?

Buat background, aku sejak awal tahun lagi job seeking. Tabungan mepet dan balik tinggal sama ortu to save money. BPJS juga non aktif (again, money problem), ngga bilang ortu karena gamau nambah beban bayarin bpjs. Jadi utk ke profesional hampir tidak mungkin. Temen semua ngerantau. Kalau adapun aku jg gamau ketemu sih, malu wkwk

Udah lebih dr sebulan ini, mau bangun dari kasur susaaaah banget. Kamar juga udah kayak kandang babi nggak dibersihin. Rasanya capek banget padahal bangun dr kasur aja engga. Ortu udah melihat dengan pandangan penuh kekecewaan dan ini bikin beban buatku, ended up di kamar doang biar engga ketemu ortu wkwk. Dulu kuliah pernah didiagnosa depresi juga dan episode kayak gini udah sering banget sebenernya. Tapi entah knp kali ini rasanya berat bgt. Ini udah dari Juli aku rasanya gabisa ngapa2in. Ngelamar aja engga haha plus ngelihat negara lagi begini makin gila. Aku merasa kehabisan waktu.

Jd buat komodos, apa yg biasa kalian lakukan kalau lagi di fase ini biar cepet selesai depresinya?",https://www.reddit.com/r/indonesia/comments/1n74908/bagaimana_cara_mengatasi_depresi/,response,emphaty_score,,,,,4 (quite empathetic)
Indonesia,1n74908,"Cerita wholesome Indonesia?

Gue lagi depresi ngeliat beasiswa-beasiswa dan mikirin masa depan tak pasti, ngeliat komodos yang kadang suka pesimis sama orang Indo juga nggak membantu. So let me tell you a short wholesome Indonesian story.

Gue sering mampir ke supermarket buat beli jajan. Suatu hari waktu gue mau bayar dikasir, gue ngantri nunggu pelanggan yang lain selese. Barisannya nggak memanjang kebelakang, tapi kesamping horizontal menghadap kasir. Gue taruh belanjaan gue di meja sambil nunggu disamping gue selese.

Entah kenapa si kasir malah layanin belanjaan gue duluan padahal disamping belum. Dalam hati gue ngerasa ""rasanya nggak adil juga sih"". Jadi gue bilang ke kasir ""yang disamping aja duluan"". And so they did.

Setelah gue selese bayar dan mau naik motor, gue siap-siap ambil uang Rp. 1000. Tiba-tiba ada yang teriak di belakang: ""saya bayarin parkiran dia"". Gue agak kaget sih, the guy making a big deal out of it, hanya karena gue minta dia dilayanin duluan. Tapi gue nggak komplain sih, hemat 1000 rupiah. Setelah itu gue pulang.

Jadi gimana? Wholesome? I thought it it, bros being bros you know. You feel slightly happier? Kalo kalian gimana? Ada cerita wholesome versi Indo?",https://www.reddit.com/r/indonesia/comments/196lrl9/cerita_wholesome_indonesia/,post,emotional_distress,"Gue lagi depresi ngeliat beasiswa-beasiswa dan mikirin masa depan tak pasti, ngeliat komodos yang kadang suka pesimis sama orang Indo juga nggak membantu.",,light,,
Indonesia,196lrl9,"Cerita wholesome Indonesia?

Gue lagi depresi ngeliat beasiswa-beasiswa dan mikirin masa depan tak pasti, ngeliat komodos yang kadang suka pesimis sama orang Indo juga nggak membantu. So let me tell you a short wholesome Indonesian story.

Gue sering mampir ke supermarket buat beli jajan. Suatu hari waktu gue mau bayar dikasir, gue ngantri nunggu pelanggan yang lain selese. Barisannya nggak memanjang kebelakang, tapi kesamping horizontal menghadap kasir. Gue taruh belanjaan gue di meja sambil nunggu disamping gue selese.

Entah kenapa si kasir malah layanin belanjaan gue duluan padahal disamping belum. Dalam hati gue ngerasa ""rasanya nggak adil juga sih"". Jadi gue bilang ke kasir ""yang disamping aja duluan"". And so they did.

Setelah gue selese bayar dan mau naik motor, gue siap-siap ambil uang Rp. 1000. Tiba-tiba ada yang teriak di belakang: ""saya bayarin parkiran dia"". Gue agak kaget sih, the guy making a big deal out of it, hanya karena gue minta dia dilayanin duluan. Tapi gue nggak komplain sih, hemat 1000 rupiah. Setelah itu gue pulang.

Jadi gimana? Wholesome? I thought it it, bros being bros you know. You feel slightly happier? Kalo kalian gimana? Ada cerita wholesome versi Indo?",https://www.reddit.com/r/indonesia/comments/196lrl9/cerita_wholesome_indonesia/,post,cultural_signals,"So let me tell you a short wholesome Indonesian story.

Gue sering mampir ke supermarket buat beli jajan. Suatu hari waktu gue mau bayar dikasir, gue ngantri nunggu pelanggan yang lain selese. Barisannya nggak memanjang kebelakang, tapi kesamping horizontal menghadap kasir. Gue taruh belanjaan gue di meja sambil nunggu disamping gue selese.",Norms and Morals,,,
Indonesia,196lrl9,"Cerita wholesome Indonesia?

Gue lagi depresi ngeliat beasiswa-beasiswa dan mikirin masa depan tak pasti, ngeliat komodos yang kadang suka pesimis sama orang Indo juga nggak membantu. So let me tell you a short wholesome Indonesian story.

Gue sering mampir ke supermarket buat beli jajan. Suatu hari waktu gue mau bayar dikasir, gue ngantri nunggu pelanggan yang lain selese. Barisannya nggak memanjang kebelakang, tapi kesamping horizontal menghadap kasir. Gue taruh belanjaan gue di meja sambil nunggu disamping gue selese.

Entah kenapa si kasir malah layanin belanjaan gue duluan padahal disamping belum. Dalam hati gue ngerasa ""rasanya nggak adil juga sih"". Jadi gue bilang ke kasir ""yang disamping aja duluan"". And so they did.

Setelah gue selese bayar dan mau naik motor, gue siap-siap ambil uang Rp. 1000. Tiba-tiba ada yang teriak di belakang: ""saya bayarin parkiran dia"". Gue agak kaget sih, the guy making a big deal out of it, hanya karena gue minta dia dilayanin duluan. Tapi gue nggak komplain sih, hemat 1000 rupiah. Setelah itu gue pulang.

Jadi gimana? Wholesome? I thought it it, bros being bros you know. You feel slightly happier? Kalo kalian gimana? Ada cerita wholesome versi Indo?",https://www.reddit.com/r/indonesia/comments/196lrl9/cerita_wholesome_indonesia/,post,cultural_signals,"Entah kenapa si kasir malah layanin belanjaan gue duluan padahal disamping belum. Dalam hati gue ngerasa ""rasanya nggak adil juga sih"". Jadi gue bilang ke kasir ""yang disamping aja duluan"". And so they did.",Values,,,
Indonesia,196lrl9,"Cerita wholesome Indonesia?

Gue lagi depresi ngeliat beasiswa-beasiswa dan mikirin masa depan tak pasti, ngeliat komodos yang kadang suka pesimis sama orang Indo juga nggak membantu. So let me tell you a short wholesome Indonesian story.

Gue sering mampir ke supermarket buat beli jajan. Suatu hari waktu gue mau bayar dikasir, gue ngantri nunggu pelanggan yang lain selese. Barisannya nggak memanjang kebelakang, tapi kesamping horizontal menghadap kasir. Gue taruh belanjaan gue di meja sambil nunggu disamping gue selese.

Entah kenapa si kasir malah layanin belanjaan gue duluan padahal disamping belum. Dalam hati gue ngerasa ""rasanya nggak adil juga sih"". Jadi gue bilang ke kasir ""yang disamping aja duluan"". And so they did.

Setelah gue selese bayar dan mau naik motor, gue siap-siap ambil uang Rp. 1000. Tiba-tiba ada yang teriak di belakang: ""saya bayarin parkiran dia"". Gue agak kaget sih, the guy making a big deal out of it, hanya karena gue minta dia dilayanin duluan. Tapi gue nggak komplain sih, hemat 1000 rupiah. Setelah itu gue pulang.

Jadi gimana? Wholesome? I thought it it, bros being bros you know. You feel slightly happier? Kalo kalian gimana? Ada cerita wholesome versi Indo?",https://www.reddit.com/r/indonesia/comments/196lrl9/cerita_wholesome_indonesia/,post,cultural_signals,"Setelah gue selese bayar dan mau naik motor, gue siap-siap ambil uang Rp. 1000. Tiba-tiba ada yang teriak di belakang: ""saya bayarin parkiran dia"". Gue agak kaget sih, the guy making a big deal out of it, hanya karena gue minta dia dilayanin duluan. Tapi gue nggak komplain sih, hemat 1000 rupiah. Setelah itu gue pulang.

",Concepts,,,
Indonesia,196lrl9,"Cerita wholesome Indonesia?

Gue lagi depresi ngeliat beasiswa-beasiswa dan mikirin masa depan tak pasti, ngeliat komodos yang kadang suka pesimis sama orang Indo juga nggak membantu. So let me tell you a short wholesome Indonesian story.

Gue sering mampir ke supermarket buat beli jajan. Suatu hari waktu gue mau bayar dikasir, gue ngantri nunggu pelanggan yang lain selese. Barisannya nggak memanjang kebelakang, tapi kesamping horizontal menghadap kasir. Gue taruh belanjaan gue di meja sambil nunggu disamping gue selese.

Entah kenapa si kasir malah layanin belanjaan gue duluan padahal disamping belum. Dalam hati gue ngerasa ""rasanya nggak adil juga sih"". Jadi gue bilang ke kasir ""yang disamping aja duluan"". And so they did.

Setelah gue selese bayar dan mau naik motor, gue siap-siap ambil uang Rp. 1000. Tiba-tiba ada yang teriak di belakang: ""saya bayarin parkiran dia"". Gue agak kaget sih, the guy making a big deal out of it, hanya karena gue minta dia dilayanin duluan. Tapi gue nggak komplain sih, hemat 1000 rupiah. Setelah itu gue pulang.

Jadi gimana? Wholesome? I thought it it, bros being bros you know. You feel slightly happier? Kalo kalian gimana? Ada cerita wholesome versi Indo?",https://www.reddit.com/r/indonesia/comments/196lrl9/cerita_wholesome_indonesia/,response,emotional_support,"Gw baru inget bensin motor udah mau abis jadi daripada paginya buru buru harus isi bensin dulu gw memutuskan untuk keluar malem malem sekitar jam 12an, sialnya bensinnya ternyata ga cukup buat sampe ke pom bensin mana kurang lebih masih 2km lagi jadi terpaksa gw dorong, baru berapa menit tiba tiba disamperin seorang pemuda pake motor kek gerobak sampah begitu dia langsung bilang ""udah naek aja ntar gw setut(?)"", Akhirnya disetutlah motor gw ampe pom tapi dia kek mentalin motor gw langsung ke dalem pomnya sambil dia terus jalan ke lorong disebelah pom itu,",,,Self-disclosure,
Indonesia,196lrl9,"Cerita wholesome Indonesia?

Gue lagi depresi ngeliat beasiswa-beasiswa dan mikirin masa depan tak pasti, ngeliat komodos yang kadang suka pesimis sama orang Indo juga nggak membantu. So let me tell you a short wholesome Indonesian story.

Gue sering mampir ke supermarket buat beli jajan. Suatu hari waktu gue mau bayar dikasir, gue ngantri nunggu pelanggan yang lain selese. Barisannya nggak memanjang kebelakang, tapi kesamping horizontal menghadap kasir. Gue taruh belanjaan gue di meja sambil nunggu disamping gue selese.

Entah kenapa si kasir malah layanin belanjaan gue duluan padahal disamping belum. Dalam hati gue ngerasa ""rasanya nggak adil juga sih"". Jadi gue bilang ke kasir ""yang disamping aja duluan"". And so they did.

Setelah gue selese bayar dan mau naik motor, gue siap-siap ambil uang Rp. 1000. Tiba-tiba ada yang teriak di belakang: ""saya bayarin parkiran dia"". Gue agak kaget sih, the guy making a big deal out of it, hanya karena gue minta dia dilayanin duluan. Tapi gue nggak komplain sih, hemat 1000 rupiah. Setelah itu gue pulang.

Jadi gimana? Wholesome? I thought it it, bros being bros you know. You feel slightly happier? Kalo kalian gimana? Ada cerita wholesome versi Indo?",https://www.reddit.com/r/indonesia/comments/196lrl9/cerita_wholesome_indonesia/,response,emotional_support,"gw cuma sempet teriak ""makasih bang"", setelah isi bensin gw telusurin lorong itu ga nemu lagi orangnya.",,,Reflection of Feelings,
Indonesia,196lrl9,"Cerita wholesome Indonesia?

Gue lagi depresi ngeliat beasiswa-beasiswa dan mikirin masa depan tak pasti, ngeliat komodos yang kadang suka pesimis sama orang Indo juga nggak membantu. So let me tell you a short wholesome Indonesian story.

Gue sering mampir ke supermarket buat beli jajan. Suatu hari waktu gue mau bayar dikasir, gue ngantri nunggu pelanggan yang lain selese. Barisannya nggak memanjang kebelakang, tapi kesamping horizontal menghadap kasir. Gue taruh belanjaan gue di meja sambil nunggu disamping gue selese.

Entah kenapa si kasir malah layanin belanjaan gue duluan padahal disamping belum. Dalam hati gue ngerasa ""rasanya nggak adil juga sih"". Jadi gue bilang ke kasir ""yang disamping aja duluan"". And so they did.

Setelah gue selese bayar dan mau naik motor, gue siap-siap ambil uang Rp. 1000. Tiba-tiba ada yang teriak di belakang: ""saya bayarin parkiran dia"". Gue agak kaget sih, the guy making a big deal out of it, hanya karena gue minta dia dilayanin duluan. Tapi gue nggak komplain sih, hemat 1000 rupiah. Setelah itu gue pulang.

Jadi gimana? Wholesome? I thought it it, bros being bros you know. You feel slightly happier? Kalo kalian gimana? Ada cerita wholesome versi Indo?",https://www.reddit.com/r/indonesia/comments/196lrl9/cerita_wholesome_indonesia/,response,emotional_support,"Siapapun elu terima kasih sudah nolongin gw malem itu, semoga rezeki lu banyak.",,,Restatement or Paraphrasing,
Indonesia,196lrl9,"Cerita wholesome Indonesia?

Gue lagi depresi ngeliat beasiswa-beasiswa dan mikirin masa depan tak pasti, ngeliat komodos yang kadang suka pesimis sama orang Indo juga nggak membantu. So let me tell you a short wholesome Indonesian story.

Gue sering mampir ke supermarket buat beli jajan. Suatu hari waktu gue mau bayar dikasir, gue ngantri nunggu pelanggan yang lain selese. Barisannya nggak memanjang kebelakang, tapi kesamping horizontal menghadap kasir. Gue taruh belanjaan gue di meja sambil nunggu disamping gue selese.

Entah kenapa si kasir malah layanin belanjaan gue duluan padahal disamping belum. Dalam hati gue ngerasa ""rasanya nggak adil juga sih"". Jadi gue bilang ke kasir ""yang disamping aja duluan"". And so they did.

Setelah gue selese bayar dan mau naik motor, gue siap-siap ambil uang Rp. 1000. Tiba-tiba ada yang teriak di belakang: ""saya bayarin parkiran dia"". Gue agak kaget sih, the guy making a big deal out of it, hanya karena gue minta dia dilayanin duluan. Tapi gue nggak komplain sih, hemat 1000 rupiah. Setelah itu gue pulang.

Jadi gimana? Wholesome? I thought it it, bros being bros you know. You feel slightly happier? Kalo kalian gimana? Ada cerita wholesome versi Indo?",https://www.reddit.com/r/indonesia/comments/196lrl9/cerita_wholesome_indonesia/,response,emphaty_score,,,,,3 (moderately empathetic)
Indonesia,1quqfwh,"Genuinely capek melihat banyaknya orang Indonesia yang suka memakan sesamanya
Aku adalah caregiver yang sedang mencari pendonor darah (syukurnya sudah dapat sekarang). Untuk memudahkan pencarian, kemarin aku meminta beberapa temanku menyebarkan kontakku ke media sosial jika ada yang bersedia mendonorkan.

Seperti yang bisa ditebak, alih-alih dapat pendonor, kontakku justru dipenuhi pesan-pesan terindikasi scam. Dari pura-pura jadi PMI, jadi babinsa, sampai orang biasa yang langsung kirim KTP. Aku sempat kegocek sekali, karena penipunya sampai foto sedang di ruangan donor darah dengan GPS camera dan mengisi form atas nama pasien. Untungnya, aku tidak transfer uang (dia minta uang transport) sebelum aku mengonfirmasi sendiri. Ternyata memang tidak ada pendonor sama sekali, ketika kukonfrontasi, semua pesan sudah dihapus

Aku tidak kesal atau marah, lebih ke ... capek. Setiap kali baca tentang pemerintah atau wakil rakyat (atau siapapun) yang suka eksploitasi dan memanfaatkan rakyat kecil, aku selalu diingatkan bahwa mereka adalah gambaran orang Indonesia pada umumnya. Saat kukonfirmasi, petugas bank darah menyatakan bahwa itu adalah kasus yang sangat umum. Orang-orang rendahan yang memanfaatkan rasa putus asa orang lain, lebih banyak menargetkan orang-orang kecil.

Betul-betul serigala bagi sesama.

[Gambar adalah salah satu pesan yang kuterima, pihak RS tidak akan mencarikan kita ketika mereka sudah menyuruh kita mencari sendiri. Pesan dikirim lewat tengah malam karena pada waktu tersebut biasanya orang mudah lengah:)]",https://www.reddit.com/r/indonesia/comments/1quqfwh/genuinely_capek_melihat_banyaknya_orang_indonesia/,post,cultural_signals,"Aku adalah caregiver yang sedang mencari pendonor darah (syukurnya sudah dapat sekarang). Untuk memudahkan pencarian, kemarin aku meminta beberapa temanku menyebarkan kontakku ke media sosial jika ada yang bersedia mendonorkan.",Concepts,,,
Indonesia,1quqfwh,"Genuinely capek melihat banyaknya orang Indonesia yang suka memakan sesamanya
Aku adalah caregiver yang sedang mencari pendonor darah (syukurnya sudah dapat sekarang). Untuk memudahkan pencarian, kemarin aku meminta beberapa temanku menyebarkan kontakku ke media sosial jika ada yang bersedia mendonorkan.

Seperti yang bisa ditebak, alih-alih dapat pendonor, kontakku justru dipenuhi pesan-pesan terindikasi scam. Dari pura-pura jadi PMI, jadi babinsa, sampai orang biasa yang langsung kirim KTP. Aku sempat kegocek sekali, karena penipunya sampai foto sedang di ruangan donor darah dengan GPS camera dan mengisi form atas nama pasien. Untungnya, aku tidak transfer uang (dia minta uang transport) sebelum aku mengonfirmasi sendiri. Ternyata memang tidak ada pendonor sama sekali, ketika kukonfrontasi, semua pesan sudah dihapus

Aku tidak kesal atau marah, lebih ke ... capek. Setiap kali baca tentang pemerintah atau wakil rakyat (atau siapapun) yang suka eksploitasi dan memanfaatkan rakyat kecil, aku selalu diingatkan bahwa mereka adalah gambaran orang Indonesia pada umumnya. Saat kukonfirmasi, petugas bank darah menyatakan bahwa itu adalah kasus yang sangat umum. Orang-orang rendahan yang memanfaatkan rasa putus asa orang lain, lebih banyak menargetkan orang-orang kecil.

Betul-betul serigala bagi sesama.

[Gambar adalah salah satu pesan yang kuterima, pihak RS tidak akan mencarikan kita ketika mereka sudah menyuruh kita mencari sendiri. Pesan dikirim lewat tengah malam karena pada waktu tersebut biasanya orang mudah lengah:)]",https://www.reddit.com/r/indonesia/comments/1quqfwh/genuinely_capek_melihat_banyaknya_orang_indonesia/,post,cultural_signals,"Seperti yang bisa ditebak, alih-alih dapat pendonor, kontakku justru dipenuhi pesan-pesan terindikasi scam. Dari pura-pura jadi PMI, jadi babinsa, sampai orang biasa yang langsung kirim KTP. Aku sempat kegocek sekali, karena penipunya sampai foto sedang di ruangan donor darah dengan GPS camera dan mengisi form atas nama pasien. Untungnya, aku tidak transfer uang (dia minta uang transport) sebelum aku mengonfirmasi sendiri. Ternyata memang tidak ada pendonor sama sekali, ketika kukonfrontasi, semua pesan sudah dihapus",Norms and Morals,,,
Indonesia,1quqfwh,"Genuinely capek melihat banyaknya orang Indonesia yang suka memakan sesamanya
Aku adalah caregiver yang sedang mencari pendonor darah (syukurnya sudah dapat sekarang). Untuk memudahkan pencarian, kemarin aku meminta beberapa temanku menyebarkan kontakku ke media sosial jika ada yang bersedia mendonorkan.

Seperti yang bisa ditebak, alih-alih dapat pendonor, kontakku justru dipenuhi pesan-pesan terindikasi scam. Dari pura-pura jadi PMI, jadi babinsa, sampai orang biasa yang langsung kirim KTP. Aku sempat kegocek sekali, karena penipunya sampai foto sedang di ruangan donor darah dengan GPS camera dan mengisi form atas nama pasien. Untungnya, aku tidak transfer uang (dia minta uang transport) sebelum aku mengonfirmasi sendiri. Ternyata memang tidak ada pendonor sama sekali, ketika kukonfrontasi, semua pesan sudah dihapus

Aku tidak kesal atau marah, lebih ke ... capek. Setiap kali baca tentang pemerintah atau wakil rakyat (atau siapapun) yang suka eksploitasi dan memanfaatkan rakyat kecil, aku selalu diingatkan bahwa mereka adalah gambaran orang Indonesia pada umumnya. Saat kukonfirmasi, petugas bank darah menyatakan bahwa itu adalah kasus yang sangat umum. Orang-orang rendahan yang memanfaatkan rasa putus asa orang lain, lebih banyak menargetkan orang-orang kecil.

Betul-betul serigala bagi sesama.

[Gambar adalah salah satu pesan yang kuterima, pihak RS tidak akan mencarikan kita ketika mereka sudah menyuruh kita mencari sendiri. Pesan dikirim lewat tengah malam karena pada waktu tersebut biasanya orang mudah lengah:)]",https://www.reddit.com/r/indonesia/comments/1quqfwh/genuinely_capek_melihat_banyaknya_orang_indonesia/,post,emotional_distress,"Aku tidak kesal atau marah, lebih ke ... capek. Setiap kali baca tentang pemerintah atau wakil rakyat (atau siapapun) yang suka eksploitasi dan memanfaatkan rakyat kecil, aku selalu diingatkan bahwa mereka adalah gambaran orang Indonesia pada umumnya. Saat kukonfirmasi, petugas bank darah menyatakan bahwa itu adalah kasus yang sangat umum. Orang-orang rendahan yang memanfaatkan rasa putus asa orang lain, lebih banyak menargetkan orang-orang kecil.

Betul-betul serigala bagi sesama.",,light,,
Indonesia,1quqfwh,"Genuinely capek melihat banyaknya orang Indonesia yang suka memakan sesamanya
Aku adalah caregiver yang sedang mencari pendonor darah (syukurnya sudah dapat sekarang). Untuk memudahkan pencarian, kemarin aku meminta beberapa temanku menyebarkan kontakku ke media sosial jika ada yang bersedia mendonorkan.

Seperti yang bisa ditebak, alih-alih dapat pendonor, kontakku justru dipenuhi pesan-pesan terindikasi scam. Dari pura-pura jadi PMI, jadi babinsa, sampai orang biasa yang langsung kirim KTP. Aku sempat kegocek sekali, karena penipunya sampai foto sedang di ruangan donor darah dengan GPS camera dan mengisi form atas nama pasien. Untungnya, aku tidak transfer uang (dia minta uang transport) sebelum aku mengonfirmasi sendiri. Ternyata memang tidak ada pendonor sama sekali, ketika kukonfrontasi, semua pesan sudah dihapus

Aku tidak kesal atau marah, lebih ke ... capek. Setiap kali baca tentang pemerintah atau wakil rakyat (atau siapapun) yang suka eksploitasi dan memanfaatkan rakyat kecil, aku selalu diingatkan bahwa mereka adalah gambaran orang Indonesia pada umumnya. Saat kukonfirmasi, petugas bank darah menyatakan bahwa itu adalah kasus yang sangat umum. Orang-orang rendahan yang memanfaatkan rasa putus asa orang lain, lebih banyak menargetkan orang-orang kecil.

Betul-betul serigala bagi sesama.

[Gambar adalah salah satu pesan yang kuterima, pihak RS tidak akan mencarikan kita ketika mereka sudah menyuruh kita mencari sendiri. Pesan dikirim lewat tengah malam karena pada waktu tersebut biasanya orang mudah lengah:)]",https://www.reddit.com/r/indonesia/comments/1quqfwh/genuinely_capek_melihat_banyaknya_orang_indonesia/,response,emotional_support,Entah kenapa hal yang di post OP ini lebih efektif menyebabkan saya merasa pesimis terhadap masa depan negara dan membuat saya enggan berbuat baik ke sesama masyarakat Indonesia ketimbang berita-berita doompost yang sering berseliweran di macam-macam komunitas Reddit Indonesia.,,,Reflection of Feelings,
Indonesia,1quqfwh,"Genuinely capek melihat banyaknya orang Indonesia yang suka memakan sesamanya
Aku adalah caregiver yang sedang mencari pendonor darah (syukurnya sudah dapat sekarang). Untuk memudahkan pencarian, kemarin aku meminta beberapa temanku menyebarkan kontakku ke media sosial jika ada yang bersedia mendonorkan.

Seperti yang bisa ditebak, alih-alih dapat pendonor, kontakku justru dipenuhi pesan-pesan terindikasi scam. Dari pura-pura jadi PMI, jadi babinsa, sampai orang biasa yang langsung kirim KTP. Aku sempat kegocek sekali, karena penipunya sampai foto sedang di ruangan donor darah dengan GPS camera dan mengisi form atas nama pasien. Untungnya, aku tidak transfer uang (dia minta uang transport) sebelum aku mengonfirmasi sendiri. Ternyata memang tidak ada pendonor sama sekali, ketika kukonfrontasi, semua pesan sudah dihapus

Aku tidak kesal atau marah, lebih ke ... capek. Setiap kali baca tentang pemerintah atau wakil rakyat (atau siapapun) yang suka eksploitasi dan memanfaatkan rakyat kecil, aku selalu diingatkan bahwa mereka adalah gambaran orang Indonesia pada umumnya. Saat kukonfirmasi, petugas bank darah menyatakan bahwa itu adalah kasus yang sangat umum. Orang-orang rendahan yang memanfaatkan rasa putus asa orang lain, lebih banyak menargetkan orang-orang kecil.

Betul-betul serigala bagi sesama.

[Gambar adalah salah satu pesan yang kuterima, pihak RS tidak akan mencarikan kita ketika mereka sudah menyuruh kita mencari sendiri. Pesan dikirim lewat tengah malam karena pada waktu tersebut biasanya orang mudah lengah:)]",https://www.reddit.com/r/indonesia/comments/1quqfwh/genuinely_capek_melihat_banyaknya_orang_indonesia/,response,emotional_support,"Terima kasih atas pengabdiannya untuk orang-orang yang membutuhkan, OP. Semoga kamu bisa terus menjadi orang yang baik di tengah masyarakat yang jahat.",,,Affirmation and Reassurance,
Indonesia,1quqfwh,"Genuinely capek melihat banyaknya orang Indonesia yang suka memakan sesamanya
Aku adalah caregiver yang sedang mencari pendonor darah (syukurnya sudah dapat sekarang). Untuk memudahkan pencarian, kemarin aku meminta beberapa temanku menyebarkan kontakku ke media sosial jika ada yang bersedia mendonorkan.

Seperti yang bisa ditebak, alih-alih dapat pendonor, kontakku justru dipenuhi pesan-pesan terindikasi scam. Dari pura-pura jadi PMI, jadi babinsa, sampai orang biasa yang langsung kirim KTP. Aku sempat kegocek sekali, karena penipunya sampai foto sedang di ruangan donor darah dengan GPS camera dan mengisi form atas nama pasien. Untungnya, aku tidak transfer uang (dia minta uang transport) sebelum aku mengonfirmasi sendiri. Ternyata memang tidak ada pendonor sama sekali, ketika kukonfrontasi, semua pesan sudah dihapus

Aku tidak kesal atau marah, lebih ke ... capek. Setiap kali baca tentang pemerintah atau wakil rakyat (atau siapapun) yang suka eksploitasi dan memanfaatkan rakyat kecil, aku selalu diingatkan bahwa mereka adalah gambaran orang Indonesia pada umumnya. Saat kukonfirmasi, petugas bank darah menyatakan bahwa itu adalah kasus yang sangat umum. Orang-orang rendahan yang memanfaatkan rasa putus asa orang lain, lebih banyak menargetkan orang-orang kecil.

Betul-betul serigala bagi sesama.

[Gambar adalah salah satu pesan yang kuterima, pihak RS tidak akan mencarikan kita ketika mereka sudah menyuruh kita mencari sendiri. Pesan dikirim lewat tengah malam karena pada waktu tersebut biasanya orang mudah lengah:)]",https://www.reddit.com/r/indonesia/comments/1quqfwh/genuinely_capek_melihat_banyaknya_orang_indonesia/,response,emphaty_score,,,,,4 (quite empathetic)
Indonesia,aweind,"small rant... gw stress banget

Jadi ceritanya gw adalah seorang mahasiswa s1 semester 4 yg skarang lagi belajar computer science di china. gw ga ngerti yg namanya kuliah bagus itu apa, dan gw cuman ngikutin apa kata engkong gw dlu. bahasa mandarin gw ga bagus, blom lagi kemampuan gw skarang juga masih kurang. gw stress aja ntar gimana nyari kerja di indo, nyari magang juga gimana. pusing gw mikirin masa depan dimana gw gabisa dapet kerja di bidang komputer. tolong dong saran dan nasihatnya teman2",https://www.reddit.com/r/indonesia/comments/aweind/small_rant_gw_stress_banget/,post,cultural_signals,Jadi ceritanya gw adalah seorang mahasiswa s1 semester 4 yg skarang lagi belajar computer science di china,Demogrpahics,,,
Indonesia,aweind,"small rant... gw stress banget

Jadi ceritanya gw adalah seorang mahasiswa s1 semester 4 yg skarang lagi belajar computer science di china. gw ga ngerti yg namanya kuliah bagus itu apa, dan gw cuman ngikutin apa kata engkong gw dlu. bahasa mandarin gw ga bagus, blom lagi kemampuan gw skarang juga masih kurang. gw stress aja ntar gimana nyari kerja di indo, nyari magang juga gimana. pusing gw mikirin masa depan dimana gw gabisa dapet kerja di bidang komputer. tolong dong saran dan nasihatnya teman2",https://www.reddit.com/r/indonesia/comments/aweind/small_rant_gw_stress_banget/,post,cultural_signals,"gw ga ngerti yg namanya kuliah bagus itu apa, dan gw cuman ngikutin apa kata engkong gw dlu.",Norms and Morals,,,
Indonesia,aweind,"small rant... gw stress banget

Jadi ceritanya gw adalah seorang mahasiswa s1 semester 4 yg skarang lagi belajar computer science di china. gw ga ngerti yg namanya kuliah bagus itu apa, dan gw cuman ngikutin apa kata engkong gw dlu. bahasa mandarin gw ga bagus, blom lagi kemampuan gw skarang juga masih kurang. gw stress aja ntar gimana nyari kerja di indo, nyari magang juga gimana. pusing gw mikirin masa depan dimana gw gabisa dapet kerja di bidang komputer. tolong dong saran dan nasihatnya teman2",https://www.reddit.com/r/indonesia/comments/aweind/small_rant_gw_stress_banget/,post,emotional_distress,"bahasa mandarin gw ga bagus, blom lagi kemampuan gw skarang juga masih kurang.",,light,,
Indonesia,aweind,"small rant... gw stress banget

Jadi ceritanya gw adalah seorang mahasiswa s1 semester 4 yg skarang lagi belajar computer science di china. gw ga ngerti yg namanya kuliah bagus itu apa, dan gw cuman ngikutin apa kata engkong gw dlu. bahasa mandarin gw ga bagus, blom lagi kemampuan gw skarang juga masih kurang. gw stress aja ntar gimana nyari kerja di indo, nyari magang juga gimana. pusing gw mikirin masa depan dimana gw gabisa dapet kerja di bidang komputer. tolong dong saran dan nasihatnya teman2",https://www.reddit.com/r/indonesia/comments/aweind/small_rant_gw_stress_banget/,post,emotional_distress,"gw stress aja ntar gimana nyari kerja di indo, nyari magang juga gimana. pusing gw mikirin masa depan dimana gw gabisa dapet kerja di bidang komputer.",,moderate,,
Indonesia,aweind,"small rant... gw stress banget

Jadi ceritanya gw adalah seorang mahasiswa s1 semester 4 yg skarang lagi belajar computer science di china. gw ga ngerti yg namanya kuliah bagus itu apa, dan gw cuman ngikutin apa kata engkong gw dlu. bahasa mandarin gw ga bagus, blom lagi kemampuan gw skarang juga masih kurang. gw stress aja ntar gimana nyari kerja di indo, nyari magang juga gimana. pusing gw mikirin masa depan dimana gw gabisa dapet kerja di bidang komputer. tolong dong saran dan nasihatnya teman2",https://www.reddit.com/r/indonesia/comments/aweind/small_rant_gw_stress_banget/,response,emotional_support,"Kalo ijazah dari luar negeri, menurutku malah lebih mudah.",,,Affirmation and Reassurance,
Indonesia,aweind,"small rant... gw stress banget

Jadi ceritanya gw adalah seorang mahasiswa s1 semester 4 yg skarang lagi belajar computer science di china. gw ga ngerti yg namanya kuliah bagus itu apa, dan gw cuman ngikutin apa kata engkong gw dlu. bahasa mandarin gw ga bagus, blom lagi kemampuan gw skarang juga masih kurang. gw stress aja ntar gimana nyari kerja di indo, nyari magang juga gimana. pusing gw mikirin masa depan dimana gw gabisa dapet kerja di bidang komputer. tolong dong saran dan nasihatnya teman2",https://www.reddit.com/r/indonesia/comments/aweind/small_rant_gw_stress_banget/,response,emotional_support,"Dan karena masih fresh graduate, jangan gengsi dulu dapat gaji yang mungkin menurut standarmu kecil.",,,Providing Suggestions,
Indonesia,aweind,"small rant... gw stress banget

Jadi ceritanya gw adalah seorang mahasiswa s1 semester 4 yg skarang lagi belajar computer science di china. gw ga ngerti yg namanya kuliah bagus itu apa, dan gw cuman ngikutin apa kata engkong gw dlu. bahasa mandarin gw ga bagus, blom lagi kemampuan gw skarang juga masih kurang. gw stress aja ntar gimana nyari kerja di indo, nyari magang juga gimana. pusing gw mikirin masa depan dimana gw gabisa dapet kerja di bidang komputer. tolong dong saran dan nasihatnya teman2",https://www.reddit.com/r/indonesia/comments/aweind/small_rant_gw_stress_banget/,response,emotional_support,Biasanya orang terjebak gak kerja kerja karena pengen langsung dapat gaji gede,,,Information,
Indonesia,aweind,"small rant... gw stress banget

Jadi ceritanya gw adalah seorang mahasiswa s1 semester 4 yg skarang lagi belajar computer science di china. gw ga ngerti yg namanya kuliah bagus itu apa, dan gw cuman ngikutin apa kata engkong gw dlu. bahasa mandarin gw ga bagus, blom lagi kemampuan gw skarang juga masih kurang. gw stress aja ntar gimana nyari kerja di indo, nyari magang juga gimana. pusing gw mikirin masa depan dimana gw gabisa dapet kerja di bidang komputer. tolong dong saran dan nasihatnya teman2",https://www.reddit.com/r/indonesia/comments/aweind/small_rant_gw_stress_banget/,response,emphaty_score,,,,,4 (quite empathetic)
