culture,post_id,text,post_url,level,category,phrase,sign,type,intensity,strategy,emphaty_score
Spanish,1qtde3h,"Hoy es mi cumpleaños,cumplí 21 y me siento deprimido... 
Hoy es 1 de febrero, Debería ser un dia especial,pero me siento atrapado,Vivo en un lugar donde no estoy del todo comodo, mis padres me hicieron un pastel y me dieron un regalo que todavía no pude ni abrir porque no tengo fuerzas.

Me siento estancado, estoy re-estudiando mi pasado,analizando la unica amistad real que tuve en internet, y lamentablemente por todo lo que no pude concretar el año pasado ni el anterior. Me siento inferior porque, a pesar de mandar varios CVs a diferentes lugares,sigo sin trabajo y sin avanzar en mis metas personales. Siento que no me llevo nada ""rescatable"" de mis 20 años,porque no ejecuté mis deseos ni mis proyectos.

Todavía cargo con traumas sociales y miedo a la tración, lo que me hace alejarme de las personas que considero malas para que no me hagan daño, hoy me levanté tarde,me siento solo y con pensamientos oscuros que me nublan la mente. Se supone que en un cumpleaños uno debería sentirse menos infeliz, pero por primera vez siento que el tiempo se me escapo demaciado,mas que los cumpleaños anteriores.

Solo queria soltar esto y desahogarme un poco. Como último deseo,si alguien quiere recomendarme alguna canción para acompañar este momento, se lo agradeceria mucho. Graciad por leer.",https://www.reddit.com/r/espanol/comments/1qtde3h/hoy_es_mi_cumplea%C3%B1oscumpl%C3%AD_21_y_me_siento/,post,emotional_distress,"Debería ser un dia especial,pero me siento atrapado,",2,,light,,
Spanish,1qtde3h,"Hoy es mi cumpleaños,cumplí 21 y me siento deprimido... 
Hoy es 1 de febrero, Debería ser un dia especial,pero me siento atrapado,Vivo en un lugar donde no estoy del todo comodo, mis padres me hicieron un pastel y me dieron un regalo que todavía no pude ni abrir porque no tengo fuerzas.

Me siento estancado, estoy re-estudiando mi pasado,analizando la unica amistad real que tuve en internet, y lamentablemente por todo lo que no pude concretar el año pasado ni el anterior. Me siento inferior porque, a pesar de mandar varios CVs a diferentes lugares,sigo sin trabajo y sin avanzar en mis metas personales. Siento que no me llevo nada ""rescatable"" de mis 20 años,porque no ejecuté mis deseos ni mis proyectos.

Todavía cargo con traumas sociales y miedo a la tración, lo que me hace alejarme de las personas que considero malas para que no me hagan daño, hoy me levanté tarde,me siento solo y con pensamientos oscuros que me nublan la mente. Se supone que en un cumpleaños uno debería sentirse menos infeliz, pero por primera vez siento que el tiempo se me escapo demaciado,mas que los cumpleaños anteriores.

Solo queria soltar esto y desahogarme un poco. Como último deseo,si alguien quiere recomendarme alguna canción para acompañar este momento, se lo agradeceria mucho. Graciad por leer.",https://www.reddit.com/r/espanol/comments/1qtde3h/hoy_es_mi_cumplea%C3%B1oscumpl%C3%AD_21_y_me_siento/,post,emotional_distress,me dieron un regalo que todavía no pude ni abrir porque no tengo fuerzas.,2,,moderate,,
Spanish,1qtde3h,"Hoy es mi cumpleaños,cumplí 21 y me siento deprimido... 
Hoy es 1 de febrero, Debería ser un dia especial,pero me siento atrapado,Vivo en un lugar donde no estoy del todo comodo, mis padres me hicieron un pastel y me dieron un regalo que todavía no pude ni abrir porque no tengo fuerzas.

Me siento estancado, estoy re-estudiando mi pasado,analizando la unica amistad real que tuve en internet, y lamentablemente por todo lo que no pude concretar el año pasado ni el anterior. Me siento inferior porque, a pesar de mandar varios CVs a diferentes lugares,sigo sin trabajo y sin avanzar en mis metas personales. Siento que no me llevo nada ""rescatable"" de mis 20 años,porque no ejecuté mis deseos ni mis proyectos.

Todavía cargo con traumas sociales y miedo a la tración, lo que me hace alejarme de las personas que considero malas para que no me hagan daño, hoy me levanté tarde,me siento solo y con pensamientos oscuros que me nublan la mente. Se supone que en un cumpleaños uno debería sentirse menos infeliz, pero por primera vez siento que el tiempo se me escapo demaciado,mas que los cumpleaños anteriores.

Solo queria soltar esto y desahogarme un poco. Como último deseo,si alguien quiere recomendarme alguna canción para acompañar este momento, se lo agradeceria mucho. Graciad por leer.",https://www.reddit.com/r/espanol/comments/1qtde3h/hoy_es_mi_cumplea%C3%B1oscumpl%C3%AD_21_y_me_siento/,post,emotional_distress,"Siento que no me llevo nada ""rescatable"" de mis 20 años,porque no ejecuté mis deseos ni mis proyectos.",2,,moderate,,
Spanish,1qtde3h,"Hoy es mi cumpleaños,cumplí 21 y me siento deprimido... 
Hoy es 1 de febrero, Debería ser un dia especial,pero me siento atrapado,Vivo en un lugar donde no estoy del todo comodo, mis padres me hicieron un pastel y me dieron un regalo que todavía no pude ni abrir porque no tengo fuerzas.

Me siento estancado, estoy re-estudiando mi pasado,analizando la unica amistad real que tuve en internet, y lamentablemente por todo lo que no pude concretar el año pasado ni el anterior. Me siento inferior porque, a pesar de mandar varios CVs a diferentes lugares,sigo sin trabajo y sin avanzar en mis metas personales. Siento que no me llevo nada ""rescatable"" de mis 20 años,porque no ejecuté mis deseos ni mis proyectos.

Todavía cargo con traumas sociales y miedo a la tración, lo que me hace alejarme de las personas que considero malas para que no me hagan daño, hoy me levanté tarde,me siento solo y con pensamientos oscuros que me nublan la mente. Se supone que en un cumpleaños uno debería sentirse menos infeliz, pero por primera vez siento que el tiempo se me escapo demaciado,mas que los cumpleaños anteriores.

Solo queria soltar esto y desahogarme un poco. Como último deseo,si alguien quiere recomendarme alguna canción para acompañar este momento, se lo agradeceria mucho. Graciad por leer.",https://www.reddit.com/r/espanol/comments/1qtde3h/hoy_es_mi_cumplea%C3%B1oscumpl%C3%AD_21_y_me_siento/,post,emotional_distress,"hoy me levanté tarde,me siento solo y con pensamientos oscuros que me nublan la mente",2,,high,,
Spanish,1qtde3h,"Hoy es mi cumpleaños,cumplí 21 y me siento deprimido... 
Hoy es 1 de febrero, Debería ser un dia especial,pero me siento atrapado,Vivo en un lugar donde no estoy del todo comodo, mis padres me hicieron un pastel y me dieron un regalo que todavía no pude ni abrir porque no tengo fuerzas.

Me siento estancado, estoy re-estudiando mi pasado,analizando la unica amistad real que tuve en internet, y lamentablemente por todo lo que no pude concretar el año pasado ni el anterior. Me siento inferior porque, a pesar de mandar varios CVs a diferentes lugares,sigo sin trabajo y sin avanzar en mis metas personales. Siento que no me llevo nada ""rescatable"" de mis 20 años,porque no ejecuté mis deseos ni mis proyectos.

Todavía cargo con traumas sociales y miedo a la tración, lo que me hace alejarme de las personas que considero malas para que no me hagan daño, hoy me levanté tarde,me siento solo y con pensamientos oscuros que me nublan la mente. Se supone que en un cumpleaños uno debería sentirse menos infeliz, pero por primera vez siento que el tiempo se me escapo demaciado,mas que los cumpleaños anteriores.

Solo queria soltar esto y desahogarme un poco. Como último deseo,si alguien quiere recomendarme alguna canción para acompañar este momento, se lo agradeceria mucho. Graciad por leer.",https://www.reddit.com/r/espanol/comments/1qtde3h/hoy_es_mi_cumplea%C3%B1oscumpl%C3%AD_21_y_me_siento/,post,cultural_signals,"Me siento inferior porque, a pesar de mandar varios CVs a diferentes lugares,sigo sin trabajo y sin avanzar en mis metas personales",1,Demographics,,,
Spanish,1qtde3h,"Hoy es mi cumpleaños,cumplí 21 y me siento deprimido... 
Hoy es 1 de febrero, Debería ser un dia especial,pero me siento atrapado,Vivo en un lugar donde no estoy del todo comodo, mis padres me hicieron un pastel y me dieron un regalo que todavía no pude ni abrir porque no tengo fuerzas.

Me siento estancado, estoy re-estudiando mi pasado,analizando la unica amistad real que tuve en internet, y lamentablemente por todo lo que no pude concretar el año pasado ni el anterior. Me siento inferior porque, a pesar de mandar varios CVs a diferentes lugares,sigo sin trabajo y sin avanzar en mis metas personales. Siento que no me llevo nada ""rescatable"" de mis 20 años,porque no ejecuté mis deseos ni mis proyectos.

Todavía cargo con traumas sociales y miedo a la tración, lo que me hace alejarme de las personas que considero malas para que no me hagan daño, hoy me levanté tarde,me siento solo y con pensamientos oscuros que me nublan la mente. Se supone que en un cumpleaños uno debería sentirse menos infeliz, pero por primera vez siento que el tiempo se me escapo demaciado,mas que los cumpleaños anteriores.

Solo queria soltar esto y desahogarme un poco. Como último deseo,si alguien quiere recomendarme alguna canción para acompañar este momento, se lo agradeceria mucho. Graciad por leer.",https://www.reddit.com/r/espanol/comments/1qtde3h/hoy_es_mi_cumplea%C3%B1oscumpl%C3%AD_21_y_me_siento/,post,cultural_signals,Se supone que en un cumpleaños uno debería sentirse menos infeliz,1,Norms and Morals,,,
Spanish,1qtde3h,"Hoy es mi cumpleaños,cumplí 21 y me siento deprimido... 
Hoy es 1 de febrero, Debería ser un dia especial,pero me siento atrapado,Vivo en un lugar donde no estoy del todo comodo, mis padres me hicieron un pastel y me dieron un regalo que todavía no pude ni abrir porque no tengo fuerzas.

Me siento estancado, estoy re-estudiando mi pasado,analizando la unica amistad real que tuve en internet, y lamentablemente por todo lo que no pude concretar el año pasado ni el anterior. Me siento inferior porque, a pesar de mandar varios CVs a diferentes lugares,sigo sin trabajo y sin avanzar en mis metas personales. Siento que no me llevo nada ""rescatable"" de mis 20 años,porque no ejecuté mis deseos ni mis proyectos.

Todavía cargo con traumas sociales y miedo a la tración, lo que me hace alejarme de las personas que considero malas para que no me hagan daño, hoy me levanté tarde,me siento solo y con pensamientos oscuros que me nublan la mente. Se supone que en un cumpleaños uno debería sentirse menos infeliz, pero por primera vez siento que el tiempo se me escapo demaciado,mas que los cumpleaños anteriores.

Solo queria soltar esto y desahogarme un poco. Como último deseo,si alguien quiere recomendarme alguna canción para acompañar este momento, se lo agradeceria mucho. Graciad por leer.",https://www.reddit.com/r/espanol/comments/1qtde3h/hoy_es_mi_cumplea%C3%B1oscumpl%C3%AD_21_y_me_siento/,response,emotional_support,"Cuando piensas en grandes rasgos lo que quieres para tu futuro suele verse como algo lejano o difícil, traza metas a corto plazo que te ayuden indirectamente o directamente a cumplir tus metas a un futuro lejano como estudio, casa , trabajo etc... Habitos como horarios del sueño, de comida , de organización o simplemente leer cambian mucho aunque no tengas motivación de nada",3,,,Providing Suggestions,
Spanish,1qtde3h,"Hoy es mi cumpleaños,cumplí 21 y me siento deprimido... 
Hoy es 1 de febrero, Debería ser un dia especial,pero me siento atrapado,Vivo en un lugar donde no estoy del todo comodo, mis padres me hicieron un pastel y me dieron un regalo que todavía no pude ni abrir porque no tengo fuerzas.

Me siento estancado, estoy re-estudiando mi pasado,analizando la unica amistad real que tuve en internet, y lamentablemente por todo lo que no pude concretar el año pasado ni el anterior. Me siento inferior porque, a pesar de mandar varios CVs a diferentes lugares,sigo sin trabajo y sin avanzar en mis metas personales. Siento que no me llevo nada ""rescatable"" de mis 20 años,porque no ejecuté mis deseos ni mis proyectos.

Todavía cargo con traumas sociales y miedo a la tración, lo que me hace alejarme de las personas que considero malas para que no me hagan daño, hoy me levanté tarde,me siento solo y con pensamientos oscuros que me nublan la mente. Se supone que en un cumpleaños uno debería sentirse menos infeliz, pero por primera vez siento que el tiempo se me escapo demaciado,mas que los cumpleaños anteriores.

Solo queria soltar esto y desahogarme un poco. Como último deseo,si alguien quiere recomendarme alguna canción para acompañar este momento, se lo agradeceria mucho. Graciad por leer.",https://www.reddit.com/r/espanol/comments/1qtde3h/hoy_es_mi_cumplea%C3%B1oscumpl%C3%AD_21_y_me_siento/,response,emotional_support,"tambien empatizo contigo,el tener un cumpleaños tan solitario claramente es deprimente",3,,,Reflection of Feelings,
Spanish,1qtde3h,"Hoy es mi cumpleaños,cumplí 21 y me siento deprimido... 
Hoy es 1 de febrero, Debería ser un dia especial,pero me siento atrapado,Vivo en un lugar donde no estoy del todo comodo, mis padres me hicieron un pastel y me dieron un regalo que todavía no pude ni abrir porque no tengo fuerzas.

Me siento estancado, estoy re-estudiando mi pasado,analizando la unica amistad real que tuve en internet, y lamentablemente por todo lo que no pude concretar el año pasado ni el anterior. Me siento inferior porque, a pesar de mandar varios CVs a diferentes lugares,sigo sin trabajo y sin avanzar en mis metas personales. Siento que no me llevo nada ""rescatable"" de mis 20 años,porque no ejecuté mis deseos ni mis proyectos.

Todavía cargo con traumas sociales y miedo a la tración, lo que me hace alejarme de las personas que considero malas para que no me hagan daño, hoy me levanté tarde,me siento solo y con pensamientos oscuros que me nublan la mente. Se supone que en un cumpleaños uno debería sentirse menos infeliz, pero por primera vez siento que el tiempo se me escapo demaciado,mas que los cumpleaños anteriores.

Solo queria soltar esto y desahogarme un poco. Como último deseo,si alguien quiere recomendarme alguna canción para acompañar este momento, se lo agradeceria mucho. Graciad por leer.",https://www.reddit.com/r/espanol/comments/1qtde3h/hoy_es_mi_cumplea%C3%B1oscumpl%C3%AD_21_y_me_siento/,response,emotional_support,Lo bueno de esta edad es que puedes hacer y experimentar mucho,3,,,Affirmation and Reassurance,
Spanish,1qtde3h,"Hoy es mi cumpleaños,cumplí 21 y me siento deprimido... 
Hoy es 1 de febrero, Debería ser un dia especial,pero me siento atrapado,Vivo en un lugar donde no estoy del todo comodo, mis padres me hicieron un pastel y me dieron un regalo que todavía no pude ni abrir porque no tengo fuerzas.

Me siento estancado, estoy re-estudiando mi pasado,analizando la unica amistad real que tuve en internet, y lamentablemente por todo lo que no pude concretar el año pasado ni el anterior. Me siento inferior porque, a pesar de mandar varios CVs a diferentes lugares,sigo sin trabajo y sin avanzar en mis metas personales. Siento que no me llevo nada ""rescatable"" de mis 20 años,porque no ejecuté mis deseos ni mis proyectos.

Todavía cargo con traumas sociales y miedo a la tración, lo que me hace alejarme de las personas que considero malas para que no me hagan daño, hoy me levanté tarde,me siento solo y con pensamientos oscuros que me nublan la mente. Se supone que en un cumpleaños uno debería sentirse menos infeliz, pero por primera vez siento que el tiempo se me escapo demaciado,mas que los cumpleaños anteriores.

Solo queria soltar esto y desahogarme un poco. Como último deseo,si alguien quiere recomendarme alguna canción para acompañar este momento, se lo agradeceria mucho. Graciad por leer.",https://www.reddit.com/r/espanol/comments/1qtde3h/hoy_es_mi_cumplea%C3%B1oscumpl%C3%AD_21_y_me_siento/,response,emotional_support,te deseo un Feliz Cumpleaños y también deseo que el proximo cumpleaños te estes sintiendo mucho mejor,3,,,Others,
Spanish,1qtde3h,"Hoy es mi cumpleaños,cumplí 21 y me siento deprimido... 
Hoy es 1 de febrero, Debería ser un dia especial,pero me siento atrapado,Vivo en un lugar donde no estoy del todo comodo, mis padres me hicieron un pastel y me dieron un regalo que todavía no pude ni abrir porque no tengo fuerzas.

Me siento estancado, estoy re-estudiando mi pasado,analizando la unica amistad real que tuve en internet, y lamentablemente por todo lo que no pude concretar el año pasado ni el anterior. Me siento inferior porque, a pesar de mandar varios CVs a diferentes lugares,sigo sin trabajo y sin avanzar en mis metas personales. Siento que no me llevo nada ""rescatable"" de mis 20 años,porque no ejecuté mis deseos ni mis proyectos.

Todavía cargo con traumas sociales y miedo a la tración, lo que me hace alejarme de las personas que considero malas para que no me hagan daño, hoy me levanté tarde,me siento solo y con pensamientos oscuros que me nublan la mente. Se supone que en un cumpleaños uno debería sentirse menos infeliz, pero por primera vez siento que el tiempo se me escapo demaciado,mas que los cumpleaños anteriores.

Solo queria soltar esto y desahogarme un poco. Como último deseo,si alguien quiere recomendarme alguna canción para acompañar este momento, se lo agradeceria mucho. Graciad por leer.",https://www.reddit.com/r/espanol/comments/1qtde3h/hoy_es_mi_cumplea%C3%B1oscumpl%C3%AD_21_y_me_siento/,response,emphaty_score,,0,,,,4 (quite empathetic)
Spanish,1c34kgo,"No sé que hacer con mi vida 
A lo largo de mi vida he tenido muchos problemas, mi infancia no fue muy linda y mi juventud no parece que vaya a mejorar. He tenido problemas duros pero ninguno como este y me gustaría recibir consejo de quienes tengan más experiencia que yo. 

Soy mujer y tengo una familia ausente en todos los sentidos que se puedan imaginar, yo me tuve que hacer cargo de mis hermanos desde que era una niña porque mis padres no parecían estar preocupados por el cuidado de los niños, conforme fui creciendo las responsabilidades en mi casa fueron aumentando y yo no las soporté porque fui desarrollando problemas emocionales por cuidar a mis hermanos (dos de ellos con TEA) siempre he amado el estudiar, me gusta aprender todo tipo de cosas pero siempre me topo con un límite y son mis padres. Tengo disciplina en ese tipo de cosas pero cuando no hay apoyo simplemente no puedo, estudié inglés, hablo japonés, se dibujar, escribir y se a cerca de música... En verdad amo aprender todo lo que se pueda, siento que nací para aprender. Bueno, el problema es el siguiente: yo sueño con ser abogada, el derecho es la cosa que más me apasiona en el mundo y estoy a punto de terminar el bachillerato por lo que ya hice trámites a la universidad, he estudiado para mí exámen de admisión pero mis papás simplemente no aparecen para hacerse cargo de los gastos, tuve que pagar mi estancia el la preparatoria, los libros y todo gasto que fuera saliendo y esto me costó mucho porque no tengo un trabajo (estudio y entreno en un deporte de alto rendimiento) apenas quisieron pagar los gastos de mi graduación y no pagaron mi exámen de admisión, a parte tengo otras necesidades que no están cubiertas (lentes, comida, salud mental, salud física etc) y no sé que hacer, yo sé que sería excelente abogada pero honestamente después de todo lo que he tenido que pasar en la preparatoria con su ausencia no sé si deba trabajar para poder estudiar, tipo tomarme un tiempo sabático o algo así porque no quiero dejar mi deporte (es lo único que me mantiene estable emocionalmente) mis papás son negligentes en muchos aspectos y mis hermanos también viven esas carencias por lo que siento una presión a ayudarlos pero no sé si deba pausar mis estudios para establecer algo antes ¿Qué debería hacer? 

Gracias por leerme <3 

Edit: olvidé mencionar que mis padres si tienen dinero pero lo gastan en otras cosas (apuestas, gimnasio y cosas que no son de primera necesidad)",https://www.reddit.com/r/depression/comments/1c34kgo/no_s%C3%A9_que_hacer_con_mi_vida/,post,cultural_signals,"Soy mujer y tengo una familia ausente en todos los sentidos que se puedan imaginar, yo me tuve que hacer cargo de mis hermanos desde que era una niña",1,Norms and Morals,,,
Spanish,1c34kgo,"No sé que hacer con mi vida 
A lo largo de mi vida he tenido muchos problemas, mi infancia no fue muy linda y mi juventud no parece que vaya a mejorar. He tenido problemas duros pero ninguno como este y me gustaría recibir consejo de quienes tengan más experiencia que yo. 

Soy mujer y tengo una familia ausente en todos los sentidos que se puedan imaginar, yo me tuve que hacer cargo de mis hermanos desde que era una niña porque mis padres no parecían estar preocupados por el cuidado de los niños, conforme fui creciendo las responsabilidades en mi casa fueron aumentando y yo no las soporté porque fui desarrollando problemas emocionales por cuidar a mis hermanos (dos de ellos con TEA) siempre he amado el estudiar, me gusta aprender todo tipo de cosas pero siempre me topo con un límite y son mis padres. Tengo disciplina en ese tipo de cosas pero cuando no hay apoyo simplemente no puedo, estudié inglés, hablo japonés, se dibujar, escribir y se a cerca de música... En verdad amo aprender todo lo que se pueda, siento que nací para aprender. Bueno, el problema es el siguiente: yo sueño con ser abogada, el derecho es la cosa que más me apasiona en el mundo y estoy a punto de terminar el bachillerato por lo que ya hice trámites a la universidad, he estudiado para mí exámen de admisión pero mis papás simplemente no aparecen para hacerse cargo de los gastos, tuve que pagar mi estancia el la preparatoria, los libros y todo gasto que fuera saliendo y esto me costó mucho porque no tengo un trabajo (estudio y entreno en un deporte de alto rendimiento) apenas quisieron pagar los gastos de mi graduación y no pagaron mi exámen de admisión, a parte tengo otras necesidades que no están cubiertas (lentes, comida, salud mental, salud física etc) y no sé que hacer, yo sé que sería excelente abogada pero honestamente después de todo lo que he tenido que pasar en la preparatoria con su ausencia no sé si deba trabajar para poder estudiar, tipo tomarme un tiempo sabático o algo así porque no quiero dejar mi deporte (es lo único que me mantiene estable emocionalmente) mis papás son negligentes en muchos aspectos y mis hermanos también viven esas carencias por lo que siento una presión a ayudarlos pero no sé si deba pausar mis estudios para establecer algo antes ¿Qué debería hacer? 

Gracias por leerme <3 

Edit: olvidé mencionar que mis padres si tienen dinero pero lo gastan en otras cosas (apuestas, gimnasio y cosas que no son de primera necesidad)",https://www.reddit.com/r/depression/comments/1c34kgo/no_s%C3%A9_que_hacer_con_mi_vida/,post,emotional_distress,yo no las soporté porque fui desarrollando problemas emocionales por cuidar a mis hermanos,2,,moderate,,
Spanish,1c34kgo,"No sé que hacer con mi vida 
A lo largo de mi vida he tenido muchos problemas, mi infancia no fue muy linda y mi juventud no parece que vaya a mejorar. He tenido problemas duros pero ninguno como este y me gustaría recibir consejo de quienes tengan más experiencia que yo. 

Soy mujer y tengo una familia ausente en todos los sentidos que se puedan imaginar, yo me tuve que hacer cargo de mis hermanos desde que era una niña porque mis padres no parecían estar preocupados por el cuidado de los niños, conforme fui creciendo las responsabilidades en mi casa fueron aumentando y yo no las soporté porque fui desarrollando problemas emocionales por cuidar a mis hermanos (dos de ellos con TEA) siempre he amado el estudiar, me gusta aprender todo tipo de cosas pero siempre me topo con un límite y son mis padres. Tengo disciplina en ese tipo de cosas pero cuando no hay apoyo simplemente no puedo, estudié inglés, hablo japonés, se dibujar, escribir y se a cerca de música... En verdad amo aprender todo lo que se pueda, siento que nací para aprender. Bueno, el problema es el siguiente: yo sueño con ser abogada, el derecho es la cosa que más me apasiona en el mundo y estoy a punto de terminar el bachillerato por lo que ya hice trámites a la universidad, he estudiado para mí exámen de admisión pero mis papás simplemente no aparecen para hacerse cargo de los gastos, tuve que pagar mi estancia el la preparatoria, los libros y todo gasto que fuera saliendo y esto me costó mucho porque no tengo un trabajo (estudio y entreno en un deporte de alto rendimiento) apenas quisieron pagar los gastos de mi graduación y no pagaron mi exámen de admisión, a parte tengo otras necesidades que no están cubiertas (lentes, comida, salud mental, salud física etc) y no sé que hacer, yo sé que sería excelente abogada pero honestamente después de todo lo que he tenido que pasar en la preparatoria con su ausencia no sé si deba trabajar para poder estudiar, tipo tomarme un tiempo sabático o algo así porque no quiero dejar mi deporte (es lo único que me mantiene estable emocionalmente) mis papás son negligentes en muchos aspectos y mis hermanos también viven esas carencias por lo que siento una presión a ayudarlos pero no sé si deba pausar mis estudios para establecer algo antes ¿Qué debería hacer? 

Gracias por leerme <3 

Edit: olvidé mencionar que mis padres si tienen dinero pero lo gastan en otras cosas (apuestas, gimnasio y cosas que no son de primera necesidad)",https://www.reddit.com/r/depression/comments/1c34kgo/no_s%C3%A9_que_hacer_con_mi_vida/,post,cultural_signals,"tuve que pagar mi estancia el la preparatoria, los libros y todo gasto que fuera saliendo y esto me costó mucho porque no tengo un trabajo",1,Demographics,,,
Spanish,1c34kgo,"No sé que hacer con mi vida 
A lo largo de mi vida he tenido muchos problemas, mi infancia no fue muy linda y mi juventud no parece que vaya a mejorar. He tenido problemas duros pero ninguno como este y me gustaría recibir consejo de quienes tengan más experiencia que yo. 

Soy mujer y tengo una familia ausente en todos los sentidos que se puedan imaginar, yo me tuve que hacer cargo de mis hermanos desde que era una niña porque mis padres no parecían estar preocupados por el cuidado de los niños, conforme fui creciendo las responsabilidades en mi casa fueron aumentando y yo no las soporté porque fui desarrollando problemas emocionales por cuidar a mis hermanos (dos de ellos con TEA) siempre he amado el estudiar, me gusta aprender todo tipo de cosas pero siempre me topo con un límite y son mis padres. Tengo disciplina en ese tipo de cosas pero cuando no hay apoyo simplemente no puedo, estudié inglés, hablo japonés, se dibujar, escribir y se a cerca de música... En verdad amo aprender todo lo que se pueda, siento que nací para aprender. Bueno, el problema es el siguiente: yo sueño con ser abogada, el derecho es la cosa que más me apasiona en el mundo y estoy a punto de terminar el bachillerato por lo que ya hice trámites a la universidad, he estudiado para mí exámen de admisión pero mis papás simplemente no aparecen para hacerse cargo de los gastos, tuve que pagar mi estancia el la preparatoria, los libros y todo gasto que fuera saliendo y esto me costó mucho porque no tengo un trabajo (estudio y entreno en un deporte de alto rendimiento) apenas quisieron pagar los gastos de mi graduación y no pagaron mi exámen de admisión, a parte tengo otras necesidades que no están cubiertas (lentes, comida, salud mental, salud física etc) y no sé que hacer, yo sé que sería excelente abogada pero honestamente después de todo lo que he tenido que pasar en la preparatoria con su ausencia no sé si deba trabajar para poder estudiar, tipo tomarme un tiempo sabático o algo así porque no quiero dejar mi deporte (es lo único que me mantiene estable emocionalmente) mis papás son negligentes en muchos aspectos y mis hermanos también viven esas carencias por lo que siento una presión a ayudarlos pero no sé si deba pausar mis estudios para establecer algo antes ¿Qué debería hacer? 

Gracias por leerme <3 

Edit: olvidé mencionar que mis padres si tienen dinero pero lo gastan en otras cosas (apuestas, gimnasio y cosas que no son de primera necesidad)",https://www.reddit.com/r/depression/comments/1c34kgo/no_s%C3%A9_que_hacer_con_mi_vida/,post,cultural_signals,"Tengo disciplina en ese tipo de cosas pero cuando no hay apoyo simplemente no puedo, estudié inglés, hablo japonés, se dibujar, escribir y se a cerca de música",1,Knowledge,,,
Spanish,1c34kgo,"No sé que hacer con mi vida 
A lo largo de mi vida he tenido muchos problemas, mi infancia no fue muy linda y mi juventud no parece que vaya a mejorar. He tenido problemas duros pero ninguno como este y me gustaría recibir consejo de quienes tengan más experiencia que yo. 

Soy mujer y tengo una familia ausente en todos los sentidos que se puedan imaginar, yo me tuve que hacer cargo de mis hermanos desde que era una niña porque mis padres no parecían estar preocupados por el cuidado de los niños, conforme fui creciendo las responsabilidades en mi casa fueron aumentando y yo no las soporté porque fui desarrollando problemas emocionales por cuidar a mis hermanos (dos de ellos con TEA) siempre he amado el estudiar, me gusta aprender todo tipo de cosas pero siempre me topo con un límite y son mis padres. Tengo disciplina en ese tipo de cosas pero cuando no hay apoyo simplemente no puedo, estudié inglés, hablo japonés, se dibujar, escribir y se a cerca de música... En verdad amo aprender todo lo que se pueda, siento que nací para aprender. Bueno, el problema es el siguiente: yo sueño con ser abogada, el derecho es la cosa que más me apasiona en el mundo y estoy a punto de terminar el bachillerato por lo que ya hice trámites a la universidad, he estudiado para mí exámen de admisión pero mis papás simplemente no aparecen para hacerse cargo de los gastos, tuve que pagar mi estancia el la preparatoria, los libros y todo gasto que fuera saliendo y esto me costó mucho porque no tengo un trabajo (estudio y entreno en un deporte de alto rendimiento) apenas quisieron pagar los gastos de mi graduación y no pagaron mi exámen de admisión, a parte tengo otras necesidades que no están cubiertas (lentes, comida, salud mental, salud física etc) y no sé que hacer, yo sé que sería excelente abogada pero honestamente después de todo lo que he tenido que pasar en la preparatoria con su ausencia no sé si deba trabajar para poder estudiar, tipo tomarme un tiempo sabático o algo así porque no quiero dejar mi deporte (es lo único que me mantiene estable emocionalmente) mis papás son negligentes en muchos aspectos y mis hermanos también viven esas carencias por lo que siento una presión a ayudarlos pero no sé si deba pausar mis estudios para establecer algo antes ¿Qué debería hacer? 

Gracias por leerme <3 

Edit: olvidé mencionar que mis padres si tienen dinero pero lo gastan en otras cosas (apuestas, gimnasio y cosas que no son de primera necesidad)",https://www.reddit.com/r/depression/comments/1c34kgo/no_s%C3%A9_que_hacer_con_mi_vida/,post,cultural_signals,mis papás son negligentes en muchos aspectos y mis hermanos también viven esas carencias por lo que siento una presión a ayudarlos,1,Values,,,
Spanish,1c34kgo,"No sé que hacer con mi vida 
A lo largo de mi vida he tenido muchos problemas, mi infancia no fue muy linda y mi juventud no parece que vaya a mejorar. He tenido problemas duros pero ninguno como este y me gustaría recibir consejo de quienes tengan más experiencia que yo. 

Soy mujer y tengo una familia ausente en todos los sentidos que se puedan imaginar, yo me tuve que hacer cargo de mis hermanos desde que era una niña porque mis padres no parecían estar preocupados por el cuidado de los niños, conforme fui creciendo las responsabilidades en mi casa fueron aumentando y yo no las soporté porque fui desarrollando problemas emocionales por cuidar a mis hermanos (dos de ellos con TEA) siempre he amado el estudiar, me gusta aprender todo tipo de cosas pero siempre me topo con un límite y son mis padres. Tengo disciplina en ese tipo de cosas pero cuando no hay apoyo simplemente no puedo, estudié inglés, hablo japonés, se dibujar, escribir y se a cerca de música... En verdad amo aprender todo lo que se pueda, siento que nací para aprender. Bueno, el problema es el siguiente: yo sueño con ser abogada, el derecho es la cosa que más me apasiona en el mundo y estoy a punto de terminar el bachillerato por lo que ya hice trámites a la universidad, he estudiado para mí exámen de admisión pero mis papás simplemente no aparecen para hacerse cargo de los gastos, tuve que pagar mi estancia el la preparatoria, los libros y todo gasto que fuera saliendo y esto me costó mucho porque no tengo un trabajo (estudio y entreno en un deporte de alto rendimiento) apenas quisieron pagar los gastos de mi graduación y no pagaron mi exámen de admisión, a parte tengo otras necesidades que no están cubiertas (lentes, comida, salud mental, salud física etc) y no sé que hacer, yo sé que sería excelente abogada pero honestamente después de todo lo que he tenido que pasar en la preparatoria con su ausencia no sé si deba trabajar para poder estudiar, tipo tomarme un tiempo sabático o algo así porque no quiero dejar mi deporte (es lo único que me mantiene estable emocionalmente) mis papás son negligentes en muchos aspectos y mis hermanos también viven esas carencias por lo que siento una presión a ayudarlos pero no sé si deba pausar mis estudios para establecer algo antes ¿Qué debería hacer? 

Gracias por leerme <3 

Edit: olvidé mencionar que mis padres si tienen dinero pero lo gastan en otras cosas (apuestas, gimnasio y cosas que no son de primera necesidad)",https://www.reddit.com/r/depression/comments/1c34kgo/no_s%C3%A9_que_hacer_con_mi_vida/,post,emotional_distress,"A lo largo de mi vida he tenido muchos problemas, mi infancia no fue muy linda y mi juventud no parece que vaya a mejorar.",2,,moderate,,
Spanish,1c34kgo,"No sé que hacer con mi vida 
A lo largo de mi vida he tenido muchos problemas, mi infancia no fue muy linda y mi juventud no parece que vaya a mejorar. He tenido problemas duros pero ninguno como este y me gustaría recibir consejo de quienes tengan más experiencia que yo. 

Soy mujer y tengo una familia ausente en todos los sentidos que se puedan imaginar, yo me tuve que hacer cargo de mis hermanos desde que era una niña porque mis padres no parecían estar preocupados por el cuidado de los niños, conforme fui creciendo las responsabilidades en mi casa fueron aumentando y yo no las soporté porque fui desarrollando problemas emocionales por cuidar a mis hermanos (dos de ellos con TEA) siempre he amado el estudiar, me gusta aprender todo tipo de cosas pero siempre me topo con un límite y son mis padres. Tengo disciplina en ese tipo de cosas pero cuando no hay apoyo simplemente no puedo, estudié inglés, hablo japonés, se dibujar, escribir y se a cerca de música... En verdad amo aprender todo lo que se pueda, siento que nací para aprender. Bueno, el problema es el siguiente: yo sueño con ser abogada, el derecho es la cosa que más me apasiona en el mundo y estoy a punto de terminar el bachillerato por lo que ya hice trámites a la universidad, he estudiado para mí exámen de admisión pero mis papás simplemente no aparecen para hacerse cargo de los gastos, tuve que pagar mi estancia el la preparatoria, los libros y todo gasto que fuera saliendo y esto me costó mucho porque no tengo un trabajo (estudio y entreno en un deporte de alto rendimiento) apenas quisieron pagar los gastos de mi graduación y no pagaron mi exámen de admisión, a parte tengo otras necesidades que no están cubiertas (lentes, comida, salud mental, salud física etc) y no sé que hacer, yo sé que sería excelente abogada pero honestamente después de todo lo que he tenido que pasar en la preparatoria con su ausencia no sé si deba trabajar para poder estudiar, tipo tomarme un tiempo sabático o algo así porque no quiero dejar mi deporte (es lo único que me mantiene estable emocionalmente) mis papás son negligentes en muchos aspectos y mis hermanos también viven esas carencias por lo que siento una presión a ayudarlos pero no sé si deba pausar mis estudios para establecer algo antes ¿Qué debería hacer? 

Gracias por leerme <3 

Edit: olvidé mencionar que mis padres si tienen dinero pero lo gastan en otras cosas (apuestas, gimnasio y cosas que no son de primera necesidad)",https://www.reddit.com/r/depression/comments/1c34kgo/no_s%C3%A9_que_hacer_con_mi_vida/,response,emotional_support,"a algunas personas les sirve tomar un año sabático, trabajar y ganar su dinero para luego estudiar, podrías hacer eso",3,,,Affirmation and Reassurance,
Spanish,1c34kgo,"No sé que hacer con mi vida 
A lo largo de mi vida he tenido muchos problemas, mi infancia no fue muy linda y mi juventud no parece que vaya a mejorar. He tenido problemas duros pero ninguno como este y me gustaría recibir consejo de quienes tengan más experiencia que yo. 

Soy mujer y tengo una familia ausente en todos los sentidos que se puedan imaginar, yo me tuve que hacer cargo de mis hermanos desde que era una niña porque mis padres no parecían estar preocupados por el cuidado de los niños, conforme fui creciendo las responsabilidades en mi casa fueron aumentando y yo no las soporté porque fui desarrollando problemas emocionales por cuidar a mis hermanos (dos de ellos con TEA) siempre he amado el estudiar, me gusta aprender todo tipo de cosas pero siempre me topo con un límite y son mis padres. Tengo disciplina en ese tipo de cosas pero cuando no hay apoyo simplemente no puedo, estudié inglés, hablo japonés, se dibujar, escribir y se a cerca de música... En verdad amo aprender todo lo que se pueda, siento que nací para aprender. Bueno, el problema es el siguiente: yo sueño con ser abogada, el derecho es la cosa que más me apasiona en el mundo y estoy a punto de terminar el bachillerato por lo que ya hice trámites a la universidad, he estudiado para mí exámen de admisión pero mis papás simplemente no aparecen para hacerse cargo de los gastos, tuve que pagar mi estancia el la preparatoria, los libros y todo gasto que fuera saliendo y esto me costó mucho porque no tengo un trabajo (estudio y entreno en un deporte de alto rendimiento) apenas quisieron pagar los gastos de mi graduación y no pagaron mi exámen de admisión, a parte tengo otras necesidades que no están cubiertas (lentes, comida, salud mental, salud física etc) y no sé que hacer, yo sé que sería excelente abogada pero honestamente después de todo lo que he tenido que pasar en la preparatoria con su ausencia no sé si deba trabajar para poder estudiar, tipo tomarme un tiempo sabático o algo así porque no quiero dejar mi deporte (es lo único que me mantiene estable emocionalmente) mis papás son negligentes en muchos aspectos y mis hermanos también viven esas carencias por lo que siento una presión a ayudarlos pero no sé si deba pausar mis estudios para establecer algo antes ¿Qué debería hacer? 

Gracias por leerme <3 

Edit: olvidé mencionar que mis padres si tienen dinero pero lo gastan en otras cosas (apuestas, gimnasio y cosas que no son de primera necesidad)",https://www.reddit.com/r/depression/comments/1c34kgo/no_s%C3%A9_que_hacer_con_mi_vida/,response,emotional_support,"Pero tengo una pregunta, ¿En tu país no podrías demandar a tus papás para que te ayuden con la U? Eso te ayudaría muchísimo.",3,,,Questions,
Spanish,1c34kgo,"No sé que hacer con mi vida 
A lo largo de mi vida he tenido muchos problemas, mi infancia no fue muy linda y mi juventud no parece que vaya a mejorar. He tenido problemas duros pero ninguno como este y me gustaría recibir consejo de quienes tengan más experiencia que yo. 

Soy mujer y tengo una familia ausente en todos los sentidos que se puedan imaginar, yo me tuve que hacer cargo de mis hermanos desde que era una niña porque mis padres no parecían estar preocupados por el cuidado de los niños, conforme fui creciendo las responsabilidades en mi casa fueron aumentando y yo no las soporté porque fui desarrollando problemas emocionales por cuidar a mis hermanos (dos de ellos con TEA) siempre he amado el estudiar, me gusta aprender todo tipo de cosas pero siempre me topo con un límite y son mis padres. Tengo disciplina en ese tipo de cosas pero cuando no hay apoyo simplemente no puedo, estudié inglés, hablo japonés, se dibujar, escribir y se a cerca de música... En verdad amo aprender todo lo que se pueda, siento que nací para aprender. Bueno, el problema es el siguiente: yo sueño con ser abogada, el derecho es la cosa que más me apasiona en el mundo y estoy a punto de terminar el bachillerato por lo que ya hice trámites a la universidad, he estudiado para mí exámen de admisión pero mis papás simplemente no aparecen para hacerse cargo de los gastos, tuve que pagar mi estancia el la preparatoria, los libros y todo gasto que fuera saliendo y esto me costó mucho porque no tengo un trabajo (estudio y entreno en un deporte de alto rendimiento) apenas quisieron pagar los gastos de mi graduación y no pagaron mi exámen de admisión, a parte tengo otras necesidades que no están cubiertas (lentes, comida, salud mental, salud física etc) y no sé que hacer, yo sé que sería excelente abogada pero honestamente después de todo lo que he tenido que pasar en la preparatoria con su ausencia no sé si deba trabajar para poder estudiar, tipo tomarme un tiempo sabático o algo así porque no quiero dejar mi deporte (es lo único que me mantiene estable emocionalmente) mis papás son negligentes en muchos aspectos y mis hermanos también viven esas carencias por lo que siento una presión a ayudarlos pero no sé si deba pausar mis estudios para establecer algo antes ¿Qué debería hacer? 

Gracias por leerme <3 

Edit: olvidé mencionar que mis padres si tienen dinero pero lo gastan en otras cosas (apuestas, gimnasio y cosas que no son de primera necesidad)",https://www.reddit.com/r/depression/comments/1c34kgo/no_s%C3%A9_que_hacer_con_mi_vida/,response,emphaty_score,,0,,,,3 (moderately empathetic)
Spanish,1lx71oq,"Choque cultural contra despido injusto. 
Hola a todos, 

Hace mas de un mes fui despedido de mi empresa por una situación bastante incómoda y difícil para mi, a la fecha me arrepiento de mi actuar pero a la vez me siento extrañado. 

Soy mexicano, tengo 30 años, he trabajado en varias empresas de comunicación y publicidad en mi país y tuve la fortuna el año pasado de ser contratado de medio tiempo (ya que estudio una FP por la mañana) en una empresa de medios aquí en Madrid. 

La cosa es, que esta empresa, para la que estaba contratado, me tenían en un proyecto sub contratado para una televisora local. Durante muchos meses, tuve que aprender a agachar la cabeza y aguantarme los malos tratos, las burlas y mal ambiente laboral de dicha televisora, ""Así son las cosas aquí en la burocracia"" me decían internamente cuando les preguntaba por que era siempre amenazas de despido y de acabar en la calle. 

Así pasaron los meses, yo con miedo de ser echado un día a otro a la calle, la verdad es que siempre con ansiedad de que llegue tal fatídico día. 

Un día, en nuestra oficina, llega un tipo que jamás en mi vida conocí ni vi, este señor de forma muy agresiva y sin respeto a mi compañero, comienza a hablar de una forma muy déspota, pidiendo cosas que no teníamos en nuestras manos, ahí exploté y ya no aguanté mas el quedarme callado, le dije que no eran formas de hablarnos así, y bueno, fue un intercambio de palabras algo fuertes pero tampoco sin faltarle al respeto. 

Pasa el fin de semana, y al llegar a mi curro, tenían mi carta de despido. 

La verdad, es que lo entendí, acepté mi error, pero ahora que lo pienso un poco más, se me hace sumamente injusto que me echen por que resulta que me defendí de un déspota, honestamente no estoy acostumbrado a ese tipo de tratos, y que jodido que el que se traga la mierda, sea el mismo que hace que sus proyectos salgan adelante a pesar de esforzarse al máximo. 

Ahora estoy buscando empleo de vuelta, pero vaya pesadilla la que es encontrar algo, aunque sea una entrevista, o que te respondan el mail por lo menos, y mas, siendo extranjero, con permiso laboral de 30 horas, con una fp que te estorba las mañanas y no te quieren contratar porque eres un estudiante de vuelta aunque tengas mucha experiencia laboral. 

En fin, necesitaba sacar mi enojo y frustración, ahora necesito seguir enfocado en encontrar algo.",https://www.reddit.com/r/Espana/comments/1lx71oq/choque_cultural_contra_despido_injusto/,post,cultural_signals,"Soy mexicano, tengo 30 años",1,Demographics,,,
Spanish,1lx71oq,"Choque cultural contra despido injusto. 
Hola a todos, 

Hace mas de un mes fui despedido de mi empresa por una situación bastante incómoda y difícil para mi, a la fecha me arrepiento de mi actuar pero a la vez me siento extrañado. 

Soy mexicano, tengo 30 años, he trabajado en varias empresas de comunicación y publicidad en mi país y tuve la fortuna el año pasado de ser contratado de medio tiempo (ya que estudio una FP por la mañana) en una empresa de medios aquí en Madrid. 

La cosa es, que esta empresa, para la que estaba contratado, me tenían en un proyecto sub contratado para una televisora local. Durante muchos meses, tuve que aprender a agachar la cabeza y aguantarme los malos tratos, las burlas y mal ambiente laboral de dicha televisora, ""Así son las cosas aquí en la burocracia"" me decían internamente cuando les preguntaba por que era siempre amenazas de despido y de acabar en la calle. 

Así pasaron los meses, yo con miedo de ser echado un día a otro a la calle, la verdad es que siempre con ansiedad de que llegue tal fatídico día. 

Un día, en nuestra oficina, llega un tipo que jamás en mi vida conocí ni vi, este señor de forma muy agresiva y sin respeto a mi compañero, comienza a hablar de una forma muy déspota, pidiendo cosas que no teníamos en nuestras manos, ahí exploté y ya no aguanté mas el quedarme callado, le dije que no eran formas de hablarnos así, y bueno, fue un intercambio de palabras algo fuertes pero tampoco sin faltarle al respeto. 

Pasa el fin de semana, y al llegar a mi curro, tenían mi carta de despido. 

La verdad, es que lo entendí, acepté mi error, pero ahora que lo pienso un poco más, se me hace sumamente injusto que me echen por que resulta que me defendí de un déspota, honestamente no estoy acostumbrado a ese tipo de tratos, y que jodido que el que se traga la mierda, sea el mismo que hace que sus proyectos salgan adelante a pesar de esforzarse al máximo. 

Ahora estoy buscando empleo de vuelta, pero vaya pesadilla la que es encontrar algo, aunque sea una entrevista, o que te respondan el mail por lo menos, y mas, siendo extranjero, con permiso laboral de 30 horas, con una fp que te estorba las mañanas y no te quieren contratar porque eres un estudiante de vuelta aunque tengas mucha experiencia laboral. 

En fin, necesitaba sacar mi enojo y frustración, ahora necesito seguir enfocado en encontrar algo.",https://www.reddit.com/r/Espana/comments/1lx71oq/choque_cultural_contra_despido_injusto/,post,emotional_distress,me arrepiento de mi actuar pero a la vez me siento extrañado.,2,,moderate,,
Spanish,1lx71oq,"Choque cultural contra despido injusto. 
Hola a todos, 

Hace mas de un mes fui despedido de mi empresa por una situación bastante incómoda y difícil para mi, a la fecha me arrepiento de mi actuar pero a la vez me siento extrañado. 

Soy mexicano, tengo 30 años, he trabajado en varias empresas de comunicación y publicidad en mi país y tuve la fortuna el año pasado de ser contratado de medio tiempo (ya que estudio una FP por la mañana) en una empresa de medios aquí en Madrid. 

La cosa es, que esta empresa, para la que estaba contratado, me tenían en un proyecto sub contratado para una televisora local. Durante muchos meses, tuve que aprender a agachar la cabeza y aguantarme los malos tratos, las burlas y mal ambiente laboral de dicha televisora, ""Así son las cosas aquí en la burocracia"" me decían internamente cuando les preguntaba por que era siempre amenazas de despido y de acabar en la calle. 

Así pasaron los meses, yo con miedo de ser echado un día a otro a la calle, la verdad es que siempre con ansiedad de que llegue tal fatídico día. 

Un día, en nuestra oficina, llega un tipo que jamás en mi vida conocí ni vi, este señor de forma muy agresiva y sin respeto a mi compañero, comienza a hablar de una forma muy déspota, pidiendo cosas que no teníamos en nuestras manos, ahí exploté y ya no aguanté mas el quedarme callado, le dije que no eran formas de hablarnos así, y bueno, fue un intercambio de palabras algo fuertes pero tampoco sin faltarle al respeto. 

Pasa el fin de semana, y al llegar a mi curro, tenían mi carta de despido. 

La verdad, es que lo entendí, acepté mi error, pero ahora que lo pienso un poco más, se me hace sumamente injusto que me echen por que resulta que me defendí de un déspota, honestamente no estoy acostumbrado a ese tipo de tratos, y que jodido que el que se traga la mierda, sea el mismo que hace que sus proyectos salgan adelante a pesar de esforzarse al máximo. 

Ahora estoy buscando empleo de vuelta, pero vaya pesadilla la que es encontrar algo, aunque sea una entrevista, o que te respondan el mail por lo menos, y mas, siendo extranjero, con permiso laboral de 30 horas, con una fp que te estorba las mañanas y no te quieren contratar porque eres un estudiante de vuelta aunque tengas mucha experiencia laboral. 

En fin, necesitaba sacar mi enojo y frustración, ahora necesito seguir enfocado en encontrar algo.",https://www.reddit.com/r/Espana/comments/1lx71oq/choque_cultural_contra_despido_injusto/,post,cultural_signals,en una empresa de medios aquí en Madrid.,1,Demographics,,,
Spanish,1lx71oq,"Choque cultural contra despido injusto. 
Hola a todos, 

Hace mas de un mes fui despedido de mi empresa por una situación bastante incómoda y difícil para mi, a la fecha me arrepiento de mi actuar pero a la vez me siento extrañado. 

Soy mexicano, tengo 30 años, he trabajado en varias empresas de comunicación y publicidad en mi país y tuve la fortuna el año pasado de ser contratado de medio tiempo (ya que estudio una FP por la mañana) en una empresa de medios aquí en Madrid. 

La cosa es, que esta empresa, para la que estaba contratado, me tenían en un proyecto sub contratado para una televisora local. Durante muchos meses, tuve que aprender a agachar la cabeza y aguantarme los malos tratos, las burlas y mal ambiente laboral de dicha televisora, ""Así son las cosas aquí en la burocracia"" me decían internamente cuando les preguntaba por que era siempre amenazas de despido y de acabar en la calle. 

Así pasaron los meses, yo con miedo de ser echado un día a otro a la calle, la verdad es que siempre con ansiedad de que llegue tal fatídico día. 

Un día, en nuestra oficina, llega un tipo que jamás en mi vida conocí ni vi, este señor de forma muy agresiva y sin respeto a mi compañero, comienza a hablar de una forma muy déspota, pidiendo cosas que no teníamos en nuestras manos, ahí exploté y ya no aguanté mas el quedarme callado, le dije que no eran formas de hablarnos así, y bueno, fue un intercambio de palabras algo fuertes pero tampoco sin faltarle al respeto. 

Pasa el fin de semana, y al llegar a mi curro, tenían mi carta de despido. 

La verdad, es que lo entendí, acepté mi error, pero ahora que lo pienso un poco más, se me hace sumamente injusto que me echen por que resulta que me defendí de un déspota, honestamente no estoy acostumbrado a ese tipo de tratos, y que jodido que el que se traga la mierda, sea el mismo que hace que sus proyectos salgan adelante a pesar de esforzarse al máximo. 

Ahora estoy buscando empleo de vuelta, pero vaya pesadilla la que es encontrar algo, aunque sea una entrevista, o que te respondan el mail por lo menos, y mas, siendo extranjero, con permiso laboral de 30 horas, con una fp que te estorba las mañanas y no te quieren contratar porque eres un estudiante de vuelta aunque tengas mucha experiencia laboral. 

En fin, necesitaba sacar mi enojo y frustración, ahora necesito seguir enfocado en encontrar algo.",https://www.reddit.com/r/Espana/comments/1lx71oq/choque_cultural_contra_despido_injusto/,post,cultural_signals,y tuve la fortuna el año pasado de ser contratado de medio tiempo (ya que estudio una FP por la mañana),1,Knowledge,,,
Spanish,1lx71oq,"Choque cultural contra despido injusto. 
Hola a todos, 

Hace mas de un mes fui despedido de mi empresa por una situación bastante incómoda y difícil para mi, a la fecha me arrepiento de mi actuar pero a la vez me siento extrañado. 

Soy mexicano, tengo 30 años, he trabajado en varias empresas de comunicación y publicidad en mi país y tuve la fortuna el año pasado de ser contratado de medio tiempo (ya que estudio una FP por la mañana) en una empresa de medios aquí en Madrid. 

La cosa es, que esta empresa, para la que estaba contratado, me tenían en un proyecto sub contratado para una televisora local. Durante muchos meses, tuve que aprender a agachar la cabeza y aguantarme los malos tratos, las burlas y mal ambiente laboral de dicha televisora, ""Así son las cosas aquí en la burocracia"" me decían internamente cuando les preguntaba por que era siempre amenazas de despido y de acabar en la calle. 

Así pasaron los meses, yo con miedo de ser echado un día a otro a la calle, la verdad es que siempre con ansiedad de que llegue tal fatídico día. 

Un día, en nuestra oficina, llega un tipo que jamás en mi vida conocí ni vi, este señor de forma muy agresiva y sin respeto a mi compañero, comienza a hablar de una forma muy déspota, pidiendo cosas que no teníamos en nuestras manos, ahí exploté y ya no aguanté mas el quedarme callado, le dije que no eran formas de hablarnos así, y bueno, fue un intercambio de palabras algo fuertes pero tampoco sin faltarle al respeto. 

Pasa el fin de semana, y al llegar a mi curro, tenían mi carta de despido. 

La verdad, es que lo entendí, acepté mi error, pero ahora que lo pienso un poco más, se me hace sumamente injusto que me echen por que resulta que me defendí de un déspota, honestamente no estoy acostumbrado a ese tipo de tratos, y que jodido que el que se traga la mierda, sea el mismo que hace que sus proyectos salgan adelante a pesar de esforzarse al máximo. 

Ahora estoy buscando empleo de vuelta, pero vaya pesadilla la que es encontrar algo, aunque sea una entrevista, o que te respondan el mail por lo menos, y mas, siendo extranjero, con permiso laboral de 30 horas, con una fp que te estorba las mañanas y no te quieren contratar porque eres un estudiante de vuelta aunque tengas mucha experiencia laboral. 

En fin, necesitaba sacar mi enojo y frustración, ahora necesito seguir enfocado en encontrar algo.",https://www.reddit.com/r/Espana/comments/1lx71oq/choque_cultural_contra_despido_injusto/,post,cultural_signals,"tuve que aprender a agachar la cabeza y aguantarme los malos tratos, las burlas y mal ambiente laboral de dicha televisora, ""Así son las cosas aquí en la burocracia""",1,Norms and Morals,,,
Spanish,1lx71oq,"Choque cultural contra despido injusto. 
Hola a todos, 

Hace mas de un mes fui despedido de mi empresa por una situación bastante incómoda y difícil para mi, a la fecha me arrepiento de mi actuar pero a la vez me siento extrañado. 

Soy mexicano, tengo 30 años, he trabajado en varias empresas de comunicación y publicidad en mi país y tuve la fortuna el año pasado de ser contratado de medio tiempo (ya que estudio una FP por la mañana) en una empresa de medios aquí en Madrid. 

La cosa es, que esta empresa, para la que estaba contratado, me tenían en un proyecto sub contratado para una televisora local. Durante muchos meses, tuve que aprender a agachar la cabeza y aguantarme los malos tratos, las burlas y mal ambiente laboral de dicha televisora, ""Así son las cosas aquí en la burocracia"" me decían internamente cuando les preguntaba por que era siempre amenazas de despido y de acabar en la calle. 

Así pasaron los meses, yo con miedo de ser echado un día a otro a la calle, la verdad es que siempre con ansiedad de que llegue tal fatídico día. 

Un día, en nuestra oficina, llega un tipo que jamás en mi vida conocí ni vi, este señor de forma muy agresiva y sin respeto a mi compañero, comienza a hablar de una forma muy déspota, pidiendo cosas que no teníamos en nuestras manos, ahí exploté y ya no aguanté mas el quedarme callado, le dije que no eran formas de hablarnos así, y bueno, fue un intercambio de palabras algo fuertes pero tampoco sin faltarle al respeto. 

Pasa el fin de semana, y al llegar a mi curro, tenían mi carta de despido. 

La verdad, es que lo entendí, acepté mi error, pero ahora que lo pienso un poco más, se me hace sumamente injusto que me echen por que resulta que me defendí de un déspota, honestamente no estoy acostumbrado a ese tipo de tratos, y que jodido que el que se traga la mierda, sea el mismo que hace que sus proyectos salgan adelante a pesar de esforzarse al máximo. 

Ahora estoy buscando empleo de vuelta, pero vaya pesadilla la que es encontrar algo, aunque sea una entrevista, o que te respondan el mail por lo menos, y mas, siendo extranjero, con permiso laboral de 30 horas, con una fp que te estorba las mañanas y no te quieren contratar porque eres un estudiante de vuelta aunque tengas mucha experiencia laboral. 

En fin, necesitaba sacar mi enojo y frustración, ahora necesito seguir enfocado en encontrar algo.",https://www.reddit.com/r/Espana/comments/1lx71oq/choque_cultural_contra_despido_injusto/,post,cultural_signals,"Pasa el fin de semana, y al llegar a mi curro, tenían mi carta de despido. 

",1,Languange,,,
Spanish,1lx71oq,"Choque cultural contra despido injusto. 
Hola a todos, 

Hace mas de un mes fui despedido de mi empresa por una situación bastante incómoda y difícil para mi, a la fecha me arrepiento de mi actuar pero a la vez me siento extrañado. 

Soy mexicano, tengo 30 años, he trabajado en varias empresas de comunicación y publicidad en mi país y tuve la fortuna el año pasado de ser contratado de medio tiempo (ya que estudio una FP por la mañana) en una empresa de medios aquí en Madrid. 

La cosa es, que esta empresa, para la que estaba contratado, me tenían en un proyecto sub contratado para una televisora local. Durante muchos meses, tuve que aprender a agachar la cabeza y aguantarme los malos tratos, las burlas y mal ambiente laboral de dicha televisora, ""Así son las cosas aquí en la burocracia"" me decían internamente cuando les preguntaba por que era siempre amenazas de despido y de acabar en la calle. 

Así pasaron los meses, yo con miedo de ser echado un día a otro a la calle, la verdad es que siempre con ansiedad de que llegue tal fatídico día. 

Un día, en nuestra oficina, llega un tipo que jamás en mi vida conocí ni vi, este señor de forma muy agresiva y sin respeto a mi compañero, comienza a hablar de una forma muy déspota, pidiendo cosas que no teníamos en nuestras manos, ahí exploté y ya no aguanté mas el quedarme callado, le dije que no eran formas de hablarnos así, y bueno, fue un intercambio de palabras algo fuertes pero tampoco sin faltarle al respeto. 

Pasa el fin de semana, y al llegar a mi curro, tenían mi carta de despido. 

La verdad, es que lo entendí, acepté mi error, pero ahora que lo pienso un poco más, se me hace sumamente injusto que me echen por que resulta que me defendí de un déspota, honestamente no estoy acostumbrado a ese tipo de tratos, y que jodido que el que se traga la mierda, sea el mismo que hace que sus proyectos salgan adelante a pesar de esforzarse al máximo. 

Ahora estoy buscando empleo de vuelta, pero vaya pesadilla la que es encontrar algo, aunque sea una entrevista, o que te respondan el mail por lo menos, y mas, siendo extranjero, con permiso laboral de 30 horas, con una fp que te estorba las mañanas y no te quieren contratar porque eres un estudiante de vuelta aunque tengas mucha experiencia laboral. 

En fin, necesitaba sacar mi enojo y frustración, ahora necesito seguir enfocado en encontrar algo.",https://www.reddit.com/r/Espana/comments/1lx71oq/choque_cultural_contra_despido_injusto/,post,emotional_distress,"Así pasaron los meses, yo con miedo de ser echado un día a otro a la calle, la verdad es que siempre con ansiedad de que llegue tal fatídico día.",2,,moderate,,
Spanish,1lx71oq,"Choque cultural contra despido injusto. 
Hola a todos, 

Hace mas de un mes fui despedido de mi empresa por una situación bastante incómoda y difícil para mi, a la fecha me arrepiento de mi actuar pero a la vez me siento extrañado. 

Soy mexicano, tengo 30 años, he trabajado en varias empresas de comunicación y publicidad en mi país y tuve la fortuna el año pasado de ser contratado de medio tiempo (ya que estudio una FP por la mañana) en una empresa de medios aquí en Madrid. 

La cosa es, que esta empresa, para la que estaba contratado, me tenían en un proyecto sub contratado para una televisora local. Durante muchos meses, tuve que aprender a agachar la cabeza y aguantarme los malos tratos, las burlas y mal ambiente laboral de dicha televisora, ""Así son las cosas aquí en la burocracia"" me decían internamente cuando les preguntaba por que era siempre amenazas de despido y de acabar en la calle. 

Así pasaron los meses, yo con miedo de ser echado un día a otro a la calle, la verdad es que siempre con ansiedad de que llegue tal fatídico día. 

Un día, en nuestra oficina, llega un tipo que jamás en mi vida conocí ni vi, este señor de forma muy agresiva y sin respeto a mi compañero, comienza a hablar de una forma muy déspota, pidiendo cosas que no teníamos en nuestras manos, ahí exploté y ya no aguanté mas el quedarme callado, le dije que no eran formas de hablarnos así, y bueno, fue un intercambio de palabras algo fuertes pero tampoco sin faltarle al respeto. 

Pasa el fin de semana, y al llegar a mi curro, tenían mi carta de despido. 

La verdad, es que lo entendí, acepté mi error, pero ahora que lo pienso un poco más, se me hace sumamente injusto que me echen por que resulta que me defendí de un déspota, honestamente no estoy acostumbrado a ese tipo de tratos, y que jodido que el que se traga la mierda, sea el mismo que hace que sus proyectos salgan adelante a pesar de esforzarse al máximo. 

Ahora estoy buscando empleo de vuelta, pero vaya pesadilla la que es encontrar algo, aunque sea una entrevista, o que te respondan el mail por lo menos, y mas, siendo extranjero, con permiso laboral de 30 horas, con una fp que te estorba las mañanas y no te quieren contratar porque eres un estudiante de vuelta aunque tengas mucha experiencia laboral. 

En fin, necesitaba sacar mi enojo y frustración, ahora necesito seguir enfocado en encontrar algo.",https://www.reddit.com/r/Espana/comments/1lx71oq/choque_cultural_contra_despido_injusto/,post,cultural_signals,"llega un tipo que jamás en mi vida conocí ni vi, este señor de forma muy agresiva y sin respeto a mi compañero,",1,Values,,,
Spanish,1lx71oq,"Choque cultural contra despido injusto. 
Hola a todos, 

Hace mas de un mes fui despedido de mi empresa por una situación bastante incómoda y difícil para mi, a la fecha me arrepiento de mi actuar pero a la vez me siento extrañado. 

Soy mexicano, tengo 30 años, he trabajado en varias empresas de comunicación y publicidad en mi país y tuve la fortuna el año pasado de ser contratado de medio tiempo (ya que estudio una FP por la mañana) en una empresa de medios aquí en Madrid. 

La cosa es, que esta empresa, para la que estaba contratado, me tenían en un proyecto sub contratado para una televisora local. Durante muchos meses, tuve que aprender a agachar la cabeza y aguantarme los malos tratos, las burlas y mal ambiente laboral de dicha televisora, ""Así son las cosas aquí en la burocracia"" me decían internamente cuando les preguntaba por que era siempre amenazas de despido y de acabar en la calle. 

Así pasaron los meses, yo con miedo de ser echado un día a otro a la calle, la verdad es que siempre con ansiedad de que llegue tal fatídico día. 

Un día, en nuestra oficina, llega un tipo que jamás en mi vida conocí ni vi, este señor de forma muy agresiva y sin respeto a mi compañero, comienza a hablar de una forma muy déspota, pidiendo cosas que no teníamos en nuestras manos, ahí exploté y ya no aguanté mas el quedarme callado, le dije que no eran formas de hablarnos así, y bueno, fue un intercambio de palabras algo fuertes pero tampoco sin faltarle al respeto. 

Pasa el fin de semana, y al llegar a mi curro, tenían mi carta de despido. 

La verdad, es que lo entendí, acepté mi error, pero ahora que lo pienso un poco más, se me hace sumamente injusto que me echen por que resulta que me defendí de un déspota, honestamente no estoy acostumbrado a ese tipo de tratos, y que jodido que el que se traga la mierda, sea el mismo que hace que sus proyectos salgan adelante a pesar de esforzarse al máximo. 

Ahora estoy buscando empleo de vuelta, pero vaya pesadilla la que es encontrar algo, aunque sea una entrevista, o que te respondan el mail por lo menos, y mas, siendo extranjero, con permiso laboral de 30 horas, con una fp que te estorba las mañanas y no te quieren contratar porque eres un estudiante de vuelta aunque tengas mucha experiencia laboral. 

En fin, necesitaba sacar mi enojo y frustración, ahora necesito seguir enfocado en encontrar algo.",https://www.reddit.com/r/Espana/comments/1lx71oq/choque_cultural_contra_despido_injusto/,response,emotional_support,"Por despido improcedente te tienen que pagar 33 días por año cotizado, más vacaciones y horas extra atrasadas.",3,,,Information,
Spanish,1lx71oq,"Choque cultural contra despido injusto. 
Hola a todos, 

Hace mas de un mes fui despedido de mi empresa por una situación bastante incómoda y difícil para mi, a la fecha me arrepiento de mi actuar pero a la vez me siento extrañado. 

Soy mexicano, tengo 30 años, he trabajado en varias empresas de comunicación y publicidad en mi país y tuve la fortuna el año pasado de ser contratado de medio tiempo (ya que estudio una FP por la mañana) en una empresa de medios aquí en Madrid. 

La cosa es, que esta empresa, para la que estaba contratado, me tenían en un proyecto sub contratado para una televisora local. Durante muchos meses, tuve que aprender a agachar la cabeza y aguantarme los malos tratos, las burlas y mal ambiente laboral de dicha televisora, ""Así son las cosas aquí en la burocracia"" me decían internamente cuando les preguntaba por que era siempre amenazas de despido y de acabar en la calle. 

Así pasaron los meses, yo con miedo de ser echado un día a otro a la calle, la verdad es que siempre con ansiedad de que llegue tal fatídico día. 

Un día, en nuestra oficina, llega un tipo que jamás en mi vida conocí ni vi, este señor de forma muy agresiva y sin respeto a mi compañero, comienza a hablar de una forma muy déspota, pidiendo cosas que no teníamos en nuestras manos, ahí exploté y ya no aguanté mas el quedarme callado, le dije que no eran formas de hablarnos así, y bueno, fue un intercambio de palabras algo fuertes pero tampoco sin faltarle al respeto. 

Pasa el fin de semana, y al llegar a mi curro, tenían mi carta de despido. 

La verdad, es que lo entendí, acepté mi error, pero ahora que lo pienso un poco más, se me hace sumamente injusto que me echen por que resulta que me defendí de un déspota, honestamente no estoy acostumbrado a ese tipo de tratos, y que jodido que el que se traga la mierda, sea el mismo que hace que sus proyectos salgan adelante a pesar de esforzarse al máximo. 

Ahora estoy buscando empleo de vuelta, pero vaya pesadilla la que es encontrar algo, aunque sea una entrevista, o que te respondan el mail por lo menos, y mas, siendo extranjero, con permiso laboral de 30 horas, con una fp que te estorba las mañanas y no te quieren contratar porque eres un estudiante de vuelta aunque tengas mucha experiencia laboral. 

En fin, necesitaba sacar mi enojo y frustración, ahora necesito seguir enfocado en encontrar algo.",https://www.reddit.com/r/Espana/comments/1lx71oq/choque_cultural_contra_despido_injusto/,response,cultural_signals,Si le respondes mal al jefe es normal que te despidan.,1,Norms and Morals,,,
Spanish,1lx71oq,"Choque cultural contra despido injusto. 
Hola a todos, 

Hace mas de un mes fui despedido de mi empresa por una situación bastante incómoda y difícil para mi, a la fecha me arrepiento de mi actuar pero a la vez me siento extrañado. 

Soy mexicano, tengo 30 años, he trabajado en varias empresas de comunicación y publicidad en mi país y tuve la fortuna el año pasado de ser contratado de medio tiempo (ya que estudio una FP por la mañana) en una empresa de medios aquí en Madrid. 

La cosa es, que esta empresa, para la que estaba contratado, me tenían en un proyecto sub contratado para una televisora local. Durante muchos meses, tuve que aprender a agachar la cabeza y aguantarme los malos tratos, las burlas y mal ambiente laboral de dicha televisora, ""Así son las cosas aquí en la burocracia"" me decían internamente cuando les preguntaba por que era siempre amenazas de despido y de acabar en la calle. 

Así pasaron los meses, yo con miedo de ser echado un día a otro a la calle, la verdad es que siempre con ansiedad de que llegue tal fatídico día. 

Un día, en nuestra oficina, llega un tipo que jamás en mi vida conocí ni vi, este señor de forma muy agresiva y sin respeto a mi compañero, comienza a hablar de una forma muy déspota, pidiendo cosas que no teníamos en nuestras manos, ahí exploté y ya no aguanté mas el quedarme callado, le dije que no eran formas de hablarnos así, y bueno, fue un intercambio de palabras algo fuertes pero tampoco sin faltarle al respeto. 

Pasa el fin de semana, y al llegar a mi curro, tenían mi carta de despido. 

La verdad, es que lo entendí, acepté mi error, pero ahora que lo pienso un poco más, se me hace sumamente injusto que me echen por que resulta que me defendí de un déspota, honestamente no estoy acostumbrado a ese tipo de tratos, y que jodido que el que se traga la mierda, sea el mismo que hace que sus proyectos salgan adelante a pesar de esforzarse al máximo. 

Ahora estoy buscando empleo de vuelta, pero vaya pesadilla la que es encontrar algo, aunque sea una entrevista, o que te respondan el mail por lo menos, y mas, siendo extranjero, con permiso laboral de 30 horas, con una fp que te estorba las mañanas y no te quieren contratar porque eres un estudiante de vuelta aunque tengas mucha experiencia laboral. 

En fin, necesitaba sacar mi enojo y frustración, ahora necesito seguir enfocado en encontrar algo.",https://www.reddit.com/r/Espana/comments/1lx71oq/choque_cultural_contra_despido_injusto/,response,emotional_support,"Para la próxima debes ser mas inteligente.Graba conversaciones (tienes derecho a hacerlo mientras seas parte), recaba pruebas, consulta a sindicatos (afíliate incluso), y si ves motivo, denuncias, ya sea por lo laboral o por inspección de trabajo.",3,,,Providing Suggestions,
Spanish,1lx71oq,"Choque cultural contra despido injusto. 
Hola a todos, 

Hace mas de un mes fui despedido de mi empresa por una situación bastante incómoda y difícil para mi, a la fecha me arrepiento de mi actuar pero a la vez me siento extrañado. 

Soy mexicano, tengo 30 años, he trabajado en varias empresas de comunicación y publicidad en mi país y tuve la fortuna el año pasado de ser contratado de medio tiempo (ya que estudio una FP por la mañana) en una empresa de medios aquí en Madrid. 

La cosa es, que esta empresa, para la que estaba contratado, me tenían en un proyecto sub contratado para una televisora local. Durante muchos meses, tuve que aprender a agachar la cabeza y aguantarme los malos tratos, las burlas y mal ambiente laboral de dicha televisora, ""Así son las cosas aquí en la burocracia"" me decían internamente cuando les preguntaba por que era siempre amenazas de despido y de acabar en la calle. 

Así pasaron los meses, yo con miedo de ser echado un día a otro a la calle, la verdad es que siempre con ansiedad de que llegue tal fatídico día. 

Un día, en nuestra oficina, llega un tipo que jamás en mi vida conocí ni vi, este señor de forma muy agresiva y sin respeto a mi compañero, comienza a hablar de una forma muy déspota, pidiendo cosas que no teníamos en nuestras manos, ahí exploté y ya no aguanté mas el quedarme callado, le dije que no eran formas de hablarnos así, y bueno, fue un intercambio de palabras algo fuertes pero tampoco sin faltarle al respeto. 

Pasa el fin de semana, y al llegar a mi curro, tenían mi carta de despido. 

La verdad, es que lo entendí, acepté mi error, pero ahora que lo pienso un poco más, se me hace sumamente injusto que me echen por que resulta que me defendí de un déspota, honestamente no estoy acostumbrado a ese tipo de tratos, y que jodido que el que se traga la mierda, sea el mismo que hace que sus proyectos salgan adelante a pesar de esforzarse al máximo. 

Ahora estoy buscando empleo de vuelta, pero vaya pesadilla la que es encontrar algo, aunque sea una entrevista, o que te respondan el mail por lo menos, y mas, siendo extranjero, con permiso laboral de 30 horas, con una fp que te estorba las mañanas y no te quieren contratar porque eres un estudiante de vuelta aunque tengas mucha experiencia laboral. 

En fin, necesitaba sacar mi enojo y frustración, ahora necesito seguir enfocado en encontrar algo.",https://www.reddit.com/r/Espana/comments/1lx71oq/choque_cultural_contra_despido_injusto/,response,emphaty_score,,0,,,,1 (not empathetic at all)
Spanish,1rd6439,"Que hacer por las mañanas?

Hola marita de reddit.

Les cuento, actualmente ando pasando por un proceso de desapego típico de nuestra sociedad actual de tanta gente inestable que da cabida en tener una relacion amorosa sin quererlo realmente. Si quieren más contexto pueden ver en mi perfil en los post recientes de ""no puedo"" y ""podre volvar a amar?"" donde me desahogue mas a detalle a cerca de lo que estoy pasando.

Ahora si les da weba buscar y leer eso, el contexto rapido es que conocí a una maje ""especial"" en un viaje subiendo un volcan y por dejarme llevar por el momento me enganche de que era la persona ideal en mi vida y me fui de lleno a intentar tener una relacion formal con ella. Lo que terminó mal porque ella no sabia lo que queria y no supo hacermelo saber de una forma mas madura mas alla de ser cortante de repente y dejar de hablarme de un momento a otro.

Todo esto ya lo escribo con menos cortisol y oxitocina, que si leen los post que les digo se darán cuenta del contraste en mi forma de escribir.

Y pues bien teniendo esto en cuenta, todo este trauma por el que estoy pasando se debe a que en realidad no conozco a mucha gente. Tuve que salir de la ciudad para tener menos presión, mas libertad de hablar con alguien, aunque realmente no fuí a eso, fue algo que sucedio por casualidad pero equivocamente al yo no tener experiencia previa en relaciones confundi todo con amor e interes genuino.

Pero hoy lo que estoy buscando es que me recomienden lugares para conocer gente por las mañanas.

Les cuento que tengo las mañanas libres usualmente, empiezo a trabajar al medio dia y salgo de noche y pues solo tengo 1 dia libre a la semana lo que dificulta un poco mis horarios para quedar con alguien. Y la cuestión es que tampoco soy uno de esos manes que no salen de la casa como para decir que no logro hacer amigos ni ligues porque ""no me buscan a mi"".

Asisto a la iglesia, voy al gym, salgo a parques y viajo y aun así la gente con la que conecto es muy poca.

No me considero alguien complicado pero si alguien a quien le cuesta encontrar gente con quien congeniar genuinamente, no suelo ser tan tímido, ni serio. Pero siento que la gente me considera orgulloso porque soy poco expresivo pero no es por nada de eso! Otra cosa, si soy alguien que tiene ciertos gustos niche, pero no me considero especial ni único por eso.

La verdad ya empecé a sentirme solo y frustrado, ansioso que la vida se me va pasando y hasta ahora, cerca de mis 26 años solo he tenido una experiencia amorosa que me dejó alterado, tengo pocos amigos. Y es cierto, que la vida es mas de calidad sobre cantidad, pero a mis amigos no puedo verlos siempre por diferentes horarios, amorosamente me siento frustrado también porque si puse mis ojos en una persona fue porque provocó algo especial en mi y nomas fue para nada tanto esfuerzo, se que el mundo no se acaba por una persona y se que muchos me diran que esto de las relaciones es de hacerlo en primera, tranquilo, relajado y con la cabeza fria y el corazón bombeando bien. Pero la cuestion es que todo lo hice cuerdamente y con ella que en ese momento fue la única persona que me atraía y pues que mas explicacion? Si fue algo que hice con el corazón y al no haber nadie mas en mi vida, la considere la dirección correcta a seguir. Ya estoy sonando despechado otra vez, pero esque en verdad, es tal la frustración que tengo. Mi vida siempre ha sido algo solitaria y no porque yo quiera si no porque la gente se aleja de mi principalmente por diferencias y esta bien, pero siento que a mi me sucede muy seguido.

El punto de este post es que quiero que me ayuden a saber que hacer por las mañanas que tengo libre para conocer gente, amigos y mujeres, pues en si los lugares que frecuento ya son de por sidemasiado públicos pero aun así es muy poca la gente con la que convivo y mas especifico mujeres que despierten en mi interes. No soy muy partidario de las relaciones casuales, en verdad idealizo conocer a alguien y durar toda la vida juntos.",https://www.reddit.com/r/guatemala/comments/1rd6439/que_hacer_por_las_ma%C3%B1anas/,post,cultural_signals,"Les cuento, actualmente ando pasando por un proceso de desapego típico de nuestra sociedad",1,Concepts,,,
Spanish,1rd6439,"Que hacer por las mañanas?

Hola marita de reddit.

Les cuento, actualmente ando pasando por un proceso de desapego típico de nuestra sociedad actual de tanta gente inestable que da cabida en tener una relacion amorosa sin quererlo realmente. Si quieren más contexto pueden ver en mi perfil en los post recientes de ""no puedo"" y ""podre volvar a amar?"" donde me desahogue mas a detalle a cerca de lo que estoy pasando.

Ahora si les da weba buscar y leer eso, el contexto rapido es que conocí a una maje ""especial"" en un viaje subiendo un volcan y por dejarme llevar por el momento me enganche de que era la persona ideal en mi vida y me fui de lleno a intentar tener una relacion formal con ella. Lo que terminó mal porque ella no sabia lo que queria y no supo hacermelo saber de una forma mas madura mas alla de ser cortante de repente y dejar de hablarme de un momento a otro.

Todo esto ya lo escribo con menos cortisol y oxitocina, que si leen los post que les digo se darán cuenta del contraste en mi forma de escribir.

Y pues bien teniendo esto en cuenta, todo este trauma por el que estoy pasando se debe a que en realidad no conozco a mucha gente. Tuve que salir de la ciudad para tener menos presión, mas libertad de hablar con alguien, aunque realmente no fuí a eso, fue algo que sucedio por casualidad pero equivocamente al yo no tener experiencia previa en relaciones confundi todo con amor e interes genuino.

Pero hoy lo que estoy buscando es que me recomienden lugares para conocer gente por las mañanas.

Les cuento que tengo las mañanas libres usualmente, empiezo a trabajar al medio dia y salgo de noche y pues solo tengo 1 dia libre a la semana lo que dificulta un poco mis horarios para quedar con alguien. Y la cuestión es que tampoco soy uno de esos manes que no salen de la casa como para decir que no logro hacer amigos ni ligues porque ""no me buscan a mi"".

Asisto a la iglesia, voy al gym, salgo a parques y viajo y aun así la gente con la que conecto es muy poca.

No me considero alguien complicado pero si alguien a quien le cuesta encontrar gente con quien congeniar genuinamente, no suelo ser tan tímido, ni serio. Pero siento que la gente me considera orgulloso porque soy poco expresivo pero no es por nada de eso! Otra cosa, si soy alguien que tiene ciertos gustos niche, pero no me considero especial ni único por eso.

La verdad ya empecé a sentirme solo y frustrado, ansioso que la vida se me va pasando y hasta ahora, cerca de mis 26 años solo he tenido una experiencia amorosa que me dejó alterado, tengo pocos amigos. Y es cierto, que la vida es mas de calidad sobre cantidad, pero a mis amigos no puedo verlos siempre por diferentes horarios, amorosamente me siento frustrado también porque si puse mis ojos en una persona fue porque provocó algo especial en mi y nomas fue para nada tanto esfuerzo, se que el mundo no se acaba por una persona y se que muchos me diran que esto de las relaciones es de hacerlo en primera, tranquilo, relajado y con la cabeza fria y el corazón bombeando bien. Pero la cuestion es que todo lo hice cuerdamente y con ella que en ese momento fue la única persona que me atraía y pues que mas explicacion? Si fue algo que hice con el corazón y al no haber nadie mas en mi vida, la considere la dirección correcta a seguir. Ya estoy sonando despechado otra vez, pero esque en verdad, es tal la frustración que tengo. Mi vida siempre ha sido algo solitaria y no porque yo quiera si no porque la gente se aleja de mi principalmente por diferencias y esta bien, pero siento que a mi me sucede muy seguido.

El punto de este post es que quiero que me ayuden a saber que hacer por las mañanas que tengo libre para conocer gente, amigos y mujeres, pues en si los lugares que frecuento ya son de por sidemasiado públicos pero aun así es muy poca la gente con la que convivo y mas especifico mujeres que despierten en mi interes. No soy muy partidario de las relaciones casuales, en verdad idealizo conocer a alguien y durar toda la vida juntos.",https://www.reddit.com/r/guatemala/comments/1rd6439/que_hacer_por_las_ma%C3%B1anas/,post,cultural_signals,"Ahora si les da weba buscar y leer eso, el contexto rapido es que conocí a una maje ""especial""",1,Languange,,,
Spanish,1rd6439,"Que hacer por las mañanas?

Hola marita de reddit.

Les cuento, actualmente ando pasando por un proceso de desapego típico de nuestra sociedad actual de tanta gente inestable que da cabida en tener una relacion amorosa sin quererlo realmente. Si quieren más contexto pueden ver en mi perfil en los post recientes de ""no puedo"" y ""podre volvar a amar?"" donde me desahogue mas a detalle a cerca de lo que estoy pasando.

Ahora si les da weba buscar y leer eso, el contexto rapido es que conocí a una maje ""especial"" en un viaje subiendo un volcan y por dejarme llevar por el momento me enganche de que era la persona ideal en mi vida y me fui de lleno a intentar tener una relacion formal con ella. Lo que terminó mal porque ella no sabia lo que queria y no supo hacermelo saber de una forma mas madura mas alla de ser cortante de repente y dejar de hablarme de un momento a otro.

Todo esto ya lo escribo con menos cortisol y oxitocina, que si leen los post que les digo se darán cuenta del contraste en mi forma de escribir.

Y pues bien teniendo esto en cuenta, todo este trauma por el que estoy pasando se debe a que en realidad no conozco a mucha gente. Tuve que salir de la ciudad para tener menos presión, mas libertad de hablar con alguien, aunque realmente no fuí a eso, fue algo que sucedio por casualidad pero equivocamente al yo no tener experiencia previa en relaciones confundi todo con amor e interes genuino.

Pero hoy lo que estoy buscando es que me recomienden lugares para conocer gente por las mañanas.

Les cuento que tengo las mañanas libres usualmente, empiezo a trabajar al medio dia y salgo de noche y pues solo tengo 1 dia libre a la semana lo que dificulta un poco mis horarios para quedar con alguien. Y la cuestión es que tampoco soy uno de esos manes que no salen de la casa como para decir que no logro hacer amigos ni ligues porque ""no me buscan a mi"".

Asisto a la iglesia, voy al gym, salgo a parques y viajo y aun así la gente con la que conecto es muy poca.

No me considero alguien complicado pero si alguien a quien le cuesta encontrar gente con quien congeniar genuinamente, no suelo ser tan tímido, ni serio. Pero siento que la gente me considera orgulloso porque soy poco expresivo pero no es por nada de eso! Otra cosa, si soy alguien que tiene ciertos gustos niche, pero no me considero especial ni único por eso.

La verdad ya empecé a sentirme solo y frustrado, ansioso que la vida se me va pasando y hasta ahora, cerca de mis 26 años solo he tenido una experiencia amorosa que me dejó alterado, tengo pocos amigos. Y es cierto, que la vida es mas de calidad sobre cantidad, pero a mis amigos no puedo verlos siempre por diferentes horarios, amorosamente me siento frustrado también porque si puse mis ojos en una persona fue porque provocó algo especial en mi y nomas fue para nada tanto esfuerzo, se que el mundo no se acaba por una persona y se que muchos me diran que esto de las relaciones es de hacerlo en primera, tranquilo, relajado y con la cabeza fria y el corazón bombeando bien. Pero la cuestion es que todo lo hice cuerdamente y con ella que en ese momento fue la única persona que me atraía y pues que mas explicacion? Si fue algo que hice con el corazón y al no haber nadie mas en mi vida, la considere la dirección correcta a seguir. Ya estoy sonando despechado otra vez, pero esque en verdad, es tal la frustración que tengo. Mi vida siempre ha sido algo solitaria y no porque yo quiera si no porque la gente se aleja de mi principalmente por diferencias y esta bien, pero siento que a mi me sucede muy seguido.

El punto de este post es que quiero que me ayuden a saber que hacer por las mañanas que tengo libre para conocer gente, amigos y mujeres, pues en si los lugares que frecuento ya son de por sidemasiado públicos pero aun así es muy poca la gente con la que convivo y mas especifico mujeres que despierten en mi interes. No soy muy partidario de las relaciones casuales, en verdad idealizo conocer a alguien y durar toda la vida juntos.",https://www.reddit.com/r/guatemala/comments/1rd6439/que_hacer_por_las_ma%C3%B1anas/,post,emotional_distress,"La verdad ya empecé a sentirme solo y frustrado, ansioso que la vida se me va pasando",2,,moderate,,
Spanish,1rd6439,"Que hacer por las mañanas?

Hola marita de reddit.

Les cuento, actualmente ando pasando por un proceso de desapego típico de nuestra sociedad actual de tanta gente inestable que da cabida en tener una relacion amorosa sin quererlo realmente. Si quieren más contexto pueden ver en mi perfil en los post recientes de ""no puedo"" y ""podre volvar a amar?"" donde me desahogue mas a detalle a cerca de lo que estoy pasando.

Ahora si les da weba buscar y leer eso, el contexto rapido es que conocí a una maje ""especial"" en un viaje subiendo un volcan y por dejarme llevar por el momento me enganche de que era la persona ideal en mi vida y me fui de lleno a intentar tener una relacion formal con ella. Lo que terminó mal porque ella no sabia lo que queria y no supo hacermelo saber de una forma mas madura mas alla de ser cortante de repente y dejar de hablarme de un momento a otro.

Todo esto ya lo escribo con menos cortisol y oxitocina, que si leen los post que les digo se darán cuenta del contraste en mi forma de escribir.

Y pues bien teniendo esto en cuenta, todo este trauma por el que estoy pasando se debe a que en realidad no conozco a mucha gente. Tuve que salir de la ciudad para tener menos presión, mas libertad de hablar con alguien, aunque realmente no fuí a eso, fue algo que sucedio por casualidad pero equivocamente al yo no tener experiencia previa en relaciones confundi todo con amor e interes genuino.

Pero hoy lo que estoy buscando es que me recomienden lugares para conocer gente por las mañanas.

Les cuento que tengo las mañanas libres usualmente, empiezo a trabajar al medio dia y salgo de noche y pues solo tengo 1 dia libre a la semana lo que dificulta un poco mis horarios para quedar con alguien. Y la cuestión es que tampoco soy uno de esos manes que no salen de la casa como para decir que no logro hacer amigos ni ligues porque ""no me buscan a mi"".

Asisto a la iglesia, voy al gym, salgo a parques y viajo y aun así la gente con la que conecto es muy poca.

No me considero alguien complicado pero si alguien a quien le cuesta encontrar gente con quien congeniar genuinamente, no suelo ser tan tímido, ni serio. Pero siento que la gente me considera orgulloso porque soy poco expresivo pero no es por nada de eso! Otra cosa, si soy alguien que tiene ciertos gustos niche, pero no me considero especial ni único por eso.

La verdad ya empecé a sentirme solo y frustrado, ansioso que la vida se me va pasando y hasta ahora, cerca de mis 26 años solo he tenido una experiencia amorosa que me dejó alterado, tengo pocos amigos. Y es cierto, que la vida es mas de calidad sobre cantidad, pero a mis amigos no puedo verlos siempre por diferentes horarios, amorosamente me siento frustrado también porque si puse mis ojos en una persona fue porque provocó algo especial en mi y nomas fue para nada tanto esfuerzo, se que el mundo no se acaba por una persona y se que muchos me diran que esto de las relaciones es de hacerlo en primera, tranquilo, relajado y con la cabeza fria y el corazón bombeando bien. Pero la cuestion es que todo lo hice cuerdamente y con ella que en ese momento fue la única persona que me atraía y pues que mas explicacion? Si fue algo que hice con el corazón y al no haber nadie mas en mi vida, la considere la dirección correcta a seguir. Ya estoy sonando despechado otra vez, pero esque en verdad, es tal la frustración que tengo. Mi vida siempre ha sido algo solitaria y no porque yo quiera si no porque la gente se aleja de mi principalmente por diferencias y esta bien, pero siento que a mi me sucede muy seguido.

El punto de este post es que quiero que me ayuden a saber que hacer por las mañanas que tengo libre para conocer gente, amigos y mujeres, pues en si los lugares que frecuento ya son de por sidemasiado públicos pero aun así es muy poca la gente con la que convivo y mas especifico mujeres que despierten en mi interes. No soy muy partidario de las relaciones casuales, en verdad idealizo conocer a alguien y durar toda la vida juntos.",https://www.reddit.com/r/guatemala/comments/1rd6439/que_hacer_por_las_ma%C3%B1anas/,post,cultural_signals,"muchos me diran que esto de las relaciones es de hacerlo en primera, tranquilo, relajado y con la cabeza fria y el corazón bombeando bien",1,Norms and Morals,,,
Spanish,1rd6439,"Que hacer por las mañanas?

Hola marita de reddit.

Les cuento, actualmente ando pasando por un proceso de desapego típico de nuestra sociedad actual de tanta gente inestable que da cabida en tener una relacion amorosa sin quererlo realmente. Si quieren más contexto pueden ver en mi perfil en los post recientes de ""no puedo"" y ""podre volvar a amar?"" donde me desahogue mas a detalle a cerca de lo que estoy pasando.

Ahora si les da weba buscar y leer eso, el contexto rapido es que conocí a una maje ""especial"" en un viaje subiendo un volcan y por dejarme llevar por el momento me enganche de que era la persona ideal en mi vida y me fui de lleno a intentar tener una relacion formal con ella. Lo que terminó mal porque ella no sabia lo que queria y no supo hacermelo saber de una forma mas madura mas alla de ser cortante de repente y dejar de hablarme de un momento a otro.

Todo esto ya lo escribo con menos cortisol y oxitocina, que si leen los post que les digo se darán cuenta del contraste en mi forma de escribir.

Y pues bien teniendo esto en cuenta, todo este trauma por el que estoy pasando se debe a que en realidad no conozco a mucha gente. Tuve que salir de la ciudad para tener menos presión, mas libertad de hablar con alguien, aunque realmente no fuí a eso, fue algo que sucedio por casualidad pero equivocamente al yo no tener experiencia previa en relaciones confundi todo con amor e interes genuino.

Pero hoy lo que estoy buscando es que me recomienden lugares para conocer gente por las mañanas.

Les cuento que tengo las mañanas libres usualmente, empiezo a trabajar al medio dia y salgo de noche y pues solo tengo 1 dia libre a la semana lo que dificulta un poco mis horarios para quedar con alguien. Y la cuestión es que tampoco soy uno de esos manes que no salen de la casa como para decir que no logro hacer amigos ni ligues porque ""no me buscan a mi"".

Asisto a la iglesia, voy al gym, salgo a parques y viajo y aun así la gente con la que conecto es muy poca.

No me considero alguien complicado pero si alguien a quien le cuesta encontrar gente con quien congeniar genuinamente, no suelo ser tan tímido, ni serio. Pero siento que la gente me considera orgulloso porque soy poco expresivo pero no es por nada de eso! Otra cosa, si soy alguien que tiene ciertos gustos niche, pero no me considero especial ni único por eso.

La verdad ya empecé a sentirme solo y frustrado, ansioso que la vida se me va pasando y hasta ahora, cerca de mis 26 años solo he tenido una experiencia amorosa que me dejó alterado, tengo pocos amigos. Y es cierto, que la vida es mas de calidad sobre cantidad, pero a mis amigos no puedo verlos siempre por diferentes horarios, amorosamente me siento frustrado también porque si puse mis ojos en una persona fue porque provocó algo especial en mi y nomas fue para nada tanto esfuerzo, se que el mundo no se acaba por una persona y se que muchos me diran que esto de las relaciones es de hacerlo en primera, tranquilo, relajado y con la cabeza fria y el corazón bombeando bien. Pero la cuestion es que todo lo hice cuerdamente y con ella que en ese momento fue la única persona que me atraía y pues que mas explicacion? Si fue algo que hice con el corazón y al no haber nadie mas en mi vida, la considere la dirección correcta a seguir. Ya estoy sonando despechado otra vez, pero esque en verdad, es tal la frustración que tengo. Mi vida siempre ha sido algo solitaria y no porque yo quiera si no porque la gente se aleja de mi principalmente por diferencias y esta bien, pero siento que a mi me sucede muy seguido.

El punto de este post es que quiero que me ayuden a saber que hacer por las mañanas que tengo libre para conocer gente, amigos y mujeres, pues en si los lugares que frecuento ya son de por sidemasiado públicos pero aun así es muy poca la gente con la que convivo y mas especifico mujeres que despierten en mi interes. No soy muy partidario de las relaciones casuales, en verdad idealizo conocer a alguien y durar toda la vida juntos.",https://www.reddit.com/r/guatemala/comments/1rd6439/que_hacer_por_las_ma%C3%B1anas/,post,cultural_signals,"Asisto a la iglesia, voy al gym, salgo a parques y viajo",1,Demographics,,,
Spanish,1rd6439,"Que hacer por las mañanas?

Hola marita de reddit.

Les cuento, actualmente ando pasando por un proceso de desapego típico de nuestra sociedad actual de tanta gente inestable que da cabida en tener una relacion amorosa sin quererlo realmente. Si quieren más contexto pueden ver en mi perfil en los post recientes de ""no puedo"" y ""podre volvar a amar?"" donde me desahogue mas a detalle a cerca de lo que estoy pasando.

Ahora si les da weba buscar y leer eso, el contexto rapido es que conocí a una maje ""especial"" en un viaje subiendo un volcan y por dejarme llevar por el momento me enganche de que era la persona ideal en mi vida y me fui de lleno a intentar tener una relacion formal con ella. Lo que terminó mal porque ella no sabia lo que queria y no supo hacermelo saber de una forma mas madura mas alla de ser cortante de repente y dejar de hablarme de un momento a otro.

Todo esto ya lo escribo con menos cortisol y oxitocina, que si leen los post que les digo se darán cuenta del contraste en mi forma de escribir.

Y pues bien teniendo esto en cuenta, todo este trauma por el que estoy pasando se debe a que en realidad no conozco a mucha gente. Tuve que salir de la ciudad para tener menos presión, mas libertad de hablar con alguien, aunque realmente no fuí a eso, fue algo que sucedio por casualidad pero equivocamente al yo no tener experiencia previa en relaciones confundi todo con amor e interes genuino.

Pero hoy lo que estoy buscando es que me recomienden lugares para conocer gente por las mañanas.

Les cuento que tengo las mañanas libres usualmente, empiezo a trabajar al medio dia y salgo de noche y pues solo tengo 1 dia libre a la semana lo que dificulta un poco mis horarios para quedar con alguien. Y la cuestión es que tampoco soy uno de esos manes que no salen de la casa como para decir que no logro hacer amigos ni ligues porque ""no me buscan a mi"".

Asisto a la iglesia, voy al gym, salgo a parques y viajo y aun así la gente con la que conecto es muy poca.

No me considero alguien complicado pero si alguien a quien le cuesta encontrar gente con quien congeniar genuinamente, no suelo ser tan tímido, ni serio. Pero siento que la gente me considera orgulloso porque soy poco expresivo pero no es por nada de eso! Otra cosa, si soy alguien que tiene ciertos gustos niche, pero no me considero especial ni único por eso.

La verdad ya empecé a sentirme solo y frustrado, ansioso que la vida se me va pasando y hasta ahora, cerca de mis 26 años solo he tenido una experiencia amorosa que me dejó alterado, tengo pocos amigos. Y es cierto, que la vida es mas de calidad sobre cantidad, pero a mis amigos no puedo verlos siempre por diferentes horarios, amorosamente me siento frustrado también porque si puse mis ojos en una persona fue porque provocó algo especial en mi y nomas fue para nada tanto esfuerzo, se que el mundo no se acaba por una persona y se que muchos me diran que esto de las relaciones es de hacerlo en primera, tranquilo, relajado y con la cabeza fria y el corazón bombeando bien. Pero la cuestion es que todo lo hice cuerdamente y con ella que en ese momento fue la única persona que me atraía y pues que mas explicacion? Si fue algo que hice con el corazón y al no haber nadie mas en mi vida, la considere la dirección correcta a seguir. Ya estoy sonando despechado otra vez, pero esque en verdad, es tal la frustración que tengo. Mi vida siempre ha sido algo solitaria y no porque yo quiera si no porque la gente se aleja de mi principalmente por diferencias y esta bien, pero siento que a mi me sucede muy seguido.

El punto de este post es que quiero que me ayuden a saber que hacer por las mañanas que tengo libre para conocer gente, amigos y mujeres, pues en si los lugares que frecuento ya son de por sidemasiado públicos pero aun así es muy poca la gente con la que convivo y mas especifico mujeres que despierten en mi interes. No soy muy partidario de las relaciones casuales, en verdad idealizo conocer a alguien y durar toda la vida juntos.",https://www.reddit.com/r/guatemala/comments/1rd6439/que_hacer_por_las_ma%C3%B1anas/,response,emotional_support,"Ya soltá eso, en serio, no te define una negativa y no necesitas justificar nada, claro, todos tenemos nuestros errores y limitaciones",3,,,Providing Suggestions,
Spanish,1rd6439,"Que hacer por las mañanas?

Hola marita de reddit.

Les cuento, actualmente ando pasando por un proceso de desapego típico de nuestra sociedad actual de tanta gente inestable que da cabida en tener una relacion amorosa sin quererlo realmente. Si quieren más contexto pueden ver en mi perfil en los post recientes de ""no puedo"" y ""podre volvar a amar?"" donde me desahogue mas a detalle a cerca de lo que estoy pasando.

Ahora si les da weba buscar y leer eso, el contexto rapido es que conocí a una maje ""especial"" en un viaje subiendo un volcan y por dejarme llevar por el momento me enganche de que era la persona ideal en mi vida y me fui de lleno a intentar tener una relacion formal con ella. Lo que terminó mal porque ella no sabia lo que queria y no supo hacermelo saber de una forma mas madura mas alla de ser cortante de repente y dejar de hablarme de un momento a otro.

Todo esto ya lo escribo con menos cortisol y oxitocina, que si leen los post que les digo se darán cuenta del contraste en mi forma de escribir.

Y pues bien teniendo esto en cuenta, todo este trauma por el que estoy pasando se debe a que en realidad no conozco a mucha gente. Tuve que salir de la ciudad para tener menos presión, mas libertad de hablar con alguien, aunque realmente no fuí a eso, fue algo que sucedio por casualidad pero equivocamente al yo no tener experiencia previa en relaciones confundi todo con amor e interes genuino.

Pero hoy lo que estoy buscando es que me recomienden lugares para conocer gente por las mañanas.

Les cuento que tengo las mañanas libres usualmente, empiezo a trabajar al medio dia y salgo de noche y pues solo tengo 1 dia libre a la semana lo que dificulta un poco mis horarios para quedar con alguien. Y la cuestión es que tampoco soy uno de esos manes que no salen de la casa como para decir que no logro hacer amigos ni ligues porque ""no me buscan a mi"".

Asisto a la iglesia, voy al gym, salgo a parques y viajo y aun así la gente con la que conecto es muy poca.

No me considero alguien complicado pero si alguien a quien le cuesta encontrar gente con quien congeniar genuinamente, no suelo ser tan tímido, ni serio. Pero siento que la gente me considera orgulloso porque soy poco expresivo pero no es por nada de eso! Otra cosa, si soy alguien que tiene ciertos gustos niche, pero no me considero especial ni único por eso.

La verdad ya empecé a sentirme solo y frustrado, ansioso que la vida se me va pasando y hasta ahora, cerca de mis 26 años solo he tenido una experiencia amorosa que me dejó alterado, tengo pocos amigos. Y es cierto, que la vida es mas de calidad sobre cantidad, pero a mis amigos no puedo verlos siempre por diferentes horarios, amorosamente me siento frustrado también porque si puse mis ojos en una persona fue porque provocó algo especial en mi y nomas fue para nada tanto esfuerzo, se que el mundo no se acaba por una persona y se que muchos me diran que esto de las relaciones es de hacerlo en primera, tranquilo, relajado y con la cabeza fria y el corazón bombeando bien. Pero la cuestion es que todo lo hice cuerdamente y con ella que en ese momento fue la única persona que me atraía y pues que mas explicacion? Si fue algo que hice con el corazón y al no haber nadie mas en mi vida, la considere la dirección correcta a seguir. Ya estoy sonando despechado otra vez, pero esque en verdad, es tal la frustración que tengo. Mi vida siempre ha sido algo solitaria y no porque yo quiera si no porque la gente se aleja de mi principalmente por diferencias y esta bien, pero siento que a mi me sucede muy seguido.

El punto de este post es que quiero que me ayuden a saber que hacer por las mañanas que tengo libre para conocer gente, amigos y mujeres, pues en si los lugares que frecuento ya son de por sidemasiado públicos pero aun así es muy poca la gente con la que convivo y mas especifico mujeres que despierten en mi interes. No soy muy partidario de las relaciones casuales, en verdad idealizo conocer a alguien y durar toda la vida juntos.",https://www.reddit.com/r/guatemala/comments/1rd6439/que_hacer_por_las_ma%C3%B1anas/,response,cultural_signals,tu postura es porque todavía te hace ruido el tema de la chava que mencionas.,1,Languange,,,
Spanish,1rd6439,"Que hacer por las mañanas?

Hola marita de reddit.

Les cuento, actualmente ando pasando por un proceso de desapego típico de nuestra sociedad actual de tanta gente inestable que da cabida en tener una relacion amorosa sin quererlo realmente. Si quieren más contexto pueden ver en mi perfil en los post recientes de ""no puedo"" y ""podre volvar a amar?"" donde me desahogue mas a detalle a cerca de lo que estoy pasando.

Ahora si les da weba buscar y leer eso, el contexto rapido es que conocí a una maje ""especial"" en un viaje subiendo un volcan y por dejarme llevar por el momento me enganche de que era la persona ideal en mi vida y me fui de lleno a intentar tener una relacion formal con ella. Lo que terminó mal porque ella no sabia lo que queria y no supo hacermelo saber de una forma mas madura mas alla de ser cortante de repente y dejar de hablarme de un momento a otro.

Todo esto ya lo escribo con menos cortisol y oxitocina, que si leen los post que les digo se darán cuenta del contraste en mi forma de escribir.

Y pues bien teniendo esto en cuenta, todo este trauma por el que estoy pasando se debe a que en realidad no conozco a mucha gente. Tuve que salir de la ciudad para tener menos presión, mas libertad de hablar con alguien, aunque realmente no fuí a eso, fue algo que sucedio por casualidad pero equivocamente al yo no tener experiencia previa en relaciones confundi todo con amor e interes genuino.

Pero hoy lo que estoy buscando es que me recomienden lugares para conocer gente por las mañanas.

Les cuento que tengo las mañanas libres usualmente, empiezo a trabajar al medio dia y salgo de noche y pues solo tengo 1 dia libre a la semana lo que dificulta un poco mis horarios para quedar con alguien. Y la cuestión es que tampoco soy uno de esos manes que no salen de la casa como para decir que no logro hacer amigos ni ligues porque ""no me buscan a mi"".

Asisto a la iglesia, voy al gym, salgo a parques y viajo y aun así la gente con la que conecto es muy poca.

No me considero alguien complicado pero si alguien a quien le cuesta encontrar gente con quien congeniar genuinamente, no suelo ser tan tímido, ni serio. Pero siento que la gente me considera orgulloso porque soy poco expresivo pero no es por nada de eso! Otra cosa, si soy alguien que tiene ciertos gustos niche, pero no me considero especial ni único por eso.

La verdad ya empecé a sentirme solo y frustrado, ansioso que la vida se me va pasando y hasta ahora, cerca de mis 26 años solo he tenido una experiencia amorosa que me dejó alterado, tengo pocos amigos. Y es cierto, que la vida es mas de calidad sobre cantidad, pero a mis amigos no puedo verlos siempre por diferentes horarios, amorosamente me siento frustrado también porque si puse mis ojos en una persona fue porque provocó algo especial en mi y nomas fue para nada tanto esfuerzo, se que el mundo no se acaba por una persona y se que muchos me diran que esto de las relaciones es de hacerlo en primera, tranquilo, relajado y con la cabeza fria y el corazón bombeando bien. Pero la cuestion es que todo lo hice cuerdamente y con ella que en ese momento fue la única persona que me atraía y pues que mas explicacion? Si fue algo que hice con el corazón y al no haber nadie mas en mi vida, la considere la dirección correcta a seguir. Ya estoy sonando despechado otra vez, pero esque en verdad, es tal la frustración que tengo. Mi vida siempre ha sido algo solitaria y no porque yo quiera si no porque la gente se aleja de mi principalmente por diferencias y esta bien, pero siento que a mi me sucede muy seguido.

El punto de este post es que quiero que me ayuden a saber que hacer por las mañanas que tengo libre para conocer gente, amigos y mujeres, pues en si los lugares que frecuento ya son de por sidemasiado públicos pero aun así es muy poca la gente con la que convivo y mas especifico mujeres que despierten en mi interes. No soy muy partidario de las relaciones casuales, en verdad idealizo conocer a alguien y durar toda la vida juntos.",https://www.reddit.com/r/guatemala/comments/1rd6439/que_hacer_por_las_ma%C3%B1anas/,response,emotional_support,"Cuidado con buscar ruido para ""resolver"" el rechazo anterior; nah acá solo busca conocer más gente si es para ir y ver qué pasa, nada de expectativas altas o para ""llegar a algo"", si es así y de verdad quieres darte chance de ver qué sucede ahí vas bien.",3,,,Providing Suggestions,
Spanish,1rd6439,"Que hacer por las mañanas?

Hola marita de reddit.

Les cuento, actualmente ando pasando por un proceso de desapego típico de nuestra sociedad actual de tanta gente inestable que da cabida en tener una relacion amorosa sin quererlo realmente. Si quieren más contexto pueden ver en mi perfil en los post recientes de ""no puedo"" y ""podre volvar a amar?"" donde me desahogue mas a detalle a cerca de lo que estoy pasando.

Ahora si les da weba buscar y leer eso, el contexto rapido es que conocí a una maje ""especial"" en un viaje subiendo un volcan y por dejarme llevar por el momento me enganche de que era la persona ideal en mi vida y me fui de lleno a intentar tener una relacion formal con ella. Lo que terminó mal porque ella no sabia lo que queria y no supo hacermelo saber de una forma mas madura mas alla de ser cortante de repente y dejar de hablarme de un momento a otro.

Todo esto ya lo escribo con menos cortisol y oxitocina, que si leen los post que les digo se darán cuenta del contraste en mi forma de escribir.

Y pues bien teniendo esto en cuenta, todo este trauma por el que estoy pasando se debe a que en realidad no conozco a mucha gente. Tuve que salir de la ciudad para tener menos presión, mas libertad de hablar con alguien, aunque realmente no fuí a eso, fue algo que sucedio por casualidad pero equivocamente al yo no tener experiencia previa en relaciones confundi todo con amor e interes genuino.

Pero hoy lo que estoy buscando es que me recomienden lugares para conocer gente por las mañanas.

Les cuento que tengo las mañanas libres usualmente, empiezo a trabajar al medio dia y salgo de noche y pues solo tengo 1 dia libre a la semana lo que dificulta un poco mis horarios para quedar con alguien. Y la cuestión es que tampoco soy uno de esos manes que no salen de la casa como para decir que no logro hacer amigos ni ligues porque ""no me buscan a mi"".

Asisto a la iglesia, voy al gym, salgo a parques y viajo y aun así la gente con la que conecto es muy poca.

No me considero alguien complicado pero si alguien a quien le cuesta encontrar gente con quien congeniar genuinamente, no suelo ser tan tímido, ni serio. Pero siento que la gente me considera orgulloso porque soy poco expresivo pero no es por nada de eso! Otra cosa, si soy alguien que tiene ciertos gustos niche, pero no me considero especial ni único por eso.

La verdad ya empecé a sentirme solo y frustrado, ansioso que la vida se me va pasando y hasta ahora, cerca de mis 26 años solo he tenido una experiencia amorosa que me dejó alterado, tengo pocos amigos. Y es cierto, que la vida es mas de calidad sobre cantidad, pero a mis amigos no puedo verlos siempre por diferentes horarios, amorosamente me siento frustrado también porque si puse mis ojos en una persona fue porque provocó algo especial en mi y nomas fue para nada tanto esfuerzo, se que el mundo no se acaba por una persona y se que muchos me diran que esto de las relaciones es de hacerlo en primera, tranquilo, relajado y con la cabeza fria y el corazón bombeando bien. Pero la cuestion es que todo lo hice cuerdamente y con ella que en ese momento fue la única persona que me atraía y pues que mas explicacion? Si fue algo que hice con el corazón y al no haber nadie mas en mi vida, la considere la dirección correcta a seguir. Ya estoy sonando despechado otra vez, pero esque en verdad, es tal la frustración que tengo. Mi vida siempre ha sido algo solitaria y no porque yo quiera si no porque la gente se aleja de mi principalmente por diferencias y esta bien, pero siento que a mi me sucede muy seguido.

El punto de este post es que quiero que me ayuden a saber que hacer por las mañanas que tengo libre para conocer gente, amigos y mujeres, pues en si los lugares que frecuento ya son de por sidemasiado públicos pero aun así es muy poca la gente con la que convivo y mas especifico mujeres que despierten en mi interes. No soy muy partidario de las relaciones casuales, en verdad idealizo conocer a alguien y durar toda la vida juntos.",https://www.reddit.com/r/guatemala/comments/1rd6439/que_hacer_por_las_ma%C3%B1anas/,response,emotional_support,"Y dale, estás joven, tampoco te tortures por eso. La premura rara vez lleva a algo.",3,,,Affirmation and Reassurance,
Spanish,1rd6439,"Que hacer por las mañanas?

Hola marita de reddit.

Les cuento, actualmente ando pasando por un proceso de desapego típico de nuestra sociedad actual de tanta gente inestable que da cabida en tener una relacion amorosa sin quererlo realmente. Si quieren más contexto pueden ver en mi perfil en los post recientes de ""no puedo"" y ""podre volvar a amar?"" donde me desahogue mas a detalle a cerca de lo que estoy pasando.

Ahora si les da weba buscar y leer eso, el contexto rapido es que conocí a una maje ""especial"" en un viaje subiendo un volcan y por dejarme llevar por el momento me enganche de que era la persona ideal en mi vida y me fui de lleno a intentar tener una relacion formal con ella. Lo que terminó mal porque ella no sabia lo que queria y no supo hacermelo saber de una forma mas madura mas alla de ser cortante de repente y dejar de hablarme de un momento a otro.

Todo esto ya lo escribo con menos cortisol y oxitocina, que si leen los post que les digo se darán cuenta del contraste en mi forma de escribir.

Y pues bien teniendo esto en cuenta, todo este trauma por el que estoy pasando se debe a que en realidad no conozco a mucha gente. Tuve que salir de la ciudad para tener menos presión, mas libertad de hablar con alguien, aunque realmente no fuí a eso, fue algo que sucedio por casualidad pero equivocamente al yo no tener experiencia previa en relaciones confundi todo con amor e interes genuino.

Pero hoy lo que estoy buscando es que me recomienden lugares para conocer gente por las mañanas.

Les cuento que tengo las mañanas libres usualmente, empiezo a trabajar al medio dia y salgo de noche y pues solo tengo 1 dia libre a la semana lo que dificulta un poco mis horarios para quedar con alguien. Y la cuestión es que tampoco soy uno de esos manes que no salen de la casa como para decir que no logro hacer amigos ni ligues porque ""no me buscan a mi"".

Asisto a la iglesia, voy al gym, salgo a parques y viajo y aun así la gente con la que conecto es muy poca.

No me considero alguien complicado pero si alguien a quien le cuesta encontrar gente con quien congeniar genuinamente, no suelo ser tan tímido, ni serio. Pero siento que la gente me considera orgulloso porque soy poco expresivo pero no es por nada de eso! Otra cosa, si soy alguien que tiene ciertos gustos niche, pero no me considero especial ni único por eso.

La verdad ya empecé a sentirme solo y frustrado, ansioso que la vida se me va pasando y hasta ahora, cerca de mis 26 años solo he tenido una experiencia amorosa que me dejó alterado, tengo pocos amigos. Y es cierto, que la vida es mas de calidad sobre cantidad, pero a mis amigos no puedo verlos siempre por diferentes horarios, amorosamente me siento frustrado también porque si puse mis ojos en una persona fue porque provocó algo especial en mi y nomas fue para nada tanto esfuerzo, se que el mundo no se acaba por una persona y se que muchos me diran que esto de las relaciones es de hacerlo en primera, tranquilo, relajado y con la cabeza fria y el corazón bombeando bien. Pero la cuestion es que todo lo hice cuerdamente y con ella que en ese momento fue la única persona que me atraía y pues que mas explicacion? Si fue algo que hice con el corazón y al no haber nadie mas en mi vida, la considere la dirección correcta a seguir. Ya estoy sonando despechado otra vez, pero esque en verdad, es tal la frustración que tengo. Mi vida siempre ha sido algo solitaria y no porque yo quiera si no porque la gente se aleja de mi principalmente por diferencias y esta bien, pero siento que a mi me sucede muy seguido.

El punto de este post es que quiero que me ayuden a saber que hacer por las mañanas que tengo libre para conocer gente, amigos y mujeres, pues en si los lugares que frecuento ya son de por sidemasiado públicos pero aun así es muy poca la gente con la que convivo y mas especifico mujeres que despierten en mi interes. No soy muy partidario de las relaciones casuales, en verdad idealizo conocer a alguien y durar toda la vida juntos.",https://www.reddit.com/r/guatemala/comments/1rd6439/que_hacer_por_las_ma%C3%B1anas/,response,emphaty_score,,0,,,,2 (slightly empathetic)
Spanish,1kjr4fc,"A mi mejor amigo se lo llevo la depresión 
A mi mejor amigo se lo llevo la depresión en diciembre del 2024 

Soy un venezolano mas en bogota, mi mejor amigo era de aqui 

El era la unica persona a la que le podia contar culaquier cosa y el tambien a mi 

Se que estaba mal, me lo decia, su familia era una porqueria, lo explotaban, el se tenia que encargar de su papa, mama y hermano teniendo apenas 23 años 

Todos eran una mano de mantenidos por el, el les solucionaba todo siempre 

No quise ir a su funeral por que no los queria topar por ser tan mala gente 

En otras noticias me siento bastante solo, alguien ya ha pasado por algo asi? Como lo manejan?",https://www.reddit.com/r/Colombia/comments/1kjr4fc/a_mi_mejor_amigo_se_lo_llevo_la_depresi%C3%B3n/,post,cultural_signals,"Se que estaba mal, me lo decia, su familia era una porqueria, lo explotaban, el se tenia que encargar de su papa, mama y hermano teniendo apenas 23 años",1,Norms and Morals,,,
Spanish,1kjr4fc,"A mi mejor amigo se lo llevo la depresión 
A mi mejor amigo se lo llevo la depresión en diciembre del 2024 

Soy un venezolano mas en bogota, mi mejor amigo era de aqui 

El era la unica persona a la que le podia contar culaquier cosa y el tambien a mi 

Se que estaba mal, me lo decia, su familia era una porqueria, lo explotaban, el se tenia que encargar de su papa, mama y hermano teniendo apenas 23 años 

Todos eran una mano de mantenidos por el, el les solucionaba todo siempre 

No quise ir a su funeral por que no los queria topar por ser tan mala gente 

En otras noticias me siento bastante solo, alguien ya ha pasado por algo asi? Como lo manejan?",https://www.reddit.com/r/Colombia/comments/1kjr4fc/a_mi_mejor_amigo_se_lo_llevo_la_depresi%C3%B3n/,post,emotional_distress,"En otras noticias me siento bastante solo,",2,,light,,
Spanish,1kjr4fc,"A mi mejor amigo se lo llevo la depresión 
A mi mejor amigo se lo llevo la depresión en diciembre del 2024 

Soy un venezolano mas en bogota, mi mejor amigo era de aqui 

El era la unica persona a la que le podia contar culaquier cosa y el tambien a mi 

Se que estaba mal, me lo decia, su familia era una porqueria, lo explotaban, el se tenia que encargar de su papa, mama y hermano teniendo apenas 23 años 

Todos eran una mano de mantenidos por el, el les solucionaba todo siempre 

No quise ir a su funeral por que no los queria topar por ser tan mala gente 

En otras noticias me siento bastante solo, alguien ya ha pasado por algo asi? Como lo manejan?",https://www.reddit.com/r/Colombia/comments/1kjr4fc/a_mi_mejor_amigo_se_lo_llevo_la_depresi%C3%B3n/,response,emotional_support,"pero hablé con él, de lo digo porque yo sufrí la pérdida de mi abuelo y era la persona más importante en mi vida y no hice un duelo y sufrí mucha depresión ansiedad y soledad durante casi 2 años",3,,,Self-disclosure,
Spanish,1kjr4fc,"A mi mejor amigo se lo llevo la depresión 
A mi mejor amigo se lo llevo la depresión en diciembre del 2024 

Soy un venezolano mas en bogota, mi mejor amigo era de aqui 

El era la unica persona a la que le podia contar culaquier cosa y el tambien a mi 

Se que estaba mal, me lo decia, su familia era una porqueria, lo explotaban, el se tenia que encargar de su papa, mama y hermano teniendo apenas 23 años 

Todos eran una mano de mantenidos por el, el les solucionaba todo siempre 

No quise ir a su funeral por que no los queria topar por ser tan mala gente 

En otras noticias me siento bastante solo, alguien ya ha pasado por algo asi? Como lo manejan?",https://www.reddit.com/r/Colombia/comments/1kjr4fc/a_mi_mejor_amigo_se_lo_llevo_la_depresi%C3%B3n/,response,cultural_signals,llevar un duelo es muy sanador y necesario,1,Values,,,
Spanish,1kjr4fc,"A mi mejor amigo se lo llevo la depresión 
A mi mejor amigo se lo llevo la depresión en diciembre del 2024 

Soy un venezolano mas en bogota, mi mejor amigo era de aqui 

El era la unica persona a la que le podia contar culaquier cosa y el tambien a mi 

Se que estaba mal, me lo decia, su familia era una porqueria, lo explotaban, el se tenia que encargar de su papa, mama y hermano teniendo apenas 23 años 

Todos eran una mano de mantenidos por el, el les solucionaba todo siempre 

No quise ir a su funeral por que no los queria topar por ser tan mala gente 

En otras noticias me siento bastante solo, alguien ya ha pasado por algo asi? Como lo manejan?",https://www.reddit.com/r/Colombia/comments/1kjr4fc/a_mi_mejor_amigo_se_lo_llevo_la_depresi%C3%B3n/,response,emotional_support,si se siente solo busque un lugar o cosa que le guste y vaya donde lo hagan más personas así puede conocer personas y hablar,3,,,Providing Suggestions,
Spanish,1kjr4fc,"A mi mejor amigo se lo llevo la depresión 
A mi mejor amigo se lo llevo la depresión en diciembre del 2024 

Soy un venezolano mas en bogota, mi mejor amigo era de aqui 

El era la unica persona a la que le podia contar culaquier cosa y el tambien a mi 

Se que estaba mal, me lo decia, su familia era una porqueria, lo explotaban, el se tenia que encargar de su papa, mama y hermano teniendo apenas 23 años 

Todos eran una mano de mantenidos por el, el les solucionaba todo siempre 

No quise ir a su funeral por que no los queria topar por ser tan mala gente 

En otras noticias me siento bastante solo, alguien ya ha pasado por algo asi? Como lo manejan?",https://www.reddit.com/r/Colombia/comments/1kjr4fc/a_mi_mejor_amigo_se_lo_llevo_la_depresi%C3%B3n/,response,emphaty_score,,0,,,,3 (moderately empathetic)
Spanish,10ra4rh,"Estoy triste, mi mamá está perdiendo la memoria
Hace un rato la fui a ver a la casa porque me preparó unas milanesas para que me lleve, y me dijo te amo sabés? no te olvides, yo no me olvido de vos.

Ah, me partió el corazón.

2 años atrás se cayó y le descubrieron que tenía liquido acumulado en el cerebro, a raíz de eso es que venía teniendo problemas de memoria, para caminar y para manejar cuentas sencillas, se confundía un billete de 1000 con uno de 10 pesos, por poner un ejemplo. Eso le generó un deterioro cognitivo moderado, muchas neuronas se le apagaron y como todo, es progresivo. Últimamente se olvida más de las cosas o las confunde, a veces me mira y se la nota perdida, o pregunta 3-4 veces lo mismo de forma seguida.

Llegué hace unos momentos, vive cerca. me servi una medida de whiskey y puse ACDC, mi mujer me preguntó si todo bien y le dije que si, pero la verdad es que tengo ganas de ponerme a llorar.

Si el post queda fuera de lugar y lo quieren borrar no pasa nada, solo quería desahogarme.",https://www.reddit.com/r/argentina/comments/10ra4rh/estoy_triste_mi_mam%C3%A1_est%C3%A1_perdiendo_la_memoria/,post,cultural_signals,"Hace un rato la fui a ver a la casa porque me preparó unas milanesas para que me lleve,",1,Artifacts,,,
Spanish,10ra4rh,"Estoy triste, mi mamá está perdiendo la memoria
Hace un rato la fui a ver a la casa porque me preparó unas milanesas para que me lleve, y me dijo te amo sabés? no te olvides, yo no me olvido de vos.

Ah, me partió el corazón.

2 años atrás se cayó y le descubrieron que tenía liquido acumulado en el cerebro, a raíz de eso es que venía teniendo problemas de memoria, para caminar y para manejar cuentas sencillas, se confundía un billete de 1000 con uno de 10 pesos, por poner un ejemplo. Eso le generó un deterioro cognitivo moderado, muchas neuronas se le apagaron y como todo, es progresivo. Últimamente se olvida más de las cosas o las confunde, a veces me mira y se la nota perdida, o pregunta 3-4 veces lo mismo de forma seguida.

Llegué hace unos momentos, vive cerca. me servi una medida de whiskey y puse ACDC, mi mujer me preguntó si todo bien y le dije que si, pero la verdad es que tengo ganas de ponerme a llorar.

Si el post queda fuera de lugar y lo quieren borrar no pasa nada, solo quería desahogarme.",https://www.reddit.com/r/argentina/comments/10ra4rh/estoy_triste_mi_mam%C3%A1_est%C3%A1_perdiendo_la_memoria/,post,emotional_distress,"Ah, me partió el corazón.",2,,moderate,,
Spanish,10ra4rh,"Estoy triste, mi mamá está perdiendo la memoria
Hace un rato la fui a ver a la casa porque me preparó unas milanesas para que me lleve, y me dijo te amo sabés? no te olvides, yo no me olvido de vos.

Ah, me partió el corazón.

2 años atrás se cayó y le descubrieron que tenía liquido acumulado en el cerebro, a raíz de eso es que venía teniendo problemas de memoria, para caminar y para manejar cuentas sencillas, se confundía un billete de 1000 con uno de 10 pesos, por poner un ejemplo. Eso le generó un deterioro cognitivo moderado, muchas neuronas se le apagaron y como todo, es progresivo. Últimamente se olvida más de las cosas o las confunde, a veces me mira y se la nota perdida, o pregunta 3-4 veces lo mismo de forma seguida.

Llegué hace unos momentos, vive cerca. me servi una medida de whiskey y puse ACDC, mi mujer me preguntó si todo bien y le dije que si, pero la verdad es que tengo ganas de ponerme a llorar.

Si el post queda fuera de lugar y lo quieren borrar no pasa nada, solo quería desahogarme.",https://www.reddit.com/r/argentina/comments/10ra4rh/estoy_triste_mi_mam%C3%A1_est%C3%A1_perdiendo_la_memoria/,post,cultural_signals,"le descubrieron que tenía liquido acumulado en el cerebro, a raíz de eso es que venía teniendo problemas de memoria, para caminar y para manejar cuentas sencillas, se confundía un billete de 1000 con uno de 10 pesos

",1,Knowledge,,,
Spanish,10ra4rh,"Estoy triste, mi mamá está perdiendo la memoria
Hace un rato la fui a ver a la casa porque me preparó unas milanesas para que me lleve, y me dijo te amo sabés? no te olvides, yo no me olvido de vos.

Ah, me partió el corazón.

2 años atrás se cayó y le descubrieron que tenía liquido acumulado en el cerebro, a raíz de eso es que venía teniendo problemas de memoria, para caminar y para manejar cuentas sencillas, se confundía un billete de 1000 con uno de 10 pesos, por poner un ejemplo. Eso le generó un deterioro cognitivo moderado, muchas neuronas se le apagaron y como todo, es progresivo. Últimamente se olvida más de las cosas o las confunde, a veces me mira y se la nota perdida, o pregunta 3-4 veces lo mismo de forma seguida.

Llegué hace unos momentos, vive cerca. me servi una medida de whiskey y puse ACDC, mi mujer me preguntó si todo bien y le dije que si, pero la verdad es que tengo ganas de ponerme a llorar.

Si el post queda fuera de lugar y lo quieren borrar no pasa nada, solo quería desahogarme.",https://www.reddit.com/r/argentina/comments/10ra4rh/estoy_triste_mi_mam%C3%A1_est%C3%A1_perdiendo_la_memoria/,post,emotional_distress,"mi mujer me preguntó si todo bien y le dije que si, pero la verdad es que tengo ganas de ponerme a llorar.",2,,high,,
Spanish,10ra4rh,"Estoy triste, mi mamá está perdiendo la memoria
Hace un rato la fui a ver a la casa porque me preparó unas milanesas para que me lleve, y me dijo te amo sabés? no te olvides, yo no me olvido de vos.

Ah, me partió el corazón.

2 años atrás se cayó y le descubrieron que tenía liquido acumulado en el cerebro, a raíz de eso es que venía teniendo problemas de memoria, para caminar y para manejar cuentas sencillas, se confundía un billete de 1000 con uno de 10 pesos, por poner un ejemplo. Eso le generó un deterioro cognitivo moderado, muchas neuronas se le apagaron y como todo, es progresivo. Últimamente se olvida más de las cosas o las confunde, a veces me mira y se la nota perdida, o pregunta 3-4 veces lo mismo de forma seguida.

Llegué hace unos momentos, vive cerca. me servi una medida de whiskey y puse ACDC, mi mujer me preguntó si todo bien y le dije que si, pero la verdad es que tengo ganas de ponerme a llorar.

Si el post queda fuera de lugar y lo quieren borrar no pasa nada, solo quería desahogarme.",https://www.reddit.com/r/argentina/comments/10ra4rh/estoy_triste_mi_mam%C3%A1_est%C3%A1_perdiendo_la_memoria/,post,cultural_signals,me servi una medida de whiskey y puse ACDC,1,Demographics,,,
Spanish,10ra4rh,"Estoy triste, mi mamá está perdiendo la memoria
Hace un rato la fui a ver a la casa porque me preparó unas milanesas para que me lleve, y me dijo te amo sabés? no te olvides, yo no me olvido de vos.

Ah, me partió el corazón.

2 años atrás se cayó y le descubrieron que tenía liquido acumulado en el cerebro, a raíz de eso es que venía teniendo problemas de memoria, para caminar y para manejar cuentas sencillas, se confundía un billete de 1000 con uno de 10 pesos, por poner un ejemplo. Eso le generó un deterioro cognitivo moderado, muchas neuronas se le apagaron y como todo, es progresivo. Últimamente se olvida más de las cosas o las confunde, a veces me mira y se la nota perdida, o pregunta 3-4 veces lo mismo de forma seguida.

Llegué hace unos momentos, vive cerca. me servi una medida de whiskey y puse ACDC, mi mujer me preguntó si todo bien y le dije que si, pero la verdad es que tengo ganas de ponerme a llorar.

Si el post queda fuera de lugar y lo quieren borrar no pasa nada, solo quería desahogarme.",https://www.reddit.com/r/argentina/comments/10ra4rh/estoy_triste_mi_mam%C3%A1_est%C3%A1_perdiendo_la_memoria/,response,emotional_support,"Como no estar triste, es una situación horrible",3,,,Restatement or Paraphrasing,
Spanish,10ra4rh,"Estoy triste, mi mamá está perdiendo la memoria
Hace un rato la fui a ver a la casa porque me preparó unas milanesas para que me lleve, y me dijo te amo sabés? no te olvides, yo no me olvido de vos.

Ah, me partió el corazón.

2 años atrás se cayó y le descubrieron que tenía liquido acumulado en el cerebro, a raíz de eso es que venía teniendo problemas de memoria, para caminar y para manejar cuentas sencillas, se confundía un billete de 1000 con uno de 10 pesos, por poner un ejemplo. Eso le generó un deterioro cognitivo moderado, muchas neuronas se le apagaron y como todo, es progresivo. Últimamente se olvida más de las cosas o las confunde, a veces me mira y se la nota perdida, o pregunta 3-4 veces lo mismo de forma seguida.

Llegué hace unos momentos, vive cerca. me servi una medida de whiskey y puse ACDC, mi mujer me preguntó si todo bien y le dije que si, pero la verdad es que tengo ganas de ponerme a llorar.

Si el post queda fuera de lugar y lo quieren borrar no pasa nada, solo quería desahogarme.",https://www.reddit.com/r/argentina/comments/10ra4rh/estoy_triste_mi_mam%C3%A1_est%C3%A1_perdiendo_la_memoria/,response,emotional_support,Lo viví hace muchos años con mi abuela.,3,,,Self-disclosure,
Spanish,10ra4rh,"Estoy triste, mi mamá está perdiendo la memoria
Hace un rato la fui a ver a la casa porque me preparó unas milanesas para que me lleve, y me dijo te amo sabés? no te olvides, yo no me olvido de vos.

Ah, me partió el corazón.

2 años atrás se cayó y le descubrieron que tenía liquido acumulado en el cerebro, a raíz de eso es que venía teniendo problemas de memoria, para caminar y para manejar cuentas sencillas, se confundía un billete de 1000 con uno de 10 pesos, por poner un ejemplo. Eso le generó un deterioro cognitivo moderado, muchas neuronas se le apagaron y como todo, es progresivo. Últimamente se olvida más de las cosas o las confunde, a veces me mira y se la nota perdida, o pregunta 3-4 veces lo mismo de forma seguida.

Llegué hace unos momentos, vive cerca. me servi una medida de whiskey y puse ACDC, mi mujer me preguntó si todo bien y le dije que si, pero la verdad es que tengo ganas de ponerme a llorar.

Si el post queda fuera de lugar y lo quieren borrar no pasa nada, solo quería desahogarme.",https://www.reddit.com/r/argentina/comments/10ra4rh/estoy_triste_mi_mam%C3%A1_est%C3%A1_perdiendo_la_memoria/,response,emotional_support,"Aprovechala, y regalate a vos y a ella memorias. Llevala a morfar afuera, vayan a pasear, llevala de viaje, etc. 
El día de mañana te vas a agradecer haberlo hecho.",3,,,Providing Suggestions,
Spanish,10ra4rh,"Estoy triste, mi mamá está perdiendo la memoria
Hace un rato la fui a ver a la casa porque me preparó unas milanesas para que me lleve, y me dijo te amo sabés? no te olvides, yo no me olvido de vos.

Ah, me partió el corazón.

2 años atrás se cayó y le descubrieron que tenía liquido acumulado en el cerebro, a raíz de eso es que venía teniendo problemas de memoria, para caminar y para manejar cuentas sencillas, se confundía un billete de 1000 con uno de 10 pesos, por poner un ejemplo. Eso le generó un deterioro cognitivo moderado, muchas neuronas se le apagaron y como todo, es progresivo. Últimamente se olvida más de las cosas o las confunde, a veces me mira y se la nota perdida, o pregunta 3-4 veces lo mismo de forma seguida.

Llegué hace unos momentos, vive cerca. me servi una medida de whiskey y puse ACDC, mi mujer me preguntó si todo bien y le dije que si, pero la verdad es que tengo ganas de ponerme a llorar.

Si el post queda fuera de lugar y lo quieren borrar no pasa nada, solo quería desahogarme.",https://www.reddit.com/r/argentina/comments/10ra4rh/estoy_triste_mi_mam%C3%A1_est%C3%A1_perdiendo_la_memoria/,response,emotional_support,Un abrazo grande.,3,,,Others,
Spanish,10ra4rh,"Estoy triste, mi mamá está perdiendo la memoria
Hace un rato la fui a ver a la casa porque me preparó unas milanesas para que me lleve, y me dijo te amo sabés? no te olvides, yo no me olvido de vos.

Ah, me partió el corazón.

2 años atrás se cayó y le descubrieron que tenía liquido acumulado en el cerebro, a raíz de eso es que venía teniendo problemas de memoria, para caminar y para manejar cuentas sencillas, se confundía un billete de 1000 con uno de 10 pesos, por poner un ejemplo. Eso le generó un deterioro cognitivo moderado, muchas neuronas se le apagaron y como todo, es progresivo. Últimamente se olvida más de las cosas o las confunde, a veces me mira y se la nota perdida, o pregunta 3-4 veces lo mismo de forma seguida.

Llegué hace unos momentos, vive cerca. me servi una medida de whiskey y puse ACDC, mi mujer me preguntó si todo bien y le dije que si, pero la verdad es que tengo ganas de ponerme a llorar.

Si el post queda fuera de lugar y lo quieren borrar no pasa nada, solo quería desahogarme.",https://www.reddit.com/r/argentina/comments/10ra4rh/estoy_triste_mi_mam%C3%A1_est%C3%A1_perdiendo_la_memoria/,response,emphaty_score,,0,,,,5 (very empathetic)
Spanish,1snmswt,"Me fui a vivir sola por mi salud mental pero extraño a mi familia 
Tengo 22 años, gano 7000 y mi renta cuesta 2500, decidí irme de casa hace una semana porque mis papás pelean mucho y tienen problemas de alcoholismo pero extraño los momentos bueno, extraño a mis hermanos y a mis mascotas, mi apartamento esta vacío y no se que hacer después de salir del trabajo, llevo toda la semana llorando. A las y los que se han independizado, creen que esto se pasa? Me siento muy sola :(",https://www.reddit.com/r/guatemala/comments/1snmswt/me_fui_a_vivir_sola_por_mi_salud_mental_pero/,post,cultural_signals,"Tengo 22 años, gano 7000 y mi renta cuesta 2500",1,Demographics,,,
Spanish,1snmswt,"Me fui a vivir sola por mi salud mental pero extraño a mi familia 
Tengo 22 años, gano 7000 y mi renta cuesta 2500, decidí irme de casa hace una semana porque mis papás pelean mucho y tienen problemas de alcoholismo pero extraño los momentos bueno, extraño a mis hermanos y a mis mascotas, mi apartamento esta vacío y no se que hacer después de salir del trabajo, llevo toda la semana llorando. A las y los que se han independizado, creen que esto se pasa? Me siento muy sola :(",https://www.reddit.com/r/guatemala/comments/1snmswt/me_fui_a_vivir_sola_por_mi_salud_mental_pero/,post,cultural_signals,decidí irme de casa hace una semana porque mis papás pelean mucho y tienen problemas de alcoholismo,1,Concepts,,,
Spanish,1snmswt,"Me fui a vivir sola por mi salud mental pero extraño a mi familia 
Tengo 22 años, gano 7000 y mi renta cuesta 2500, decidí irme de casa hace una semana porque mis papás pelean mucho y tienen problemas de alcoholismo pero extraño los momentos bueno, extraño a mis hermanos y a mis mascotas, mi apartamento esta vacío y no se que hacer después de salir del trabajo, llevo toda la semana llorando. A las y los que se han independizado, creen que esto se pasa? Me siento muy sola :(",https://www.reddit.com/r/guatemala/comments/1snmswt/me_fui_a_vivir_sola_por_mi_salud_mental_pero/,post,emotional_distress,"mi apartamento esta vacío y no se que hacer después de salir del trabajo, llevo toda la semana llorando",2,,moderate,,
Spanish,1snmswt,"Me fui a vivir sola por mi salud mental pero extraño a mi familia 
Tengo 22 años, gano 7000 y mi renta cuesta 2500, decidí irme de casa hace una semana porque mis papás pelean mucho y tienen problemas de alcoholismo pero extraño los momentos bueno, extraño a mis hermanos y a mis mascotas, mi apartamento esta vacío y no se que hacer después de salir del trabajo, llevo toda la semana llorando. A las y los que se han independizado, creen que esto se pasa? Me siento muy sola :(",https://www.reddit.com/r/guatemala/comments/1snmswt/me_fui_a_vivir_sola_por_mi_salud_mental_pero/,post,emotional_distress,Me siento muy sola :(,2,,moderate,,
Spanish,1snmswt,"Me fui a vivir sola por mi salud mental pero extraño a mi familia 
Tengo 22 años, gano 7000 y mi renta cuesta 2500, decidí irme de casa hace una semana porque mis papás pelean mucho y tienen problemas de alcoholismo pero extraño los momentos bueno, extraño a mis hermanos y a mis mascotas, mi apartamento esta vacío y no se que hacer después de salir del trabajo, llevo toda la semana llorando. A las y los que se han independizado, creen que esto se pasa? Me siento muy sola :(",https://www.reddit.com/r/guatemala/comments/1snmswt/me_fui_a_vivir_sola_por_mi_salud_mental_pero/,response,emotional_support,"Leer, investigar, informarse, crecer, vivir tu vida. Esa es la solución. Que no se interprete como ver hacia otro lado.",3,,,Providing Suggestions,
Spanish,1snmswt,"Me fui a vivir sola por mi salud mental pero extraño a mi familia 
Tengo 22 años, gano 7000 y mi renta cuesta 2500, decidí irme de casa hace una semana porque mis papás pelean mucho y tienen problemas de alcoholismo pero extraño los momentos bueno, extraño a mis hermanos y a mis mascotas, mi apartamento esta vacío y no se que hacer después de salir del trabajo, llevo toda la semana llorando. A las y los que se han independizado, creen que esto se pasa? Me siento muy sola :(",https://www.reddit.com/r/guatemala/comments/1snmswt/me_fui_a_vivir_sola_por_mi_salud_mental_pero/,response,emotional_support,"no te fuiste porque querías, básicamente te empujaron a esa decisión y eso produce efectos de duelo",3,,,Information,
Spanish,1snmswt,"Me fui a vivir sola por mi salud mental pero extraño a mi familia 
Tengo 22 años, gano 7000 y mi renta cuesta 2500, decidí irme de casa hace una semana porque mis papás pelean mucho y tienen problemas de alcoholismo pero extraño los momentos bueno, extraño a mis hermanos y a mis mascotas, mi apartamento esta vacío y no se que hacer después de salir del trabajo, llevo toda la semana llorando. A las y los que se han independizado, creen que esto se pasa? Me siento muy sola :(",https://www.reddit.com/r/guatemala/comments/1snmswt/me_fui_a_vivir_sola_por_mi_salud_mental_pero/,response,cultural_signals,"Acá influye mucho tu edad, 22 años para el contexto guatemalteco es una etapa donde la mayoría aún seguimos en casa de nuestros padres.",1,Demographics,,,
Spanish,1snmswt,"Me fui a vivir sola por mi salud mental pero extraño a mi familia 
Tengo 22 años, gano 7000 y mi renta cuesta 2500, decidí irme de casa hace una semana porque mis papás pelean mucho y tienen problemas de alcoholismo pero extraño los momentos bueno, extraño a mis hermanos y a mis mascotas, mi apartamento esta vacío y no se que hacer después de salir del trabajo, llevo toda la semana llorando. A las y los que se han independizado, creen que esto se pasa? Me siento muy sola :(",https://www.reddit.com/r/guatemala/comments/1snmswt/me_fui_a_vivir_sola_por_mi_salud_mental_pero/,response,emotional_support,"debes comprender que por mucho que ames a tu familia, el hecho de que exista alcoholismo y problemas derivados, no te hace responsable sobre ellos.",3,,,Reflection of Feelings,
Spanish,1snmswt,"Me fui a vivir sola por mi salud mental pero extraño a mi familia 
Tengo 22 años, gano 7000 y mi renta cuesta 2500, decidí irme de casa hace una semana porque mis papás pelean mucho y tienen problemas de alcoholismo pero extraño los momentos bueno, extraño a mis hermanos y a mis mascotas, mi apartamento esta vacío y no se que hacer después de salir del trabajo, llevo toda la semana llorando. A las y los que se han independizado, creen que esto se pasa? Me siento muy sola :(",https://www.reddit.com/r/guatemala/comments/1snmswt/me_fui_a_vivir_sola_por_mi_salud_mental_pero/,response,emotional_support,"Yo pasé algo similar por la depresión de un familiar y eso me causó clavos que no te imaginas, al final, uno puede quererlos mucho pero hay que entender la individualidad de la vida, no es indiferencia, no porque alguien se hunda debes hundirte con ellos",3,,,Self-disclosure,
Spanish,1snmswt,"Me fui a vivir sola por mi salud mental pero extraño a mi familia 
Tengo 22 años, gano 7000 y mi renta cuesta 2500, decidí irme de casa hace una semana porque mis papás pelean mucho y tienen problemas de alcoholismo pero extraño los momentos bueno, extraño a mis hermanos y a mis mascotas, mi apartamento esta vacío y no se que hacer después de salir del trabajo, llevo toda la semana llorando. A las y los que se han independizado, creen que esto se pasa? Me siento muy sola :(",https://www.reddit.com/r/guatemala/comments/1snmswt/me_fui_a_vivir_sola_por_mi_salud_mental_pero/,response,emotional_support,"TIENES TODOS LOS MEDIOS Y LIBERTAD para ser feliz y no vivir como ellos, y eso no debe hacerte sentir culpable.",3,,,Affirmation and Reassurance,
Spanish,1snmswt,"Me fui a vivir sola por mi salud mental pero extraño a mi familia 
Tengo 22 años, gano 7000 y mi renta cuesta 2500, decidí irme de casa hace una semana porque mis papás pelean mucho y tienen problemas de alcoholismo pero extraño los momentos bueno, extraño a mis hermanos y a mis mascotas, mi apartamento esta vacío y no se que hacer después de salir del trabajo, llevo toda la semana llorando. A las y los que se han independizado, creen que esto se pasa? Me siento muy sola :(",https://www.reddit.com/r/guatemala/comments/1snmswt/me_fui_a_vivir_sola_por_mi_salud_mental_pero/,response,cultural_signals,"Con ese background... mucho cuidado con tus relaciones amorosas, porque seguro llevas secuelas de ejemplos y dinámicas copiadas... Puede ser pelear, alegar, eventualmente consumir sustancias, o... como pasa en muchos casos: terminar con una pareja igual, con clavos, depresión, alcoholismo, alguien para rescatar. Las personas que vienen de senos familiares con clavos... usualmente no aceptan al 100% que merecen ser felices,",1,Knowledge,,,
Spanish,1snmswt,"Me fui a vivir sola por mi salud mental pero extraño a mi familia 
Tengo 22 años, gano 7000 y mi renta cuesta 2500, decidí irme de casa hace una semana porque mis papás pelean mucho y tienen problemas de alcoholismo pero extraño los momentos bueno, extraño a mis hermanos y a mis mascotas, mi apartamento esta vacío y no se que hacer después de salir del trabajo, llevo toda la semana llorando. A las y los que se han independizado, creen que esto se pasa? Me siento muy sola :(",https://www.reddit.com/r/guatemala/comments/1snmswt/me_fui_a_vivir_sola_por_mi_salud_mental_pero/,response,emphaty_score,,0,,,,4 (quite empathetic)
Spanish,1o0cs4x,"Hoy con mucha tristeza les digo que se terminó. 
No suelo hablar de cosas personales por acá, y se que tengo tiempo sin pasar,pero Septiembre 2025 fue el peor mes de mi vida. 

Mi esposa ha decidido que nos separemos y mi familia se desmorona frente a mis ojos. 

No quiero entrar en muchos detalles,pero solo diré que no importa lo mucho que uno haga en una relación y en la convivencia diaria. Si no existe un apego sentimental sano,en el que hay buena comunicación,la relación está condenada a fracasar. 

Mi relación de 16 años se terminó y ahora no siento nada más que ansiedad,tristeza y vacío. Cuando uno tiene un sueño y de repente la posiblidad de alcanzarlo se esfuma, uno simplemente pierde el norte. 

Solo quería desahogar por acá y ya está... Espero estén bien...",https://www.reddit.com/r/vzla/comments/1o0cs4x/hoy_con_mucha_tristeza_les_digo_que_se_termin%C3%B3/,post,emotional_distress,Mi esposa ha decidido que nos separemos y mi familia se desmorona frente a mis ojos.,2,,high,,
Spanish,1o0cs4x,"Hoy con mucha tristeza les digo que se terminó. 
No suelo hablar de cosas personales por acá, y se que tengo tiempo sin pasar,pero Septiembre 2025 fue el peor mes de mi vida. 

Mi esposa ha decidido que nos separemos y mi familia se desmorona frente a mis ojos. 

No quiero entrar en muchos detalles,pero solo diré que no importa lo mucho que uno haga en una relación y en la convivencia diaria. Si no existe un apego sentimental sano,en el que hay buena comunicación,la relación está condenada a fracasar. 

Mi relación de 16 años se terminó y ahora no siento nada más que ansiedad,tristeza y vacío. Cuando uno tiene un sueño y de repente la posiblidad de alcanzarlo se esfuma, uno simplemente pierde el norte. 

Solo quería desahogar por acá y ya está... Espero estén bien...",https://www.reddit.com/r/vzla/comments/1o0cs4x/hoy_con_mucha_tristeza_les_digo_que_se_termin%C3%B3/,post,emotional_distress,"Mi relación de 16 años se terminó y ahora no siento nada más que ansiedad,tristeza y vacío.",2,,high,,
Spanish,1o0cs4x,"Hoy con mucha tristeza les digo que se terminó. 
No suelo hablar de cosas personales por acá, y se que tengo tiempo sin pasar,pero Septiembre 2025 fue el peor mes de mi vida. 

Mi esposa ha decidido que nos separemos y mi familia se desmorona frente a mis ojos. 

No quiero entrar en muchos detalles,pero solo diré que no importa lo mucho que uno haga en una relación y en la convivencia diaria. Si no existe un apego sentimental sano,en el que hay buena comunicación,la relación está condenada a fracasar. 

Mi relación de 16 años se terminó y ahora no siento nada más que ansiedad,tristeza y vacío. Cuando uno tiene un sueño y de repente la posiblidad de alcanzarlo se esfuma, uno simplemente pierde el norte. 

Solo quería desahogar por acá y ya está... Espero estén bien...",https://www.reddit.com/r/vzla/comments/1o0cs4x/hoy_con_mucha_tristeza_les_digo_que_se_termin%C3%B3/,post,cultural_signals,"Cuando uno tiene un sueño y de repente la posiblidad de alcanzarlo se esfuma, uno simplemente pierde el norte.",1,Norms and Morals,,,
Spanish,1o0cs4x,"Hoy con mucha tristeza les digo que se terminó. 
No suelo hablar de cosas personales por acá, y se que tengo tiempo sin pasar,pero Septiembre 2025 fue el peor mes de mi vida. 

Mi esposa ha decidido que nos separemos y mi familia se desmorona frente a mis ojos. 

No quiero entrar en muchos detalles,pero solo diré que no importa lo mucho que uno haga en una relación y en la convivencia diaria. Si no existe un apego sentimental sano,en el que hay buena comunicación,la relación está condenada a fracasar. 

Mi relación de 16 años se terminó y ahora no siento nada más que ansiedad,tristeza y vacío. Cuando uno tiene un sueño y de repente la posiblidad de alcanzarlo se esfuma, uno simplemente pierde el norte. 

Solo quería desahogar por acá y ya está... Espero estén bien...",https://www.reddit.com/r/vzla/comments/1o0cs4x/hoy_con_mucha_tristeza_les_digo_que_se_termin%C3%B3/,response,cultural_signals,"Al principio y por varios años el duelo pega en la madre, pero va recediendo con el tiempo.",1,Languange,,Restatement or Paraphrasing,
Spanish,1o0cs4x,"Hoy con mucha tristeza les digo que se terminó. 
No suelo hablar de cosas personales por acá, y se que tengo tiempo sin pasar,pero Septiembre 2025 fue el peor mes de mi vida. 

Mi esposa ha decidido que nos separemos y mi familia se desmorona frente a mis ojos. 

No quiero entrar en muchos detalles,pero solo diré que no importa lo mucho que uno haga en una relación y en la convivencia diaria. Si no existe un apego sentimental sano,en el que hay buena comunicación,la relación está condenada a fracasar. 

Mi relación de 16 años se terminó y ahora no siento nada más que ansiedad,tristeza y vacío. Cuando uno tiene un sueño y de repente la posiblidad de alcanzarlo se esfuma, uno simplemente pierde el norte. 

Solo quería desahogar por acá y ya está... Espero estén bien...",https://www.reddit.com/r/vzla/comments/1o0cs4x/hoy_con_mucha_tristeza_les_digo_que_se_termin%C3%B3/,response,emotional_support,"Pasé por algo similar, una relación larga también.",3,,,Self-disclosure,
Spanish,1o0cs4x,"Hoy con mucha tristeza les digo que se terminó. 
No suelo hablar de cosas personales por acá, y se que tengo tiempo sin pasar,pero Septiembre 2025 fue el peor mes de mi vida. 

Mi esposa ha decidido que nos separemos y mi familia se desmorona frente a mis ojos. 

No quiero entrar en muchos detalles,pero solo diré que no importa lo mucho que uno haga en una relación y en la convivencia diaria. Si no existe un apego sentimental sano,en el que hay buena comunicación,la relación está condenada a fracasar. 

Mi relación de 16 años se terminó y ahora no siento nada más que ansiedad,tristeza y vacío. Cuando uno tiene un sueño y de repente la posiblidad de alcanzarlo se esfuma, uno simplemente pierde el norte. 

Solo quería desahogar por acá y ya está... Espero estén bien...",https://www.reddit.com/r/vzla/comments/1o0cs4x/hoy_con_mucha_tristeza_les_digo_que_se_termin%C3%B3/,response,emotional_support,Aguanta ahí. Cada día a la vez. Lamento mucho que no se pudo dar. Pero de esto aprendes las mejores lecciones para el futuro.,3,,,Providing Suggestions,
Spanish,1o0cs4x,"Hoy con mucha tristeza les digo que se terminó. 
No suelo hablar de cosas personales por acá, y se que tengo tiempo sin pasar,pero Septiembre 2025 fue el peor mes de mi vida. 

Mi esposa ha decidido que nos separemos y mi familia se desmorona frente a mis ojos. 

No quiero entrar en muchos detalles,pero solo diré que no importa lo mucho que uno haga en una relación y en la convivencia diaria. Si no existe un apego sentimental sano,en el que hay buena comunicación,la relación está condenada a fracasar. 

Mi relación de 16 años se terminó y ahora no siento nada más que ansiedad,tristeza y vacío. Cuando uno tiene un sueño y de repente la posiblidad de alcanzarlo se esfuma, uno simplemente pierde el norte. 

Solo quería desahogar por acá y ya está... Espero estén bien...",https://www.reddit.com/r/vzla/comments/1o0cs4x/hoy_con_mucha_tristeza_les_digo_que_se_termin%C3%B3/,response,emotional_support,Un abrazo.,3,,,Others,
Spanish,1o0cs4x,"Hoy con mucha tristeza les digo que se terminó. 
No suelo hablar de cosas personales por acá, y se que tengo tiempo sin pasar,pero Septiembre 2025 fue el peor mes de mi vida. 

Mi esposa ha decidido que nos separemos y mi familia se desmorona frente a mis ojos. 

No quiero entrar en muchos detalles,pero solo diré que no importa lo mucho que uno haga en una relación y en la convivencia diaria. Si no existe un apego sentimental sano,en el que hay buena comunicación,la relación está condenada a fracasar. 

Mi relación de 16 años se terminó y ahora no siento nada más que ansiedad,tristeza y vacío. Cuando uno tiene un sueño y de repente la posiblidad de alcanzarlo se esfuma, uno simplemente pierde el norte. 

Solo quería desahogar por acá y ya está... Espero estén bien...",https://www.reddit.com/r/vzla/comments/1o0cs4x/hoy_con_mucha_tristeza_les_digo_que_se_termin%C3%B3/,response,emphaty_score,,0,,,,4 (quite empathetic)
Spanish,1m7ej82,"La salud mental arruina todo
Bueno pues mucha, la verdad ahora veo la importancia de la salud mental y pense que era mas importante la salud física pero ahora veo que si no tenes salud mental no tenes lo otro.

Recibo la triste noticia que gracias a mi salud mental que esta mala y siempre la ignoro, y estar bajo estrés constante y ansiedad me dio una parálisis facial, lo peor que estoy chavo apenas tengo 17 años y me siento que yo como joven no sirvo jaja, si estuviera mi bisabuelo diria que la juventud de ahora no sirve para nada jaja.
",https://www.reddit.com/r/guatemala/comments/1m7ej82/la_salud_mental_arruina_todo/,post,cultural_signals,"Bueno pues mucha, la verdad ahora veo la importancia de la salud mental y pense que era mas importante la salud física",1,Values,,,
Spanish,1m7ej82,"La salud mental arruina todo
Bueno pues mucha, la verdad ahora veo la importancia de la salud mental y pense que era mas importante la salud física pero ahora veo que si no tenes salud mental no tenes lo otro.

Recibo la triste noticia que gracias a mi salud mental que esta mala y siempre la ignoro, y estar bajo estrés constante y ansiedad me dio una parálisis facial, lo peor que estoy chavo apenas tengo 17 años y me siento que yo como joven no sirvo jaja, si estuviera mi bisabuelo diria que la juventud de ahora no sirve para nada jaja.
",https://www.reddit.com/r/guatemala/comments/1m7ej82/la_salud_mental_arruina_todo/,post,emotional_distress,"me siento que yo como joven no sirvo jaja,",2,,moderate,,
Spanish,1m7ej82,"La salud mental arruina todo
Bueno pues mucha, la verdad ahora veo la importancia de la salud mental y pense que era mas importante la salud física pero ahora veo que si no tenes salud mental no tenes lo otro.

Recibo la triste noticia que gracias a mi salud mental que esta mala y siempre la ignoro, y estar bajo estrés constante y ansiedad me dio una parálisis facial, lo peor que estoy chavo apenas tengo 17 años y me siento que yo como joven no sirvo jaja, si estuviera mi bisabuelo diria que la juventud de ahora no sirve para nada jaja.
",https://www.reddit.com/r/guatemala/comments/1m7ej82/la_salud_mental_arruina_todo/,post,cultural_signals,si estuviera mi bisabuelo diria que la juventud de ahora no sirve para nada jaja.,1,Norms and Morals,,,
Spanish,1m7ej82,"La salud mental arruina todo
Bueno pues mucha, la verdad ahora veo la importancia de la salud mental y pense que era mas importante la salud física pero ahora veo que si no tenes salud mental no tenes lo otro.

Recibo la triste noticia que gracias a mi salud mental que esta mala y siempre la ignoro, y estar bajo estrés constante y ansiedad me dio una parálisis facial, lo peor que estoy chavo apenas tengo 17 años y me siento que yo como joven no sirvo jaja, si estuviera mi bisabuelo diria que la juventud de ahora no sirve para nada jaja.
",https://www.reddit.com/r/guatemala/comments/1m7ej82/la_salud_mental_arruina_todo/,post,cultural_signals,"estar bajo estrés constante y ansiedad me dio una parálisis facial, lo peor que estoy chavo apenas tengo 17 años",1,Demographics,,,
Spanish,1m7ej82,"La salud mental arruina todo
Bueno pues mucha, la verdad ahora veo la importancia de la salud mental y pense que era mas importante la salud física pero ahora veo que si no tenes salud mental no tenes lo otro.

Recibo la triste noticia que gracias a mi salud mental que esta mala y siempre la ignoro, y estar bajo estrés constante y ansiedad me dio una parálisis facial, lo peor que estoy chavo apenas tengo 17 años y me siento que yo como joven no sirvo jaja, si estuviera mi bisabuelo diria que la juventud de ahora no sirve para nada jaja.
",https://www.reddit.com/r/guatemala/comments/1m7ej82/la_salud_mental_arruina_todo/,response,cultural_signals,ALV,1,Languange,,,
Spanish,1m7ej82,"La salud mental arruina todo
Bueno pues mucha, la verdad ahora veo la importancia de la salud mental y pense que era mas importante la salud física pero ahora veo que si no tenes salud mental no tenes lo otro.

Recibo la triste noticia que gracias a mi salud mental que esta mala y siempre la ignoro, y estar bajo estrés constante y ansiedad me dio una parálisis facial, lo peor que estoy chavo apenas tengo 17 años y me siento que yo como joven no sirvo jaja, si estuviera mi bisabuelo diria que la juventud de ahora no sirve para nada jaja.
",https://www.reddit.com/r/guatemala/comments/1m7ej82/la_salud_mental_arruina_todo/,response,emotional_support,si pasa que la peor relación es la que aveces nosotros tenemos es contra nosotros mismos,3,,,Restatement or Paraphrasing,
Spanish,1m7ej82,"La salud mental arruina todo
Bueno pues mucha, la verdad ahora veo la importancia de la salud mental y pense que era mas importante la salud física pero ahora veo que si no tenes salud mental no tenes lo otro.

Recibo la triste noticia que gracias a mi salud mental que esta mala y siempre la ignoro, y estar bajo estrés constante y ansiedad me dio una parálisis facial, lo peor que estoy chavo apenas tengo 17 años y me siento que yo como joven no sirvo jaja, si estuviera mi bisabuelo diria que la juventud de ahora no sirve para nada jaja.
",https://www.reddit.com/r/guatemala/comments/1m7ej82/la_salud_mental_arruina_todo/,response,cultural_signals,"son varios factores, situación económica, familiar o laboral",1,Concepts,,,
Spanish,1m7ej82,"La salud mental arruina todo
Bueno pues mucha, la verdad ahora veo la importancia de la salud mental y pense que era mas importante la salud física pero ahora veo que si no tenes salud mental no tenes lo otro.

Recibo la triste noticia que gracias a mi salud mental que esta mala y siempre la ignoro, y estar bajo estrés constante y ansiedad me dio una parálisis facial, lo peor que estoy chavo apenas tengo 17 años y me siento que yo como joven no sirvo jaja, si estuviera mi bisabuelo diria que la juventud de ahora no sirve para nada jaja.
",https://www.reddit.com/r/guatemala/comments/1m7ej82/la_salud_mental_arruina_todo/,response,emotional_support,todos pasamos por ello.,3,,,Affirmation and Reassurance,
Spanish,1m7ej82,"La salud mental arruina todo
Bueno pues mucha, la verdad ahora veo la importancia de la salud mental y pense que era mas importante la salud física pero ahora veo que si no tenes salud mental no tenes lo otro.

Recibo la triste noticia que gracias a mi salud mental que esta mala y siempre la ignoro, y estar bajo estrés constante y ansiedad me dio una parálisis facial, lo peor que estoy chavo apenas tengo 17 años y me siento que yo como joven no sirvo jaja, si estuviera mi bisabuelo diria que la juventud de ahora no sirve para nada jaja.
",https://www.reddit.com/r/guatemala/comments/1m7ej82/la_salud_mental_arruina_todo/,response,emotional_support,"La fórmula mágica para salir de ello no hay hacer ejercicio, leer, dormir cada quien se adapta la forma de sobrellevar el estrés, el comentarlo también es una forma de salir de ello...",3,,,Providing Suggestions,
Spanish,1m7ej82,"La salud mental arruina todo
Bueno pues mucha, la verdad ahora veo la importancia de la salud mental y pense que era mas importante la salud física pero ahora veo que si no tenes salud mental no tenes lo otro.

Recibo la triste noticia que gracias a mi salud mental que esta mala y siempre la ignoro, y estar bajo estrés constante y ansiedad me dio una parálisis facial, lo peor que estoy chavo apenas tengo 17 años y me siento que yo como joven no sirvo jaja, si estuviera mi bisabuelo diria que la juventud de ahora no sirve para nada jaja.
",https://www.reddit.com/r/guatemala/comments/1m7ej82/la_salud_mental_arruina_todo/,response,emphaty_score,,0,,,,3 (moderately empathetic)
Spanish,1g3g4jk,"Ruptura 2/3 años 
Hola, espero se encuentren bien. 

En resumen, tuve una relación con una chica que tiene daddy issues (traumas) porque el papá se fue cuando eran niña. Lo cierto es que comencé a estar con ella porque me llamaba la atención y sin quererlo, terminé en una relación. Actualmente he llorado bastante y al comienzo la pasé bastante mal. 

Hace poco más de un mes, me terminó y se me ha hecho dificil porque viviamos juntos y es la primera vez que convivo con alguien durante tanto tiempo a parte de mi familia. Un año y medio viviendo juntos. Lo cierto es que, siendo objetivos estoy mucho mejor sin ella, pero siempre quedan los recuerdos, vivencias, y todo ese tipo de cosas post ruptura. 

Lo cierto es que, he estado constantemente culpándome de lo sucedido ya que ella afirma que ''desatendí la relación'' aunque yo era de las personas que: se encargaba de la comida de la casa, le daba dinero para sus cosas y salidas con amigos, la apoyaba, le daba lo que me pedía (aunque esto signifique no comprarme nada)'' 

Ella le contaba todo a mi hermano, le decia todo lo que no le gustaba de mi, y cosas que nunca me comunicó. Me hubiera gustado que me las hubiera dicho. Cosas cómo: ''Tengo muchos hombres que me quieren dar el cielo, y él no mueve ni un dedo'' ''Tú ganas más que yo, no entiendes mi situación ''Que se vaya a la mierd*'' 

Claro entiendo que detrás de cada argumento había un deseo irrefutable de quería que hiciera mucho más. Les explico cómo soy yo: no tengo vicios, soy casero, soy familiar, muy cariñoso, detallista. Lo único que hacía era salir del trabajo e ir a la casa a pasar mi rato libre jugando un rato PS5 (es mi hobbie, el cual dejé por ella). 

De vez en cuando, cada dos semanas o aprox, yo salia a tomar con un primo y mi hermano a bares pero sin faltarle el respeto ni mucho menos. Soy responsable afectivamente, y me gustaba siempre darle seguridad para que se sintiera bien (fotos, ubicación y estar activo). 

Una vez terminada la relación, su mejor amiga se me insinuó para tener relaciones sexuales (amiga que siempre le advertí era hipocrita) y lo cierto es que por intentar ''hacer lo correcto'' creyó que yo le estaba cayendo a la amiga y me insultó (se lo dijo a mi hermano) ''Que se vaya a la mierd*'' 
Estoy en un punto en el que me siento bien conmigo mismo, todos me dicen que me veo sin ella, y que de verdad no la necesito. Tengo carro, gano bastante bien y siempre me cuido físicamente. Pero siempre he sido de buen corazón y me preocupo por sus cosas, por su comida, alquiler y todas esas cosas. 

La he buscado pero me ha tratado muy mal, incluso dijo que podía demandarme por acoso (la busqué dos veces, una vez en su casa para intentar arreglar las cosas). 

Sufro de ansiedad y cuando ella me dijo que quería separarse de mí, sufri un ataque de pánico y me sacaron a urgencias (todo bien) solo debo estar en control, pero de resto bien. Eso a ella la asustó bastante y bueno desde allí fue otra persona. 

Al día siguiente intenté enviarle un ramo explicandole que la situación no era su culpa y me respondió algo que me dejó en blanco: ''Mi papá cuando se separó de mi mamá le envio un ramo de flores, y él cambió por su otra mujer y eso significa que la quiere'', ''Mi papá nunca cumplió las promesas que me dijo, como tú'' 

Yo intenté cumplirle todo, incluyendo darle una casa para vivir (a los 5 meses de conocernos porque ella creía que si no estaba dispuesto a, no la quería'' Incluso, ella comenta que una de las razones para dejarme fue: ''no me subias a redes sociales'' lo cierto es que, tengo más de 20 fotos con ella en redes y ella ni una mia (aunque para mí no es un factor equiparable a estar incondicionalmente en las malas) 

Para concluir, en mi mente me he sentido mal y bueno, aunque me esté yendo bastante bien, tengo claras mis emociones pero a veces siento que estoy mejor solo, y en otras ocasiones quiero estar con ella. Estamos en contacto 0 y solo quiero saber que opinan ustedes. Ha sido dificil, pero incluso sus familiares me tienen aprecio y preguntan por mi.",https://www.reddit.com/r/vzla/comments/1g3g4jk/ruptura_23_a%C3%B1os/,post,cultural_signals,"En resumen, tuve una relación con una chica que tiene daddy issues (traumas) porque el papá se fue cuando eran niña.",1,Demographics,,,
Spanish,1g3g4jk,"Ruptura 2/3 años 
Hola, espero se encuentren bien. 

En resumen, tuve una relación con una chica que tiene daddy issues (traumas) porque el papá se fue cuando eran niña. Lo cierto es que comencé a estar con ella porque me llamaba la atención y sin quererlo, terminé en una relación. Actualmente he llorado bastante y al comienzo la pasé bastante mal. 

Hace poco más de un mes, me terminó y se me ha hecho dificil porque viviamos juntos y es la primera vez que convivo con alguien durante tanto tiempo a parte de mi familia. Un año y medio viviendo juntos. Lo cierto es que, siendo objetivos estoy mucho mejor sin ella, pero siempre quedan los recuerdos, vivencias, y todo ese tipo de cosas post ruptura. 

Lo cierto es que, he estado constantemente culpándome de lo sucedido ya que ella afirma que ''desatendí la relación'' aunque yo era de las personas que: se encargaba de la comida de la casa, le daba dinero para sus cosas y salidas con amigos, la apoyaba, le daba lo que me pedía (aunque esto signifique no comprarme nada)'' 

Ella le contaba todo a mi hermano, le decia todo lo que no le gustaba de mi, y cosas que nunca me comunicó. Me hubiera gustado que me las hubiera dicho. Cosas cómo: ''Tengo muchos hombres que me quieren dar el cielo, y él no mueve ni un dedo'' ''Tú ganas más que yo, no entiendes mi situación ''Que se vaya a la mierd*'' 

Claro entiendo que detrás de cada argumento había un deseo irrefutable de quería que hiciera mucho más. Les explico cómo soy yo: no tengo vicios, soy casero, soy familiar, muy cariñoso, detallista. Lo único que hacía era salir del trabajo e ir a la casa a pasar mi rato libre jugando un rato PS5 (es mi hobbie, el cual dejé por ella). 

De vez en cuando, cada dos semanas o aprox, yo salia a tomar con un primo y mi hermano a bares pero sin faltarle el respeto ni mucho menos. Soy responsable afectivamente, y me gustaba siempre darle seguridad para que se sintiera bien (fotos, ubicación y estar activo). 

Una vez terminada la relación, su mejor amiga se me insinuó para tener relaciones sexuales (amiga que siempre le advertí era hipocrita) y lo cierto es que por intentar ''hacer lo correcto'' creyó que yo le estaba cayendo a la amiga y me insultó (se lo dijo a mi hermano) ''Que se vaya a la mierd*'' 
Estoy en un punto en el que me siento bien conmigo mismo, todos me dicen que me veo sin ella, y que de verdad no la necesito. Tengo carro, gano bastante bien y siempre me cuido físicamente. Pero siempre he sido de buen corazón y me preocupo por sus cosas, por su comida, alquiler y todas esas cosas. 

La he buscado pero me ha tratado muy mal, incluso dijo que podía demandarme por acoso (la busqué dos veces, una vez en su casa para intentar arreglar las cosas). 

Sufro de ansiedad y cuando ella me dijo que quería separarse de mí, sufri un ataque de pánico y me sacaron a urgencias (todo bien) solo debo estar en control, pero de resto bien. Eso a ella la asustó bastante y bueno desde allí fue otra persona. 

Al día siguiente intenté enviarle un ramo explicandole que la situación no era su culpa y me respondió algo que me dejó en blanco: ''Mi papá cuando se separó de mi mamá le envio un ramo de flores, y él cambió por su otra mujer y eso significa que la quiere'', ''Mi papá nunca cumplió las promesas que me dijo, como tú'' 

Yo intenté cumplirle todo, incluyendo darle una casa para vivir (a los 5 meses de conocernos porque ella creía que si no estaba dispuesto a, no la quería'' Incluso, ella comenta que una de las razones para dejarme fue: ''no me subias a redes sociales'' lo cierto es que, tengo más de 20 fotos con ella en redes y ella ni una mia (aunque para mí no es un factor equiparable a estar incondicionalmente en las malas) 

Para concluir, en mi mente me he sentido mal y bueno, aunque me esté yendo bastante bien, tengo claras mis emociones pero a veces siento que estoy mejor solo, y en otras ocasiones quiero estar con ella. Estamos en contacto 0 y solo quiero saber que opinan ustedes. Ha sido dificil, pero incluso sus familiares me tienen aprecio y preguntan por mi.",https://www.reddit.com/r/vzla/comments/1g3g4jk/ruptura_23_a%C3%B1os/,post,emotional_distress,Actualmente he llorado bastante y al comienzo la pasé bastante mal.,2,,moderate,,
Spanish,1g3g4jk,"Ruptura 2/3 años 
Hola, espero se encuentren bien. 

En resumen, tuve una relación con una chica que tiene daddy issues (traumas) porque el papá se fue cuando eran niña. Lo cierto es que comencé a estar con ella porque me llamaba la atención y sin quererlo, terminé en una relación. Actualmente he llorado bastante y al comienzo la pasé bastante mal. 

Hace poco más de un mes, me terminó y se me ha hecho dificil porque viviamos juntos y es la primera vez que convivo con alguien durante tanto tiempo a parte de mi familia. Un año y medio viviendo juntos. Lo cierto es que, siendo objetivos estoy mucho mejor sin ella, pero siempre quedan los recuerdos, vivencias, y todo ese tipo de cosas post ruptura. 

Lo cierto es que, he estado constantemente culpándome de lo sucedido ya que ella afirma que ''desatendí la relación'' aunque yo era de las personas que: se encargaba de la comida de la casa, le daba dinero para sus cosas y salidas con amigos, la apoyaba, le daba lo que me pedía (aunque esto signifique no comprarme nada)'' 

Ella le contaba todo a mi hermano, le decia todo lo que no le gustaba de mi, y cosas que nunca me comunicó. Me hubiera gustado que me las hubiera dicho. Cosas cómo: ''Tengo muchos hombres que me quieren dar el cielo, y él no mueve ni un dedo'' ''Tú ganas más que yo, no entiendes mi situación ''Que se vaya a la mierd*'' 

Claro entiendo que detrás de cada argumento había un deseo irrefutable de quería que hiciera mucho más. Les explico cómo soy yo: no tengo vicios, soy casero, soy familiar, muy cariñoso, detallista. Lo único que hacía era salir del trabajo e ir a la casa a pasar mi rato libre jugando un rato PS5 (es mi hobbie, el cual dejé por ella). 

De vez en cuando, cada dos semanas o aprox, yo salia a tomar con un primo y mi hermano a bares pero sin faltarle el respeto ni mucho menos. Soy responsable afectivamente, y me gustaba siempre darle seguridad para que se sintiera bien (fotos, ubicación y estar activo). 

Una vez terminada la relación, su mejor amiga se me insinuó para tener relaciones sexuales (amiga que siempre le advertí era hipocrita) y lo cierto es que por intentar ''hacer lo correcto'' creyó que yo le estaba cayendo a la amiga y me insultó (se lo dijo a mi hermano) ''Que se vaya a la mierd*'' 
Estoy en un punto en el que me siento bien conmigo mismo, todos me dicen que me veo sin ella, y que de verdad no la necesito. Tengo carro, gano bastante bien y siempre me cuido físicamente. Pero siempre he sido de buen corazón y me preocupo por sus cosas, por su comida, alquiler y todas esas cosas. 

La he buscado pero me ha tratado muy mal, incluso dijo que podía demandarme por acoso (la busqué dos veces, una vez en su casa para intentar arreglar las cosas). 

Sufro de ansiedad y cuando ella me dijo que quería separarse de mí, sufri un ataque de pánico y me sacaron a urgencias (todo bien) solo debo estar en control, pero de resto bien. Eso a ella la asustó bastante y bueno desde allí fue otra persona. 

Al día siguiente intenté enviarle un ramo explicandole que la situación no era su culpa y me respondió algo que me dejó en blanco: ''Mi papá cuando se separó de mi mamá le envio un ramo de flores, y él cambió por su otra mujer y eso significa que la quiere'', ''Mi papá nunca cumplió las promesas que me dijo, como tú'' 

Yo intenté cumplirle todo, incluyendo darle una casa para vivir (a los 5 meses de conocernos porque ella creía que si no estaba dispuesto a, no la quería'' Incluso, ella comenta que una de las razones para dejarme fue: ''no me subias a redes sociales'' lo cierto es que, tengo más de 20 fotos con ella en redes y ella ni una mia (aunque para mí no es un factor equiparable a estar incondicionalmente en las malas) 

Para concluir, en mi mente me he sentido mal y bueno, aunque me esté yendo bastante bien, tengo claras mis emociones pero a veces siento que estoy mejor solo, y en otras ocasiones quiero estar con ella. Estamos en contacto 0 y solo quiero saber que opinan ustedes. Ha sido dificil, pero incluso sus familiares me tienen aprecio y preguntan por mi.",https://www.reddit.com/r/vzla/comments/1g3g4jk/ruptura_23_a%C3%B1os/,post,cultural_signals,"Lo cierto es que, siendo objetivos estoy mucho mejor sin ella, pero siempre quedan los recuerdos, vivencias, y todo ese tipo de cosas post ruptura.",1,Values,,,
Spanish,1g3g4jk,"Ruptura 2/3 años 
Hola, espero se encuentren bien. 

En resumen, tuve una relación con una chica que tiene daddy issues (traumas) porque el papá se fue cuando eran niña. Lo cierto es que comencé a estar con ella porque me llamaba la atención y sin quererlo, terminé en una relación. Actualmente he llorado bastante y al comienzo la pasé bastante mal. 

Hace poco más de un mes, me terminó y se me ha hecho dificil porque viviamos juntos y es la primera vez que convivo con alguien durante tanto tiempo a parte de mi familia. Un año y medio viviendo juntos. Lo cierto es que, siendo objetivos estoy mucho mejor sin ella, pero siempre quedan los recuerdos, vivencias, y todo ese tipo de cosas post ruptura. 

Lo cierto es que, he estado constantemente culpándome de lo sucedido ya que ella afirma que ''desatendí la relación'' aunque yo era de las personas que: se encargaba de la comida de la casa, le daba dinero para sus cosas y salidas con amigos, la apoyaba, le daba lo que me pedía (aunque esto signifique no comprarme nada)'' 

Ella le contaba todo a mi hermano, le decia todo lo que no le gustaba de mi, y cosas que nunca me comunicó. Me hubiera gustado que me las hubiera dicho. Cosas cómo: ''Tengo muchos hombres que me quieren dar el cielo, y él no mueve ni un dedo'' ''Tú ganas más que yo, no entiendes mi situación ''Que se vaya a la mierd*'' 

Claro entiendo que detrás de cada argumento había un deseo irrefutable de quería que hiciera mucho más. Les explico cómo soy yo: no tengo vicios, soy casero, soy familiar, muy cariñoso, detallista. Lo único que hacía era salir del trabajo e ir a la casa a pasar mi rato libre jugando un rato PS5 (es mi hobbie, el cual dejé por ella). 

De vez en cuando, cada dos semanas o aprox, yo salia a tomar con un primo y mi hermano a bares pero sin faltarle el respeto ni mucho menos. Soy responsable afectivamente, y me gustaba siempre darle seguridad para que se sintiera bien (fotos, ubicación y estar activo). 

Una vez terminada la relación, su mejor amiga se me insinuó para tener relaciones sexuales (amiga que siempre le advertí era hipocrita) y lo cierto es que por intentar ''hacer lo correcto'' creyó que yo le estaba cayendo a la amiga y me insultó (se lo dijo a mi hermano) ''Que se vaya a la mierd*'' 
Estoy en un punto en el que me siento bien conmigo mismo, todos me dicen que me veo sin ella, y que de verdad no la necesito. Tengo carro, gano bastante bien y siempre me cuido físicamente. Pero siempre he sido de buen corazón y me preocupo por sus cosas, por su comida, alquiler y todas esas cosas. 

La he buscado pero me ha tratado muy mal, incluso dijo que podía demandarme por acoso (la busqué dos veces, una vez en su casa para intentar arreglar las cosas). 

Sufro de ansiedad y cuando ella me dijo que quería separarse de mí, sufri un ataque de pánico y me sacaron a urgencias (todo bien) solo debo estar en control, pero de resto bien. Eso a ella la asustó bastante y bueno desde allí fue otra persona. 

Al día siguiente intenté enviarle un ramo explicandole que la situación no era su culpa y me respondió algo que me dejó en blanco: ''Mi papá cuando se separó de mi mamá le envio un ramo de flores, y él cambió por su otra mujer y eso significa que la quiere'', ''Mi papá nunca cumplió las promesas que me dijo, como tú'' 

Yo intenté cumplirle todo, incluyendo darle una casa para vivir (a los 5 meses de conocernos porque ella creía que si no estaba dispuesto a, no la quería'' Incluso, ella comenta que una de las razones para dejarme fue: ''no me subias a redes sociales'' lo cierto es que, tengo más de 20 fotos con ella en redes y ella ni una mia (aunque para mí no es un factor equiparable a estar incondicionalmente en las malas) 

Para concluir, en mi mente me he sentido mal y bueno, aunque me esté yendo bastante bien, tengo claras mis emociones pero a veces siento que estoy mejor solo, y en otras ocasiones quiero estar con ella. Estamos en contacto 0 y solo quiero saber que opinan ustedes. Ha sido dificil, pero incluso sus familiares me tienen aprecio y preguntan por mi.",https://www.reddit.com/r/vzla/comments/1g3g4jk/ruptura_23_a%C3%B1os/,post,emotional_distress,"Sufro de ansiedad y cuando ella me dijo que quería separarse de mí, sufri un ataque de pánico y me sacaron a urgencias (todo bien)",2,,high,,
Spanish,1g3g4jk,"Ruptura 2/3 años 
Hola, espero se encuentren bien. 

En resumen, tuve una relación con una chica que tiene daddy issues (traumas) porque el papá se fue cuando eran niña. Lo cierto es que comencé a estar con ella porque me llamaba la atención y sin quererlo, terminé en una relación. Actualmente he llorado bastante y al comienzo la pasé bastante mal. 

Hace poco más de un mes, me terminó y se me ha hecho dificil porque viviamos juntos y es la primera vez que convivo con alguien durante tanto tiempo a parte de mi familia. Un año y medio viviendo juntos. Lo cierto es que, siendo objetivos estoy mucho mejor sin ella, pero siempre quedan los recuerdos, vivencias, y todo ese tipo de cosas post ruptura. 

Lo cierto es que, he estado constantemente culpándome de lo sucedido ya que ella afirma que ''desatendí la relación'' aunque yo era de las personas que: se encargaba de la comida de la casa, le daba dinero para sus cosas y salidas con amigos, la apoyaba, le daba lo que me pedía (aunque esto signifique no comprarme nada)'' 

Ella le contaba todo a mi hermano, le decia todo lo que no le gustaba de mi, y cosas que nunca me comunicó. Me hubiera gustado que me las hubiera dicho. Cosas cómo: ''Tengo muchos hombres que me quieren dar el cielo, y él no mueve ni un dedo'' ''Tú ganas más que yo, no entiendes mi situación ''Que se vaya a la mierd*'' 

Claro entiendo que detrás de cada argumento había un deseo irrefutable de quería que hiciera mucho más. Les explico cómo soy yo: no tengo vicios, soy casero, soy familiar, muy cariñoso, detallista. Lo único que hacía era salir del trabajo e ir a la casa a pasar mi rato libre jugando un rato PS5 (es mi hobbie, el cual dejé por ella). 

De vez en cuando, cada dos semanas o aprox, yo salia a tomar con un primo y mi hermano a bares pero sin faltarle el respeto ni mucho menos. Soy responsable afectivamente, y me gustaba siempre darle seguridad para que se sintiera bien (fotos, ubicación y estar activo). 

Una vez terminada la relación, su mejor amiga se me insinuó para tener relaciones sexuales (amiga que siempre le advertí era hipocrita) y lo cierto es que por intentar ''hacer lo correcto'' creyó que yo le estaba cayendo a la amiga y me insultó (se lo dijo a mi hermano) ''Que se vaya a la mierd*'' 
Estoy en un punto en el que me siento bien conmigo mismo, todos me dicen que me veo sin ella, y que de verdad no la necesito. Tengo carro, gano bastante bien y siempre me cuido físicamente. Pero siempre he sido de buen corazón y me preocupo por sus cosas, por su comida, alquiler y todas esas cosas. 

La he buscado pero me ha tratado muy mal, incluso dijo que podía demandarme por acoso (la busqué dos veces, una vez en su casa para intentar arreglar las cosas). 

Sufro de ansiedad y cuando ella me dijo que quería separarse de mí, sufri un ataque de pánico y me sacaron a urgencias (todo bien) solo debo estar en control, pero de resto bien. Eso a ella la asustó bastante y bueno desde allí fue otra persona. 

Al día siguiente intenté enviarle un ramo explicandole que la situación no era su culpa y me respondió algo que me dejó en blanco: ''Mi papá cuando se separó de mi mamá le envio un ramo de flores, y él cambió por su otra mujer y eso significa que la quiere'', ''Mi papá nunca cumplió las promesas que me dijo, como tú'' 

Yo intenté cumplirle todo, incluyendo darle una casa para vivir (a los 5 meses de conocernos porque ella creía que si no estaba dispuesto a, no la quería'' Incluso, ella comenta que una de las razones para dejarme fue: ''no me subias a redes sociales'' lo cierto es que, tengo más de 20 fotos con ella en redes y ella ni una mia (aunque para mí no es un factor equiparable a estar incondicionalmente en las malas) 

Para concluir, en mi mente me he sentido mal y bueno, aunque me esté yendo bastante bien, tengo claras mis emociones pero a veces siento que estoy mejor solo, y en otras ocasiones quiero estar con ella. Estamos en contacto 0 y solo quiero saber que opinan ustedes. Ha sido dificil, pero incluso sus familiares me tienen aprecio y preguntan por mi.",https://www.reddit.com/r/vzla/comments/1g3g4jk/ruptura_23_a%C3%B1os/,post,cultural_signals,"Yo intenté cumplirle todo, incluyendo darle una casa para vivir",1,Norms and Morals,,,
Spanish,1g3g4jk,"Ruptura 2/3 años 
Hola, espero se encuentren bien. 

En resumen, tuve una relación con una chica que tiene daddy issues (traumas) porque el papá se fue cuando eran niña. Lo cierto es que comencé a estar con ella porque me llamaba la atención y sin quererlo, terminé en una relación. Actualmente he llorado bastante y al comienzo la pasé bastante mal. 

Hace poco más de un mes, me terminó y se me ha hecho dificil porque viviamos juntos y es la primera vez que convivo con alguien durante tanto tiempo a parte de mi familia. Un año y medio viviendo juntos. Lo cierto es que, siendo objetivos estoy mucho mejor sin ella, pero siempre quedan los recuerdos, vivencias, y todo ese tipo de cosas post ruptura. 

Lo cierto es que, he estado constantemente culpándome de lo sucedido ya que ella afirma que ''desatendí la relación'' aunque yo era de las personas que: se encargaba de la comida de la casa, le daba dinero para sus cosas y salidas con amigos, la apoyaba, le daba lo que me pedía (aunque esto signifique no comprarme nada)'' 

Ella le contaba todo a mi hermano, le decia todo lo que no le gustaba de mi, y cosas que nunca me comunicó. Me hubiera gustado que me las hubiera dicho. Cosas cómo: ''Tengo muchos hombres que me quieren dar el cielo, y él no mueve ni un dedo'' ''Tú ganas más que yo, no entiendes mi situación ''Que se vaya a la mierd*'' 

Claro entiendo que detrás de cada argumento había un deseo irrefutable de quería que hiciera mucho más. Les explico cómo soy yo: no tengo vicios, soy casero, soy familiar, muy cariñoso, detallista. Lo único que hacía era salir del trabajo e ir a la casa a pasar mi rato libre jugando un rato PS5 (es mi hobbie, el cual dejé por ella). 

De vez en cuando, cada dos semanas o aprox, yo salia a tomar con un primo y mi hermano a bares pero sin faltarle el respeto ni mucho menos. Soy responsable afectivamente, y me gustaba siempre darle seguridad para que se sintiera bien (fotos, ubicación y estar activo). 

Una vez terminada la relación, su mejor amiga se me insinuó para tener relaciones sexuales (amiga que siempre le advertí era hipocrita) y lo cierto es que por intentar ''hacer lo correcto'' creyó que yo le estaba cayendo a la amiga y me insultó (se lo dijo a mi hermano) ''Que se vaya a la mierd*'' 
Estoy en un punto en el que me siento bien conmigo mismo, todos me dicen que me veo sin ella, y que de verdad no la necesito. Tengo carro, gano bastante bien y siempre me cuido físicamente. Pero siempre he sido de buen corazón y me preocupo por sus cosas, por su comida, alquiler y todas esas cosas. 

La he buscado pero me ha tratado muy mal, incluso dijo que podía demandarme por acoso (la busqué dos veces, una vez en su casa para intentar arreglar las cosas). 

Sufro de ansiedad y cuando ella me dijo que quería separarse de mí, sufri un ataque de pánico y me sacaron a urgencias (todo bien) solo debo estar en control, pero de resto bien. Eso a ella la asustó bastante y bueno desde allí fue otra persona. 

Al día siguiente intenté enviarle un ramo explicandole que la situación no era su culpa y me respondió algo que me dejó en blanco: ''Mi papá cuando se separó de mi mamá le envio un ramo de flores, y él cambió por su otra mujer y eso significa que la quiere'', ''Mi papá nunca cumplió las promesas que me dijo, como tú'' 

Yo intenté cumplirle todo, incluyendo darle una casa para vivir (a los 5 meses de conocernos porque ella creía que si no estaba dispuesto a, no la quería'' Incluso, ella comenta que una de las razones para dejarme fue: ''no me subias a redes sociales'' lo cierto es que, tengo más de 20 fotos con ella en redes y ella ni una mia (aunque para mí no es un factor equiparable a estar incondicionalmente en las malas) 

Para concluir, en mi mente me he sentido mal y bueno, aunque me esté yendo bastante bien, tengo claras mis emociones pero a veces siento que estoy mejor solo, y en otras ocasiones quiero estar con ella. Estamos en contacto 0 y solo quiero saber que opinan ustedes. Ha sido dificil, pero incluso sus familiares me tienen aprecio y preguntan por mi.",https://www.reddit.com/r/vzla/comments/1g3g4jk/ruptura_23_a%C3%B1os/,response,cultural_signals,diablo,1,Languange,,,
Spanish,1g3g4jk,"Ruptura 2/3 años 
Hola, espero se encuentren bien. 

En resumen, tuve una relación con una chica que tiene daddy issues (traumas) porque el papá se fue cuando eran niña. Lo cierto es que comencé a estar con ella porque me llamaba la atención y sin quererlo, terminé en una relación. Actualmente he llorado bastante y al comienzo la pasé bastante mal. 

Hace poco más de un mes, me terminó y se me ha hecho dificil porque viviamos juntos y es la primera vez que convivo con alguien durante tanto tiempo a parte de mi familia. Un año y medio viviendo juntos. Lo cierto es que, siendo objetivos estoy mucho mejor sin ella, pero siempre quedan los recuerdos, vivencias, y todo ese tipo de cosas post ruptura. 

Lo cierto es que, he estado constantemente culpándome de lo sucedido ya que ella afirma que ''desatendí la relación'' aunque yo era de las personas que: se encargaba de la comida de la casa, le daba dinero para sus cosas y salidas con amigos, la apoyaba, le daba lo que me pedía (aunque esto signifique no comprarme nada)'' 

Ella le contaba todo a mi hermano, le decia todo lo que no le gustaba de mi, y cosas que nunca me comunicó. Me hubiera gustado que me las hubiera dicho. Cosas cómo: ''Tengo muchos hombres que me quieren dar el cielo, y él no mueve ni un dedo'' ''Tú ganas más que yo, no entiendes mi situación ''Que se vaya a la mierd*'' 

Claro entiendo que detrás de cada argumento había un deseo irrefutable de quería que hiciera mucho más. Les explico cómo soy yo: no tengo vicios, soy casero, soy familiar, muy cariñoso, detallista. Lo único que hacía era salir del trabajo e ir a la casa a pasar mi rato libre jugando un rato PS5 (es mi hobbie, el cual dejé por ella). 

De vez en cuando, cada dos semanas o aprox, yo salia a tomar con un primo y mi hermano a bares pero sin faltarle el respeto ni mucho menos. Soy responsable afectivamente, y me gustaba siempre darle seguridad para que se sintiera bien (fotos, ubicación y estar activo). 

Una vez terminada la relación, su mejor amiga se me insinuó para tener relaciones sexuales (amiga que siempre le advertí era hipocrita) y lo cierto es que por intentar ''hacer lo correcto'' creyó que yo le estaba cayendo a la amiga y me insultó (se lo dijo a mi hermano) ''Que se vaya a la mierd*'' 
Estoy en un punto en el que me siento bien conmigo mismo, todos me dicen que me veo sin ella, y que de verdad no la necesito. Tengo carro, gano bastante bien y siempre me cuido físicamente. Pero siempre he sido de buen corazón y me preocupo por sus cosas, por su comida, alquiler y todas esas cosas. 

La he buscado pero me ha tratado muy mal, incluso dijo que podía demandarme por acoso (la busqué dos veces, una vez en su casa para intentar arreglar las cosas). 

Sufro de ansiedad y cuando ella me dijo que quería separarse de mí, sufri un ataque de pánico y me sacaron a urgencias (todo bien) solo debo estar en control, pero de resto bien. Eso a ella la asustó bastante y bueno desde allí fue otra persona. 

Al día siguiente intenté enviarle un ramo explicandole que la situación no era su culpa y me respondió algo que me dejó en blanco: ''Mi papá cuando se separó de mi mamá le envio un ramo de flores, y él cambió por su otra mujer y eso significa que la quiere'', ''Mi papá nunca cumplió las promesas que me dijo, como tú'' 

Yo intenté cumplirle todo, incluyendo darle una casa para vivir (a los 5 meses de conocernos porque ella creía que si no estaba dispuesto a, no la quería'' Incluso, ella comenta que una de las razones para dejarme fue: ''no me subias a redes sociales'' lo cierto es que, tengo más de 20 fotos con ella en redes y ella ni una mia (aunque para mí no es un factor equiparable a estar incondicionalmente en las malas) 

Para concluir, en mi mente me he sentido mal y bueno, aunque me esté yendo bastante bien, tengo claras mis emociones pero a veces siento que estoy mejor solo, y en otras ocasiones quiero estar con ella. Estamos en contacto 0 y solo quiero saber que opinan ustedes. Ha sido dificil, pero incluso sus familiares me tienen aprecio y preguntan por mi.",https://www.reddit.com/r/vzla/comments/1g3g4jk/ruptura_23_a%C3%B1os/,response,emotional_support,te caiste y te diste durisimo hermano,3,,,Restatement or Paraphrasing,
Spanish,1g3g4jk,"Ruptura 2/3 años 
Hola, espero se encuentren bien. 

En resumen, tuve una relación con una chica que tiene daddy issues (traumas) porque el papá se fue cuando eran niña. Lo cierto es que comencé a estar con ella porque me llamaba la atención y sin quererlo, terminé en una relación. Actualmente he llorado bastante y al comienzo la pasé bastante mal. 

Hace poco más de un mes, me terminó y se me ha hecho dificil porque viviamos juntos y es la primera vez que convivo con alguien durante tanto tiempo a parte de mi familia. Un año y medio viviendo juntos. Lo cierto es que, siendo objetivos estoy mucho mejor sin ella, pero siempre quedan los recuerdos, vivencias, y todo ese tipo de cosas post ruptura. 

Lo cierto es que, he estado constantemente culpándome de lo sucedido ya que ella afirma que ''desatendí la relación'' aunque yo era de las personas que: se encargaba de la comida de la casa, le daba dinero para sus cosas y salidas con amigos, la apoyaba, le daba lo que me pedía (aunque esto signifique no comprarme nada)'' 

Ella le contaba todo a mi hermano, le decia todo lo que no le gustaba de mi, y cosas que nunca me comunicó. Me hubiera gustado que me las hubiera dicho. Cosas cómo: ''Tengo muchos hombres que me quieren dar el cielo, y él no mueve ni un dedo'' ''Tú ganas más que yo, no entiendes mi situación ''Que se vaya a la mierd*'' 

Claro entiendo que detrás de cada argumento había un deseo irrefutable de quería que hiciera mucho más. Les explico cómo soy yo: no tengo vicios, soy casero, soy familiar, muy cariñoso, detallista. Lo único que hacía era salir del trabajo e ir a la casa a pasar mi rato libre jugando un rato PS5 (es mi hobbie, el cual dejé por ella). 

De vez en cuando, cada dos semanas o aprox, yo salia a tomar con un primo y mi hermano a bares pero sin faltarle el respeto ni mucho menos. Soy responsable afectivamente, y me gustaba siempre darle seguridad para que se sintiera bien (fotos, ubicación y estar activo). 

Una vez terminada la relación, su mejor amiga se me insinuó para tener relaciones sexuales (amiga que siempre le advertí era hipocrita) y lo cierto es que por intentar ''hacer lo correcto'' creyó que yo le estaba cayendo a la amiga y me insultó (se lo dijo a mi hermano) ''Que se vaya a la mierd*'' 
Estoy en un punto en el que me siento bien conmigo mismo, todos me dicen que me veo sin ella, y que de verdad no la necesito. Tengo carro, gano bastante bien y siempre me cuido físicamente. Pero siempre he sido de buen corazón y me preocupo por sus cosas, por su comida, alquiler y todas esas cosas. 

La he buscado pero me ha tratado muy mal, incluso dijo que podía demandarme por acoso (la busqué dos veces, una vez en su casa para intentar arreglar las cosas). 

Sufro de ansiedad y cuando ella me dijo que quería separarse de mí, sufri un ataque de pánico y me sacaron a urgencias (todo bien) solo debo estar en control, pero de resto bien. Eso a ella la asustó bastante y bueno desde allí fue otra persona. 

Al día siguiente intenté enviarle un ramo explicandole que la situación no era su culpa y me respondió algo que me dejó en blanco: ''Mi papá cuando se separó de mi mamá le envio un ramo de flores, y él cambió por su otra mujer y eso significa que la quiere'', ''Mi papá nunca cumplió las promesas que me dijo, como tú'' 

Yo intenté cumplirle todo, incluyendo darle una casa para vivir (a los 5 meses de conocernos porque ella creía que si no estaba dispuesto a, no la quería'' Incluso, ella comenta que una de las razones para dejarme fue: ''no me subias a redes sociales'' lo cierto es que, tengo más de 20 fotos con ella en redes y ella ni una mia (aunque para mí no es un factor equiparable a estar incondicionalmente en las malas) 

Para concluir, en mi mente me he sentido mal y bueno, aunque me esté yendo bastante bien, tengo claras mis emociones pero a veces siento que estoy mejor solo, y en otras ocasiones quiero estar con ella. Estamos en contacto 0 y solo quiero saber que opinan ustedes. Ha sido dificil, pero incluso sus familiares me tienen aprecio y preguntan por mi.",https://www.reddit.com/r/vzla/comments/1g3g4jk/ruptura_23_a%C3%B1os/,response,cultural_signals,"nunca sacrifiques tu respeto propio y tu dignidad por una cuca, eso lo aprendes a los coñazos.",1,Norms and Morals,,,
Spanish,1g3g4jk,"Ruptura 2/3 años 
Hola, espero se encuentren bien. 

En resumen, tuve una relación con una chica que tiene daddy issues (traumas) porque el papá se fue cuando eran niña. Lo cierto es que comencé a estar con ella porque me llamaba la atención y sin quererlo, terminé en una relación. Actualmente he llorado bastante y al comienzo la pasé bastante mal. 

Hace poco más de un mes, me terminó y se me ha hecho dificil porque viviamos juntos y es la primera vez que convivo con alguien durante tanto tiempo a parte de mi familia. Un año y medio viviendo juntos. Lo cierto es que, siendo objetivos estoy mucho mejor sin ella, pero siempre quedan los recuerdos, vivencias, y todo ese tipo de cosas post ruptura. 

Lo cierto es que, he estado constantemente culpándome de lo sucedido ya que ella afirma que ''desatendí la relación'' aunque yo era de las personas que: se encargaba de la comida de la casa, le daba dinero para sus cosas y salidas con amigos, la apoyaba, le daba lo que me pedía (aunque esto signifique no comprarme nada)'' 

Ella le contaba todo a mi hermano, le decia todo lo que no le gustaba de mi, y cosas que nunca me comunicó. Me hubiera gustado que me las hubiera dicho. Cosas cómo: ''Tengo muchos hombres que me quieren dar el cielo, y él no mueve ni un dedo'' ''Tú ganas más que yo, no entiendes mi situación ''Que se vaya a la mierd*'' 

Claro entiendo que detrás de cada argumento había un deseo irrefutable de quería que hiciera mucho más. Les explico cómo soy yo: no tengo vicios, soy casero, soy familiar, muy cariñoso, detallista. Lo único que hacía era salir del trabajo e ir a la casa a pasar mi rato libre jugando un rato PS5 (es mi hobbie, el cual dejé por ella). 

De vez en cuando, cada dos semanas o aprox, yo salia a tomar con un primo y mi hermano a bares pero sin faltarle el respeto ni mucho menos. Soy responsable afectivamente, y me gustaba siempre darle seguridad para que se sintiera bien (fotos, ubicación y estar activo). 

Una vez terminada la relación, su mejor amiga se me insinuó para tener relaciones sexuales (amiga que siempre le advertí era hipocrita) y lo cierto es que por intentar ''hacer lo correcto'' creyó que yo le estaba cayendo a la amiga y me insultó (se lo dijo a mi hermano) ''Que se vaya a la mierd*'' 
Estoy en un punto en el que me siento bien conmigo mismo, todos me dicen que me veo sin ella, y que de verdad no la necesito. Tengo carro, gano bastante bien y siempre me cuido físicamente. Pero siempre he sido de buen corazón y me preocupo por sus cosas, por su comida, alquiler y todas esas cosas. 

La he buscado pero me ha tratado muy mal, incluso dijo que podía demandarme por acoso (la busqué dos veces, una vez en su casa para intentar arreglar las cosas). 

Sufro de ansiedad y cuando ella me dijo que quería separarse de mí, sufri un ataque de pánico y me sacaron a urgencias (todo bien) solo debo estar en control, pero de resto bien. Eso a ella la asustó bastante y bueno desde allí fue otra persona. 

Al día siguiente intenté enviarle un ramo explicandole que la situación no era su culpa y me respondió algo que me dejó en blanco: ''Mi papá cuando se separó de mi mamá le envio un ramo de flores, y él cambió por su otra mujer y eso significa que la quiere'', ''Mi papá nunca cumplió las promesas que me dijo, como tú'' 

Yo intenté cumplirle todo, incluyendo darle una casa para vivir (a los 5 meses de conocernos porque ella creía que si no estaba dispuesto a, no la quería'' Incluso, ella comenta que una de las razones para dejarme fue: ''no me subias a redes sociales'' lo cierto es que, tengo más de 20 fotos con ella en redes y ella ni una mia (aunque para mí no es un factor equiparable a estar incondicionalmente en las malas) 

Para concluir, en mi mente me he sentido mal y bueno, aunque me esté yendo bastante bien, tengo claras mis emociones pero a veces siento que estoy mejor solo, y en otras ocasiones quiero estar con ella. Estamos en contacto 0 y solo quiero saber que opinan ustedes. Ha sido dificil, pero incluso sus familiares me tienen aprecio y preguntan por mi.",https://www.reddit.com/r/vzla/comments/1g3g4jk/ruptura_23_a%C3%B1os/,response,emotional_support,"pudo haber sido mucho peor, te pudiste haber casado con ella y despues el divorcio un peo, menos mal te diste cuenta a tiempo.",3,,,Affirmation and Reassurance,
Spanish,1g3g4jk,"Ruptura 2/3 años 
Hola, espero se encuentren bien. 

En resumen, tuve una relación con una chica que tiene daddy issues (traumas) porque el papá se fue cuando eran niña. Lo cierto es que comencé a estar con ella porque me llamaba la atención y sin quererlo, terminé en una relación. Actualmente he llorado bastante y al comienzo la pasé bastante mal. 

Hace poco más de un mes, me terminó y se me ha hecho dificil porque viviamos juntos y es la primera vez que convivo con alguien durante tanto tiempo a parte de mi familia. Un año y medio viviendo juntos. Lo cierto es que, siendo objetivos estoy mucho mejor sin ella, pero siempre quedan los recuerdos, vivencias, y todo ese tipo de cosas post ruptura. 

Lo cierto es que, he estado constantemente culpándome de lo sucedido ya que ella afirma que ''desatendí la relación'' aunque yo era de las personas que: se encargaba de la comida de la casa, le daba dinero para sus cosas y salidas con amigos, la apoyaba, le daba lo que me pedía (aunque esto signifique no comprarme nada)'' 

Ella le contaba todo a mi hermano, le decia todo lo que no le gustaba de mi, y cosas que nunca me comunicó. Me hubiera gustado que me las hubiera dicho. Cosas cómo: ''Tengo muchos hombres que me quieren dar el cielo, y él no mueve ni un dedo'' ''Tú ganas más que yo, no entiendes mi situación ''Que se vaya a la mierd*'' 

Claro entiendo que detrás de cada argumento había un deseo irrefutable de quería que hiciera mucho más. Les explico cómo soy yo: no tengo vicios, soy casero, soy familiar, muy cariñoso, detallista. Lo único que hacía era salir del trabajo e ir a la casa a pasar mi rato libre jugando un rato PS5 (es mi hobbie, el cual dejé por ella). 

De vez en cuando, cada dos semanas o aprox, yo salia a tomar con un primo y mi hermano a bares pero sin faltarle el respeto ni mucho menos. Soy responsable afectivamente, y me gustaba siempre darle seguridad para que se sintiera bien (fotos, ubicación y estar activo). 

Una vez terminada la relación, su mejor amiga se me insinuó para tener relaciones sexuales (amiga que siempre le advertí era hipocrita) y lo cierto es que por intentar ''hacer lo correcto'' creyó que yo le estaba cayendo a la amiga y me insultó (se lo dijo a mi hermano) ''Que se vaya a la mierd*'' 
Estoy en un punto en el que me siento bien conmigo mismo, todos me dicen que me veo sin ella, y que de verdad no la necesito. Tengo carro, gano bastante bien y siempre me cuido físicamente. Pero siempre he sido de buen corazón y me preocupo por sus cosas, por su comida, alquiler y todas esas cosas. 

La he buscado pero me ha tratado muy mal, incluso dijo que podía demandarme por acoso (la busqué dos veces, una vez en su casa para intentar arreglar las cosas). 

Sufro de ansiedad y cuando ella me dijo que quería separarse de mí, sufri un ataque de pánico y me sacaron a urgencias (todo bien) solo debo estar en control, pero de resto bien. Eso a ella la asustó bastante y bueno desde allí fue otra persona. 

Al día siguiente intenté enviarle un ramo explicandole que la situación no era su culpa y me respondió algo que me dejó en blanco: ''Mi papá cuando se separó de mi mamá le envio un ramo de flores, y él cambió por su otra mujer y eso significa que la quiere'', ''Mi papá nunca cumplió las promesas que me dijo, como tú'' 

Yo intenté cumplirle todo, incluyendo darle una casa para vivir (a los 5 meses de conocernos porque ella creía que si no estaba dispuesto a, no la quería'' Incluso, ella comenta que una de las razones para dejarme fue: ''no me subias a redes sociales'' lo cierto es que, tengo más de 20 fotos con ella en redes y ella ni una mia (aunque para mí no es un factor equiparable a estar incondicionalmente en las malas) 

Para concluir, en mi mente me he sentido mal y bueno, aunque me esté yendo bastante bien, tengo claras mis emociones pero a veces siento que estoy mejor solo, y en otras ocasiones quiero estar con ella. Estamos en contacto 0 y solo quiero saber que opinan ustedes. Ha sido dificil, pero incluso sus familiares me tienen aprecio y preguntan por mi.",https://www.reddit.com/r/vzla/comments/1g3g4jk/ruptura_23_a%C3%B1os/,response,emphaty_score,,0,,,,2 (slightly empathetic)
Spanish,1byaqaf,"Hola Chavales mucho gusto,

Les comento que actualmente estoy laborando en una empresa de alimentos X, pero no me siento comodo de trabajar en un area que no involucra en nada a Sistemas, les cuento estoy estudiando la ingenieria en Sistemas en la mariano, pasa que actualmente busco trabajo, en relacion a la carrera que estudio voy al 5to semestre en la uni, eh asistido a varias entrevistas pero yo las llamo de relleno ya que las empresas solo te dicen te vamos a llamar, no se si les pasa pero a veces me siento ansioso e impaciente por algun tipo de empleo que eh buscado y en las empresas quedan al pendiente y nada que te llaman, no se quise compartirlo a lo mejor alguien aca les ha pasado y si puedan comentar alguna opinion respecto a ello se los agradeceria xdHoy es 1 de febrero, Debería ser un dia especial,pero me siento atrapado,Vivo en un lugar donde no estoy del todo comodo, mis padres me hicieron un pastel y me dieron un regalo que todavía no pude ni abrir porque no tengo fuerzas.

Me siento estancado, estoy re-estudiando mi pasado,analizando la unica amistad real que tuve en internet, y lamentablemente por todo lo que no pude concretar el año pasado ni el anterior. Me siento inferior porque, a pesar de mandar varios CVs a diferentes lugares,sigo sin trabajo y sin avanzar en mis metas personales. Siento que no me llevo nada """"rescatable"""" de mis 20 años,porque no ejecuté mis deseos ni mis proyectos.

Todavía cargo con traumas sociales y miedo a la tración, lo que me hace alejarme de las personas que considero malas para que no me hagan daño, hoy me levanté tarde,me siento solo y con pensamientos oscuros que me nublan la mente. Se supone que en un cumpleaños uno debería sentirse menos infeliz, pero por primera vez siento que el tiempo se me escapo demaciado,mas que los cumpleaños anteriores.

Solo queria soltar esto y desahogarme un poco. Como último deseo,si alguien quiere recomendarme alguna canción para acompañar este momento, se lo agradeceria mucho. Graciad por leer.""",https://www.reddit.com/r/guatemala/comments/1byaqaf/ansiedad_por_conseguir_empleo_y_entrevistas_de/,post,emotional_distress,no se si les pasa pero a veces me siento ansioso e impaciente,2,,moderate,,
Spanish,1byaqaf,"Hola Chavales mucho gusto,

Les comento que actualmente estoy laborando en una empresa de alimentos X, pero no me siento comodo de trabajar en un area que no involucra en nada a Sistemas, les cuento estoy estudiando la ingenieria en Sistemas en la mariano, pasa que actualmente busco trabajo, en relacion a la carrera que estudio voy al 5to semestre en la uni, eh asistido a varias entrevistas pero yo las llamo de relleno ya que las empresas solo te dicen te vamos a llamar, no se si les pasa pero a veces me siento ansioso e impaciente por algun tipo de empleo que eh buscado y en las empresas quedan al pendiente y nada que te llaman, no se quise compartirlo a lo mejor alguien aca les ha pasado y si puedan comentar alguna opinion respecto a ello se los agradeceria xdHoy es 1 de febrero, Debería ser un dia especial,pero me siento atrapado,Vivo en un lugar donde no estoy del todo comodo, mis padres me hicieron un pastel y me dieron un regalo que todavía no pude ni abrir porque no tengo fuerzas.

Me siento estancado, estoy re-estudiando mi pasado,analizando la unica amistad real que tuve en internet, y lamentablemente por todo lo que no pude concretar el año pasado ni el anterior. Me siento inferior porque, a pesar de mandar varios CVs a diferentes lugares,sigo sin trabajo y sin avanzar en mis metas personales. Siento que no me llevo nada """"rescatable"""" de mis 20 años,porque no ejecuté mis deseos ni mis proyectos.

Todavía cargo con traumas sociales y miedo a la tración, lo que me hace alejarme de las personas que considero malas para que no me hagan daño, hoy me levanté tarde,me siento solo y con pensamientos oscuros que me nublan la mente. Se supone que en un cumpleaños uno debería sentirse menos infeliz, pero por primera vez siento que el tiempo se me escapo demaciado,mas que los cumpleaños anteriores.

Solo queria soltar esto y desahogarme un poco. Como último deseo,si alguien quiere recomendarme alguna canción para acompañar este momento, se lo agradeceria mucho. Graciad por leer.""",https://www.reddit.com/r/guatemala/comments/1byaqaf/ansiedad_por_conseguir_empleo_y_entrevistas_de/,post,emotional_distress,"Les comento que actualmente estoy laborando en una empresa de alimentos X, pero no me siento comodo de trabajar en un area que no involucra en nada a Sistemas",2,,light,,
Spanish,1byaqaf,"Hola Chavales mucho gusto,

Les comento que actualmente estoy laborando en una empresa de alimentos X, pero no me siento comodo de trabajar en un area que no involucra en nada a Sistemas, les cuento estoy estudiando la ingenieria en Sistemas en la mariano, pasa que actualmente busco trabajo, en relacion a la carrera que estudio voy al 5to semestre en la uni, eh asistido a varias entrevistas pero yo las llamo de relleno ya que las empresas solo te dicen te vamos a llamar, no se si les pasa pero a veces me siento ansioso e impaciente por algun tipo de empleo que eh buscado y en las empresas quedan al pendiente y nada que te llaman, no se quise compartirlo a lo mejor alguien aca les ha pasado y si puedan comentar alguna opinion respecto a ello se los agradeceria xdHoy es 1 de febrero, Debería ser un dia especial,pero me siento atrapado,Vivo en un lugar donde no estoy del todo comodo, mis padres me hicieron un pastel y me dieron un regalo que todavía no pude ni abrir porque no tengo fuerzas.

Me siento estancado, estoy re-estudiando mi pasado,analizando la unica amistad real que tuve en internet, y lamentablemente por todo lo que no pude concretar el año pasado ni el anterior. Me siento inferior porque, a pesar de mandar varios CVs a diferentes lugares,sigo sin trabajo y sin avanzar en mis metas personales. Siento que no me llevo nada """"rescatable"""" de mis 20 años,porque no ejecuté mis deseos ni mis proyectos.

Todavía cargo con traumas sociales y miedo a la tración, lo que me hace alejarme de las personas que considero malas para que no me hagan daño, hoy me levanté tarde,me siento solo y con pensamientos oscuros que me nublan la mente. Se supone que en un cumpleaños uno debería sentirse menos infeliz, pero por primera vez siento que el tiempo se me escapo demaciado,mas que los cumpleaños anteriores.

Solo queria soltar esto y desahogarme un poco. Como último deseo,si alguien quiere recomendarme alguna canción para acompañar este momento, se lo agradeceria mucho. Graciad por leer.""",https://www.reddit.com/r/guatemala/comments/1byaqaf/ansiedad_por_conseguir_empleo_y_entrevistas_de/,post,cultural_signals,no se quise compartirlo a lo mejor alguien aca les ha pasado y si puedan comentar alguna opinion respecto a ello se los agradeceria,1,Knowledge,,,
Spanish,1byaqaf,"Hola Chavales mucho gusto,

Les comento que actualmente estoy laborando en una empresa de alimentos X, pero no me siento comodo de trabajar en un area que no involucra en nada a Sistemas, les cuento estoy estudiando la ingenieria en Sistemas en la mariano, pasa que actualmente busco trabajo, en relacion a la carrera que estudio voy al 5to semestre en la uni, eh asistido a varias entrevistas pero yo las llamo de relleno ya que las empresas solo te dicen te vamos a llamar, no se si les pasa pero a veces me siento ansioso e impaciente por algun tipo de empleo que eh buscado y en las empresas quedan al pendiente y nada que te llaman, no se quise compartirlo a lo mejor alguien aca les ha pasado y si puedan comentar alguna opinion respecto a ello se los agradeceria xdHoy es 1 de febrero, Debería ser un dia especial,pero me siento atrapado,Vivo en un lugar donde no estoy del todo comodo, mis padres me hicieron un pastel y me dieron un regalo que todavía no pude ni abrir porque no tengo fuerzas.

Me siento estancado, estoy re-estudiando mi pasado,analizando la unica amistad real que tuve en internet, y lamentablemente por todo lo que no pude concretar el año pasado ni el anterior. Me siento inferior porque, a pesar de mandar varios CVs a diferentes lugares,sigo sin trabajo y sin avanzar en mis metas personales. Siento que no me llevo nada """"rescatable"""" de mis 20 años,porque no ejecuté mis deseos ni mis proyectos.

Todavía cargo con traumas sociales y miedo a la tración, lo que me hace alejarme de las personas que considero malas para que no me hagan daño, hoy me levanté tarde,me siento solo y con pensamientos oscuros que me nublan la mente. Se supone que en un cumpleaños uno debería sentirse menos infeliz, pero por primera vez siento que el tiempo se me escapo demaciado,mas que los cumpleaños anteriores.

Solo queria soltar esto y desahogarme un poco. Como último deseo,si alguien quiere recomendarme alguna canción para acompañar este momento, se lo agradeceria mucho. Graciad por leer.""",https://www.reddit.com/r/guatemala/comments/1byaqaf/ansiedad_por_conseguir_empleo_y_entrevistas_de/,response,emotional_support,El mercado ahora tanto global como en GT esta bien mal… Tres años atras ubieras conseguido trabajo con los ojos cerrados.,3,,,Information,
Spanish,1byaqaf,"Hola Chavales mucho gusto,

Les comento que actualmente estoy laborando en una empresa de alimentos X, pero no me siento comodo de trabajar en un area que no involucra en nada a Sistemas, les cuento estoy estudiando la ingenieria en Sistemas en la mariano, pasa que actualmente busco trabajo, en relacion a la carrera que estudio voy al 5to semestre en la uni, eh asistido a varias entrevistas pero yo las llamo de relleno ya que las empresas solo te dicen te vamos a llamar, no se si les pasa pero a veces me siento ansioso e impaciente por algun tipo de empleo que eh buscado y en las empresas quedan al pendiente y nada que te llaman, no se quise compartirlo a lo mejor alguien aca les ha pasado y si puedan comentar alguna opinion respecto a ello se los agradeceria xdHoy es 1 de febrero, Debería ser un dia especial,pero me siento atrapado,Vivo en un lugar donde no estoy del todo comodo, mis padres me hicieron un pastel y me dieron un regalo que todavía no pude ni abrir porque no tengo fuerzas.

Me siento estancado, estoy re-estudiando mi pasado,analizando la unica amistad real que tuve en internet, y lamentablemente por todo lo que no pude concretar el año pasado ni el anterior. Me siento inferior porque, a pesar de mandar varios CVs a diferentes lugares,sigo sin trabajo y sin avanzar en mis metas personales. Siento que no me llevo nada """"rescatable"""" de mis 20 años,porque no ejecuté mis deseos ni mis proyectos.

Todavía cargo con traumas sociales y miedo a la tración, lo que me hace alejarme de las personas que considero malas para que no me hagan daño, hoy me levanté tarde,me siento solo y con pensamientos oscuros que me nublan la mente. Se supone que en un cumpleaños uno debería sentirse menos infeliz, pero por primera vez siento que el tiempo se me escapo demaciado,mas que los cumpleaños anteriores.

Solo queria soltar esto y desahogarme un poco. Como último deseo,si alguien quiere recomendarme alguna canción para acompañar este momento, se lo agradeceria mucho. Graciad por leer.""",https://www.reddit.com/r/guatemala/comments/1byaqaf/ansiedad_por_conseguir_empleo_y_entrevistas_de/,response,emotional_support,Sistemas creo que ya esta pasando la cuspide de ser la carrera que mas plata te puede dar y se esta estabilizando porque era bien irracional que podrias conseguir un salario de $4k $5k en tiempos de pandemia estando recien graduado.,3,,,Information,
Spanish,1byaqaf,"Hola Chavales mucho gusto,

Les comento que actualmente estoy laborando en una empresa de alimentos X, pero no me siento comodo de trabajar en un area que no involucra en nada a Sistemas, les cuento estoy estudiando la ingenieria en Sistemas en la mariano, pasa que actualmente busco trabajo, en relacion a la carrera que estudio voy al 5to semestre en la uni, eh asistido a varias entrevistas pero yo las llamo de relleno ya que las empresas solo te dicen te vamos a llamar, no se si les pasa pero a veces me siento ansioso e impaciente por algun tipo de empleo que eh buscado y en las empresas quedan al pendiente y nada que te llaman, no se quise compartirlo a lo mejor alguien aca les ha pasado y si puedan comentar alguna opinion respecto a ello se los agradeceria xdHoy es 1 de febrero, Debería ser un dia especial,pero me siento atrapado,Vivo en un lugar donde no estoy del todo comodo, mis padres me hicieron un pastel y me dieron un regalo que todavía no pude ni abrir porque no tengo fuerzas.

Me siento estancado, estoy re-estudiando mi pasado,analizando la unica amistad real que tuve en internet, y lamentablemente por todo lo que no pude concretar el año pasado ni el anterior. Me siento inferior porque, a pesar de mandar varios CVs a diferentes lugares,sigo sin trabajo y sin avanzar en mis metas personales. Siento que no me llevo nada """"rescatable"""" de mis 20 años,porque no ejecuté mis deseos ni mis proyectos.

Todavía cargo con traumas sociales y miedo a la tración, lo que me hace alejarme de las personas que considero malas para que no me hagan daño, hoy me levanté tarde,me siento solo y con pensamientos oscuros que me nublan la mente. Se supone que en un cumpleaños uno debería sentirse menos infeliz, pero por primera vez siento que el tiempo se me escapo demaciado,mas que los cumpleaños anteriores.

Solo queria soltar esto y desahogarme un poco. Como último deseo,si alguien quiere recomendarme alguna canción para acompañar este momento, se lo agradeceria mucho. Graciad por leer.""",https://www.reddit.com/r/guatemala/comments/1byaqaf/ansiedad_por_conseguir_empleo_y_entrevistas_de/,response,emotional_support,"Nomas queda hacerle huevos y estudiar mas, si 10 se postulan ala plaza que tenes vos de especial que esos 9 no tengan ?",3,,,Providing Suggestions,
Spanish,1byaqaf,"Hola Chavales mucho gusto,

Les comento que actualmente estoy laborando en una empresa de alimentos X, pero no me siento comodo de trabajar en un area que no involucra en nada a Sistemas, les cuento estoy estudiando la ingenieria en Sistemas en la mariano, pasa que actualmente busco trabajo, en relacion a la carrera que estudio voy al 5to semestre en la uni, eh asistido a varias entrevistas pero yo las llamo de relleno ya que las empresas solo te dicen te vamos a llamar, no se si les pasa pero a veces me siento ansioso e impaciente por algun tipo de empleo que eh buscado y en las empresas quedan al pendiente y nada que te llaman, no se quise compartirlo a lo mejor alguien aca les ha pasado y si puedan comentar alguna opinion respecto a ello se los agradeceria xdHoy es 1 de febrero, Debería ser un dia especial,pero me siento atrapado,Vivo en un lugar donde no estoy del todo comodo, mis padres me hicieron un pastel y me dieron un regalo que todavía no pude ni abrir porque no tengo fuerzas.

Me siento estancado, estoy re-estudiando mi pasado,analizando la unica amistad real que tuve en internet, y lamentablemente por todo lo que no pude concretar el año pasado ni el anterior. Me siento inferior porque, a pesar de mandar varios CVs a diferentes lugares,sigo sin trabajo y sin avanzar en mis metas personales. Siento que no me llevo nada """"rescatable"""" de mis 20 años,porque no ejecuté mis deseos ni mis proyectos.

Todavía cargo con traumas sociales y miedo a la tración, lo que me hace alejarme de las personas que considero malas para que no me hagan daño, hoy me levanté tarde,me siento solo y con pensamientos oscuros que me nublan la mente. Se supone que en un cumpleaños uno debería sentirse menos infeliz, pero por primera vez siento que el tiempo se me escapo demaciado,mas que los cumpleaños anteriores.

Solo queria soltar esto y desahogarme un poco. Como último deseo,si alguien quiere recomendarme alguna canción para acompañar este momento, se lo agradeceria mucho. Graciad por leer.""",https://www.reddit.com/r/guatemala/comments/1byaqaf/ansiedad_por_conseguir_empleo_y_entrevistas_de/,response,emotional_support,"Dependiendo a que plaza estas aplicando pero si es progra pura, es de hacer el grind como le dicen los gringos en leetcode y tener los fundamentos basicos cubiertos.",3,,,Providing Suggestions,
Spanish,1byaqaf,"Hola Chavales mucho gusto,

Les comento que actualmente estoy laborando en una empresa de alimentos X, pero no me siento comodo de trabajar en un area que no involucra en nada a Sistemas, les cuento estoy estudiando la ingenieria en Sistemas en la mariano, pasa que actualmente busco trabajo, en relacion a la carrera que estudio voy al 5to semestre en la uni, eh asistido a varias entrevistas pero yo las llamo de relleno ya que las empresas solo te dicen te vamos a llamar, no se si les pasa pero a veces me siento ansioso e impaciente por algun tipo de empleo que eh buscado y en las empresas quedan al pendiente y nada que te llaman, no se quise compartirlo a lo mejor alguien aca les ha pasado y si puedan comentar alguna opinion respecto a ello se los agradeceria xdHoy es 1 de febrero, Debería ser un dia especial,pero me siento atrapado,Vivo en un lugar donde no estoy del todo comodo, mis padres me hicieron un pastel y me dieron un regalo que todavía no pude ni abrir porque no tengo fuerzas.

Me siento estancado, estoy re-estudiando mi pasado,analizando la unica amistad real que tuve en internet, y lamentablemente por todo lo que no pude concretar el año pasado ni el anterior. Me siento inferior porque, a pesar de mandar varios CVs a diferentes lugares,sigo sin trabajo y sin avanzar en mis metas personales. Siento que no me llevo nada """"rescatable"""" de mis 20 años,porque no ejecuté mis deseos ni mis proyectos.

Todavía cargo con traumas sociales y miedo a la tración, lo que me hace alejarme de las personas que considero malas para que no me hagan daño, hoy me levanté tarde,me siento solo y con pensamientos oscuros que me nublan la mente. Se supone que en un cumpleaños uno debería sentirse menos infeliz, pero por primera vez siento que el tiempo se me escapo demaciado,mas que los cumpleaños anteriores.

Solo queria soltar esto y desahogarme un poco. Como último deseo,si alguien quiere recomendarme alguna canción para acompañar este momento, se lo agradeceria mucho. Graciad por leer.""",https://www.reddit.com/r/guatemala/comments/1byaqaf/ansiedad_por_conseguir_empleo_y_entrevistas_de/,response,emphaty_score,,0,,,,4 (quite empathetic)
Spanish,1dn4uwr,"Triste realidad 
No sé por que pero ahora estoy en un momento muy estresante para mí, Todo los días son iguales y no tengo pasión ni ganas de nada. Mi único momento de alivio era hablar con uno q otra amistad y cuando venía a un chico teníamos algo. La verdad con este chico todo bien al principio pero a medida q seguía con el me daba cuenta de su forma de ser. Este era muy pesimista y nunca tenía ganas de hacer nada y decía todo el tiempo q si sentía mal, a qué si esto, que si aquello. En fin yo por el contrario era más optimista, alegre y entusiasma. La verdad siempre lo animaba y lo incitaba a q hiciera actividades para q no se sintiera así. A medida que pasaba el tiempo me daba cuenta de q se animaba a probar y hacer más cosas y tenía un poco más de motivación, solo un poco. Con respecto a nosotros llego a un punto q ya su actitud hacia mí me tenía arta y la verdad terminamos. Lo irónico de la historia es q ahora el está haciendo todo lo q le decía q hiciera y ya no se siente mal como antes, mientras que por cosas de la vida siente todo lo contrario. Es como si me hubiese robado la energía",https://www.reddit.com/r/depression/comments/1dn4uwr/triste_realidad/,post,emotional_distress,"No sé por que pero ahora estoy en un momento muy estresante para mí, Todo los días son iguales y no tengo pasión ni ganas de nada.",2,,high,,
Spanish,1dn4uwr,"Triste realidad 
No sé por que pero ahora estoy en un momento muy estresante para mí, Todo los días son iguales y no tengo pasión ni ganas de nada. Mi único momento de alivio era hablar con uno q otra amistad y cuando venía a un chico teníamos algo. La verdad con este chico todo bien al principio pero a medida q seguía con el me daba cuenta de su forma de ser. Este era muy pesimista y nunca tenía ganas de hacer nada y decía todo el tiempo q si sentía mal, a qué si esto, que si aquello. En fin yo por el contrario era más optimista, alegre y entusiasma. La verdad siempre lo animaba y lo incitaba a q hiciera actividades para q no se sintiera así. A medida que pasaba el tiempo me daba cuenta de q se animaba a probar y hacer más cosas y tenía un poco más de motivación, solo un poco. Con respecto a nosotros llego a un punto q ya su actitud hacia mí me tenía arta y la verdad terminamos. Lo irónico de la historia es q ahora el está haciendo todo lo q le decía q hiciera y ya no se siente mal como antes, mientras que por cosas de la vida siente todo lo contrario. Es como si me hubiese robado la energía",https://www.reddit.com/r/depression/comments/1dn4uwr/triste_realidad/,post,cultural_signals,"Este era muy pesimista y nunca tenía ganas de hacer nada y decía todo el tiempo q si sentía mal, a qué si esto, que si aquello. En fin yo por el contrario era más optimista, alegre y entusiasma. La verdad siempre lo animaba y lo incitaba a q hiciera actividades para q no se sintiera así.",1,Values,,,
Spanish,1dn4uwr,"Triste realidad 
No sé por que pero ahora estoy en un momento muy estresante para mí, Todo los días son iguales y no tengo pasión ni ganas de nada. Mi único momento de alivio era hablar con uno q otra amistad y cuando venía a un chico teníamos algo. La verdad con este chico todo bien al principio pero a medida q seguía con el me daba cuenta de su forma de ser. Este era muy pesimista y nunca tenía ganas de hacer nada y decía todo el tiempo q si sentía mal, a qué si esto, que si aquello. En fin yo por el contrario era más optimista, alegre y entusiasma. La verdad siempre lo animaba y lo incitaba a q hiciera actividades para q no se sintiera así. A medida que pasaba el tiempo me daba cuenta de q se animaba a probar y hacer más cosas y tenía un poco más de motivación, solo un poco. Con respecto a nosotros llego a un punto q ya su actitud hacia mí me tenía arta y la verdad terminamos. Lo irónico de la historia es q ahora el está haciendo todo lo q le decía q hiciera y ya no se siente mal como antes, mientras que por cosas de la vida siente todo lo contrario. Es como si me hubiese robado la energía",https://www.reddit.com/r/depression/comments/1dn4uwr/triste_realidad/,post,cultural_signals,Es como si me hubiese robado la energía,1,Concepts,,,
Spanish,1dn4uwr,"Triste realidad 
No sé por que pero ahora estoy en un momento muy estresante para mí, Todo los días son iguales y no tengo pasión ni ganas de nada. Mi único momento de alivio era hablar con uno q otra amistad y cuando venía a un chico teníamos algo. La verdad con este chico todo bien al principio pero a medida q seguía con el me daba cuenta de su forma de ser. Este era muy pesimista y nunca tenía ganas de hacer nada y decía todo el tiempo q si sentía mal, a qué si esto, que si aquello. En fin yo por el contrario era más optimista, alegre y entusiasma. La verdad siempre lo animaba y lo incitaba a q hiciera actividades para q no se sintiera así. A medida que pasaba el tiempo me daba cuenta de q se animaba a probar y hacer más cosas y tenía un poco más de motivación, solo un poco. Con respecto a nosotros llego a un punto q ya su actitud hacia mí me tenía arta y la verdad terminamos. Lo irónico de la historia es q ahora el está haciendo todo lo q le decía q hiciera y ya no se siente mal como antes, mientras que por cosas de la vida siente todo lo contrario. Es como si me hubiese robado la energía",https://www.reddit.com/r/depression/comments/1dn4uwr/triste_realidad/,post,cultural_signals,"todo se siente como cargar un bulto 4 veces por todo Paloquemao,",1,Demographics,,,
Spanish,1dn4uwr,"Triste realidad 
No sé por que pero ahora estoy en un momento muy estresante para mí, Todo los días son iguales y no tengo pasión ni ganas de nada. Mi único momento de alivio era hablar con uno q otra amistad y cuando venía a un chico teníamos algo. La verdad con este chico todo bien al principio pero a medida q seguía con el me daba cuenta de su forma de ser. Este era muy pesimista y nunca tenía ganas de hacer nada y decía todo el tiempo q si sentía mal, a qué si esto, que si aquello. En fin yo por el contrario era más optimista, alegre y entusiasma. La verdad siempre lo animaba y lo incitaba a q hiciera actividades para q no se sintiera así. A medida que pasaba el tiempo me daba cuenta de q se animaba a probar y hacer más cosas y tenía un poco más de motivación, solo un poco. Con respecto a nosotros llego a un punto q ya su actitud hacia mí me tenía arta y la verdad terminamos. Lo irónico de la historia es q ahora el está haciendo todo lo q le decía q hiciera y ya no se siente mal como antes, mientras que por cosas de la vida siente todo lo contrario. Es como si me hubiese robado la energía",https://www.reddit.com/r/depression/comments/1dn4uwr/triste_realidad/,response,emotional_support,"Entiendo lo que dices,",3,,,Reflection of Feelings,
Spanish,1dn4uwr,"Triste realidad 
No sé por que pero ahora estoy en un momento muy estresante para mí, Todo los días son iguales y no tengo pasión ni ganas de nada. Mi único momento de alivio era hablar con uno q otra amistad y cuando venía a un chico teníamos algo. La verdad con este chico todo bien al principio pero a medida q seguía con el me daba cuenta de su forma de ser. Este era muy pesimista y nunca tenía ganas de hacer nada y decía todo el tiempo q si sentía mal, a qué si esto, que si aquello. En fin yo por el contrario era más optimista, alegre y entusiasma. La verdad siempre lo animaba y lo incitaba a q hiciera actividades para q no se sintiera así. A medida que pasaba el tiempo me daba cuenta de q se animaba a probar y hacer más cosas y tenía un poco más de motivación, solo un poco. Con respecto a nosotros llego a un punto q ya su actitud hacia mí me tenía arta y la verdad terminamos. Lo irónico de la historia es q ahora el está haciendo todo lo q le decía q hiciera y ya no se siente mal como antes, mientras que por cosas de la vida siente todo lo contrario. Es como si me hubiese robado la energía",https://www.reddit.com/r/depression/comments/1dn4uwr/triste_realidad/,response,emotional_support,"desde que me gradué he sentido un enorme vacío en mi, sin ganas de hacer absolutamente nada",3,,,Self-disclosure,
Spanish,1dn4uwr,"Triste realidad 
No sé por que pero ahora estoy en un momento muy estresante para mí, Todo los días son iguales y no tengo pasión ni ganas de nada. Mi único momento de alivio era hablar con uno q otra amistad y cuando venía a un chico teníamos algo. La verdad con este chico todo bien al principio pero a medida q seguía con el me daba cuenta de su forma de ser. Este era muy pesimista y nunca tenía ganas de hacer nada y decía todo el tiempo q si sentía mal, a qué si esto, que si aquello. En fin yo por el contrario era más optimista, alegre y entusiasma. La verdad siempre lo animaba y lo incitaba a q hiciera actividades para q no se sintiera así. A medida que pasaba el tiempo me daba cuenta de q se animaba a probar y hacer más cosas y tenía un poco más de motivación, solo un poco. Con respecto a nosotros llego a un punto q ya su actitud hacia mí me tenía arta y la verdad terminamos. Lo irónico de la historia es q ahora el está haciendo todo lo q le decía q hiciera y ya no se siente mal como antes, mientras que por cosas de la vida siente todo lo contrario. Es como si me hubiese robado la energía",https://www.reddit.com/r/depression/comments/1dn4uwr/triste_realidad/,response,cultural_signals,"aunque trato de mantenerme ocupado, llega un punto en el que es imposible distraer a mi mente y colapso pero supongo que seguir intentado es mi única chispa de esperanza de que todo mejore",1,Values,,,
Spanish,1dn4uwr,"Triste realidad 
No sé por que pero ahora estoy en un momento muy estresante para mí, Todo los días son iguales y no tengo pasión ni ganas de nada. Mi único momento de alivio era hablar con uno q otra amistad y cuando venía a un chico teníamos algo. La verdad con este chico todo bien al principio pero a medida q seguía con el me daba cuenta de su forma de ser. Este era muy pesimista y nunca tenía ganas de hacer nada y decía todo el tiempo q si sentía mal, a qué si esto, que si aquello. En fin yo por el contrario era más optimista, alegre y entusiasma. La verdad siempre lo animaba y lo incitaba a q hiciera actividades para q no se sintiera así. A medida que pasaba el tiempo me daba cuenta de q se animaba a probar y hacer más cosas y tenía un poco más de motivación, solo un poco. Con respecto a nosotros llego a un punto q ya su actitud hacia mí me tenía arta y la verdad terminamos. Lo irónico de la historia es q ahora el está haciendo todo lo q le decía q hiciera y ya no se siente mal como antes, mientras que por cosas de la vida siente todo lo contrario. Es como si me hubiese robado la energía",https://www.reddit.com/r/depression/comments/1dn4uwr/triste_realidad/,response,emphaty_score,,0,,,,3 (moderately empathetic)
Spanish,1qcc2o0,"La depresión en Colombia no es cuento ni falta de ganas (un post para bajar la ignorancia)
Antes de que algún mod con demasiado tiempo libre venga a borrar esto: no es un post para pedir ayuda personal ni para llamar la atención. Es solo para hablar de algo que en Colombia sigue súper satanizado y mal entendido: la depresión. No borren el post, escribir esto no es fácil.

Tengo 30 años. Gano 8 palos, estoy pagando mi apartamento, tengo buena moto, no tengo amigos, no fumo, no tomo , no consumo nada, pero desde afuera, muchos dirían que “no tengo de qué quejarme”. Aun así, soy un paciente más con depresión clínica, con dos intentos leves de cancelar la suscripción de la vida, ninguno pasó a mayoresm, una internación psiquiátrica en mayo de 2024 y varios trastornos que se intensificaron bastante después de una ruptura en 2023. (Gracias lorm546783)

Y sí, ya me sé los comentarios que van a salir: “Vaya al gym”, “Eso le pasa a todo el mundo”, “Con esa plata cualquiera sería feliz”, “Busque a Dios”, “Eso es falta de carácter”.

Precisamente por esa mentalidad es que escribo esto.

Vivir con depresión no es estar triste y ya La depresión no es pereza, no es drama y no es falta de huevas. Es una enfermedad que te jode la cabeza, el cuerpo y la forma en la que ves todo, es un desequilibrio químico que te pudre el cerebro.

Las cosas más simples se vuelven imposibles Levantarse, bañarse, lavar la loza… todo se siente como cargar un bulto 4 veces por todo Paloquemao, No es que uno no quiera, es que no puede. He llegado a pasar semanas sin bañarme o sin lavarme los dientes porque hay una sensación horrible que te bloquea, que no te deja ni arrancar, literlame náuseas y algo que rasca la cabeza. Empiezas a perder la confianza en la gente La depresión te aísla. Las palabras bonitas dejan de entrar, así vengan de tus papás, la pareja o de tu mejor amigo.

El cerebro se pone en modo defensa y uno se encierra en una burbuja. Alejar a la gente no es maldad, es un reflejo. El cerebro ya no funciona igual Se te va la concentración, se te olvidan las cosas, tomar decisiones básicas se vuelve un martirio. La cabeza vive llena de ruido, pensamientos negativos y voces internas que no se callan ni aunque estés distraído. La culpa es permanente Nada es suficiente. Te culpas por no rendir, por no “funcionar”, por decepcionar a otros, por estar así. Incluso te sientes culpable por estar deprimido, como si fuera una falla personal.

Todo se siente hostil Uno deja de confiar en el entorno. Comentarios como “solo échele ganas” o “todos tenemos problemas” no ayudan, solo hacen sentir que uno está fallando porque quiere, no porque está enfermo.

¿Por qué está tan satanizada?

Porque no se ve. No hay herida, no hay yeso, no hay radiografía. Yo puedo estar en un parche, reírme, hablar normal, crear vínculos… y aun así estar hecho mierda por dentro.

La gente no ve el esfuerzo brutal que uno hace para no ser tratado como un bicho raro y aún así, lo aíslan a uno horrible.

Edit: tomo mis pastillas, tomo mis terapias y controles, asisto seguidamente a actividades para mi activación conductual y actualmente estoy ""estable"" aunque con serios problemas de concentración.",https://www.reddit.com/r/Colombia/comments/1qcc2o0/la_depresi%C3%B3n_en_colombia_no_es_cuento_ni_falta_de/,post,cultural_signals,"Tengo 30 años. Gano 8 palos, estoy pagando mi apartamento, tengo buena moto, no tengo amigos, no fumo, no tomo , no consumo nada",1,Demographics,,,
Spanish,1qcc2o0,"La depresión en Colombia no es cuento ni falta de ganas (un post para bajar la ignorancia)
Antes de que algún mod con demasiado tiempo libre venga a borrar esto: no es un post para pedir ayuda personal ni para llamar la atención. Es solo para hablar de algo que en Colombia sigue súper satanizado y mal entendido: la depresión. No borren el post, escribir esto no es fácil.

Tengo 30 años. Gano 8 palos, estoy pagando mi apartamento, tengo buena moto, no tengo amigos, no fumo, no tomo , no consumo nada, pero desde afuera, muchos dirían que “no tengo de qué quejarme”. Aun así, soy un paciente más con depresión clínica, con dos intentos leves de cancelar la suscripción de la vida, ninguno pasó a mayoresm, una internación psiquiátrica en mayo de 2024 y varios trastornos que se intensificaron bastante después de una ruptura en 2023. (Gracias lorm546783)

Y sí, ya me sé los comentarios que van a salir: “Vaya al gym”, “Eso le pasa a todo el mundo”, “Con esa plata cualquiera sería feliz”, “Busque a Dios”, “Eso es falta de carácter”.

Precisamente por esa mentalidad es que escribo esto.

Vivir con depresión no es estar triste y ya La depresión no es pereza, no es drama y no es falta de huevas. Es una enfermedad que te jode la cabeza, el cuerpo y la forma en la que ves todo, es un desequilibrio químico que te pudre el cerebro.

Las cosas más simples se vuelven imposibles Levantarse, bañarse, lavar la loza… todo se siente como cargar un bulto 4 veces por todo Paloquemao, No es que uno no quiera, es que no puede. He llegado a pasar semanas sin bañarme o sin lavarme los dientes porque hay una sensación horrible que te bloquea, que no te deja ni arrancar, literlame náuseas y algo que rasca la cabeza. Empiezas a perder la confianza en la gente La depresión te aísla. Las palabras bonitas dejan de entrar, así vengan de tus papás, la pareja o de tu mejor amigo.

El cerebro se pone en modo defensa y uno se encierra en una burbuja. Alejar a la gente no es maldad, es un reflejo. El cerebro ya no funciona igual Se te va la concentración, se te olvidan las cosas, tomar decisiones básicas se vuelve un martirio. La cabeza vive llena de ruido, pensamientos negativos y voces internas que no se callan ni aunque estés distraído. La culpa es permanente Nada es suficiente. Te culpas por no rendir, por no “funcionar”, por decepcionar a otros, por estar así. Incluso te sientes culpable por estar deprimido, como si fuera una falla personal.

Todo se siente hostil Uno deja de confiar en el entorno. Comentarios como “solo échele ganas” o “todos tenemos problemas” no ayudan, solo hacen sentir que uno está fallando porque quiere, no porque está enfermo.

¿Por qué está tan satanizada?

Porque no se ve. No hay herida, no hay yeso, no hay radiografía. Yo puedo estar en un parche, reírme, hablar normal, crear vínculos… y aun así estar hecho mierda por dentro.

La gente no ve el esfuerzo brutal que uno hace para no ser tratado como un bicho raro y aún así, lo aíslan a uno horrible.

Edit: tomo mis pastillas, tomo mis terapias y controles, asisto seguidamente a actividades para mi activación conductual y actualmente estoy ""estable"" aunque con serios problemas de concentración.",https://www.reddit.com/r/Colombia/comments/1qcc2o0/la_depresi%C3%B3n_en_colombia_no_es_cuento_ni_falta_de/,post,cultural_signals,"muchos dirían que “no tengo de qué quejarme”. Aun así, soy un paciente más con depresión clínica, con dos intentos leves de cancelar la suscripción de la vida",1,Values,,,
Spanish,1qcc2o0,"La depresión en Colombia no es cuento ni falta de ganas (un post para bajar la ignorancia)
Antes de que algún mod con demasiado tiempo libre venga a borrar esto: no es un post para pedir ayuda personal ni para llamar la atención. Es solo para hablar de algo que en Colombia sigue súper satanizado y mal entendido: la depresión. No borren el post, escribir esto no es fácil.

Tengo 30 años. Gano 8 palos, estoy pagando mi apartamento, tengo buena moto, no tengo amigos, no fumo, no tomo , no consumo nada, pero desde afuera, muchos dirían que “no tengo de qué quejarme”. Aun así, soy un paciente más con depresión clínica, con dos intentos leves de cancelar la suscripción de la vida, ninguno pasó a mayoresm, una internación psiquiátrica en mayo de 2024 y varios trastornos que se intensificaron bastante después de una ruptura en 2023. (Gracias lorm546783)

Y sí, ya me sé los comentarios que van a salir: “Vaya al gym”, “Eso le pasa a todo el mundo”, “Con esa plata cualquiera sería feliz”, “Busque a Dios”, “Eso es falta de carácter”.

Precisamente por esa mentalidad es que escribo esto.

Vivir con depresión no es estar triste y ya La depresión no es pereza, no es drama y no es falta de huevas. Es una enfermedad que te jode la cabeza, el cuerpo y la forma en la que ves todo, es un desequilibrio químico que te pudre el cerebro.

Las cosas más simples se vuelven imposibles Levantarse, bañarse, lavar la loza… todo se siente como cargar un bulto 4 veces por todo Paloquemao, No es que uno no quiera, es que no puede. He llegado a pasar semanas sin bañarme o sin lavarme los dientes porque hay una sensación horrible que te bloquea, que no te deja ni arrancar, literlame náuseas y algo que rasca la cabeza. Empiezas a perder la confianza en la gente La depresión te aísla. Las palabras bonitas dejan de entrar, así vengan de tus papás, la pareja o de tu mejor amigo.

El cerebro se pone en modo defensa y uno se encierra en una burbuja. Alejar a la gente no es maldad, es un reflejo. El cerebro ya no funciona igual Se te va la concentración, se te olvidan las cosas, tomar decisiones básicas se vuelve un martirio. La cabeza vive llena de ruido, pensamientos negativos y voces internas que no se callan ni aunque estés distraído. La culpa es permanente Nada es suficiente. Te culpas por no rendir, por no “funcionar”, por decepcionar a otros, por estar así. Incluso te sientes culpable por estar deprimido, como si fuera una falla personal.

Todo se siente hostil Uno deja de confiar en el entorno. Comentarios como “solo échele ganas” o “todos tenemos problemas” no ayudan, solo hacen sentir que uno está fallando porque quiere, no porque está enfermo.

¿Por qué está tan satanizada?

Porque no se ve. No hay herida, no hay yeso, no hay radiografía. Yo puedo estar en un parche, reírme, hablar normal, crear vínculos… y aun así estar hecho mierda por dentro.

La gente no ve el esfuerzo brutal que uno hace para no ser tratado como un bicho raro y aún así, lo aíslan a uno horrible.

Edit: tomo mis pastillas, tomo mis terapias y controles, asisto seguidamente a actividades para mi activación conductual y actualmente estoy ""estable"" aunque con serios problemas de concentración.",https://www.reddit.com/r/Colombia/comments/1qcc2o0/la_depresi%C3%B3n_en_colombia_no_es_cuento_ni_falta_de/,post,cultural_signals,"Y sí, ya me sé los comentarios que van a salir: “Vaya al gym”, “Eso le pasa a todo el mundo”, “Con esa plata cualquiera sería feliz”, “Busque a Dios”, “Eso es falta de carácter”. 

Precisamente por esa mentalidad es que escribo esto.",1,Norms and Morals,,,
Spanish,1qcc2o0,"La depresión en Colombia no es cuento ni falta de ganas (un post para bajar la ignorancia)
Antes de que algún mod con demasiado tiempo libre venga a borrar esto: no es un post para pedir ayuda personal ni para llamar la atención. Es solo para hablar de algo que en Colombia sigue súper satanizado y mal entendido: la depresión. No borren el post, escribir esto no es fácil.

Tengo 30 años. Gano 8 palos, estoy pagando mi apartamento, tengo buena moto, no tengo amigos, no fumo, no tomo , no consumo nada, pero desde afuera, muchos dirían que “no tengo de qué quejarme”. Aun así, soy un paciente más con depresión clínica, con dos intentos leves de cancelar la suscripción de la vida, ninguno pasó a mayoresm, una internación psiquiátrica en mayo de 2024 y varios trastornos que se intensificaron bastante después de una ruptura en 2023. (Gracias lorm546783)

Y sí, ya me sé los comentarios que van a salir: “Vaya al gym”, “Eso le pasa a todo el mundo”, “Con esa plata cualquiera sería feliz”, “Busque a Dios”, “Eso es falta de carácter”.

Precisamente por esa mentalidad es que escribo esto.

Vivir con depresión no es estar triste y ya La depresión no es pereza, no es drama y no es falta de huevas. Es una enfermedad que te jode la cabeza, el cuerpo y la forma en la que ves todo, es un desequilibrio químico que te pudre el cerebro.

Las cosas más simples se vuelven imposibles Levantarse, bañarse, lavar la loza… todo se siente como cargar un bulto 4 veces por todo Paloquemao, No es que uno no quiera, es que no puede. He llegado a pasar semanas sin bañarme o sin lavarme los dientes porque hay una sensación horrible que te bloquea, que no te deja ni arrancar, literlame náuseas y algo que rasca la cabeza. Empiezas a perder la confianza en la gente La depresión te aísla. Las palabras bonitas dejan de entrar, así vengan de tus papás, la pareja o de tu mejor amigo.

El cerebro se pone en modo defensa y uno se encierra en una burbuja. Alejar a la gente no es maldad, es un reflejo. El cerebro ya no funciona igual Se te va la concentración, se te olvidan las cosas, tomar decisiones básicas se vuelve un martirio. La cabeza vive llena de ruido, pensamientos negativos y voces internas que no se callan ni aunque estés distraído. La culpa es permanente Nada es suficiente. Te culpas por no rendir, por no “funcionar”, por decepcionar a otros, por estar así. Incluso te sientes culpable por estar deprimido, como si fuera una falla personal.

Todo se siente hostil Uno deja de confiar en el entorno. Comentarios como “solo échele ganas” o “todos tenemos problemas” no ayudan, solo hacen sentir que uno está fallando porque quiere, no porque está enfermo.

¿Por qué está tan satanizada?

Porque no se ve. No hay herida, no hay yeso, no hay radiografía. Yo puedo estar en un parche, reírme, hablar normal, crear vínculos… y aun así estar hecho mierda por dentro.

La gente no ve el esfuerzo brutal que uno hace para no ser tratado como un bicho raro y aún así, lo aíslan a uno horrible.

Edit: tomo mis pastillas, tomo mis terapias y controles, asisto seguidamente a actividades para mi activación conductual y actualmente estoy ""estable"" aunque con serios problemas de concentración.",https://www.reddit.com/r/Colombia/comments/1qcc2o0/la_depresi%C3%B3n_en_colombia_no_es_cuento_ni_falta_de/,post,cultural_signals,"todo se siente como cargar un bulto 4 veces por todo Paloquemao,",1,Demographics,,,
Spanish,1qcc2o0,"La depresión en Colombia no es cuento ni falta de ganas (un post para bajar la ignorancia)
Antes de que algún mod con demasiado tiempo libre venga a borrar esto: no es un post para pedir ayuda personal ni para llamar la atención. Es solo para hablar de algo que en Colombia sigue súper satanizado y mal entendido: la depresión. No borren el post, escribir esto no es fácil.

Tengo 30 años. Gano 8 palos, estoy pagando mi apartamento, tengo buena moto, no tengo amigos, no fumo, no tomo , no consumo nada, pero desde afuera, muchos dirían que “no tengo de qué quejarme”. Aun así, soy un paciente más con depresión clínica, con dos intentos leves de cancelar la suscripción de la vida, ninguno pasó a mayoresm, una internación psiquiátrica en mayo de 2024 y varios trastornos que se intensificaron bastante después de una ruptura en 2023. (Gracias lorm546783)

Y sí, ya me sé los comentarios que van a salir: “Vaya al gym”, “Eso le pasa a todo el mundo”, “Con esa plata cualquiera sería feliz”, “Busque a Dios”, “Eso es falta de carácter”.

Precisamente por esa mentalidad es que escribo esto.

Vivir con depresión no es estar triste y ya La depresión no es pereza, no es drama y no es falta de huevas. Es una enfermedad que te jode la cabeza, el cuerpo y la forma en la que ves todo, es un desequilibrio químico que te pudre el cerebro.

Las cosas más simples se vuelven imposibles Levantarse, bañarse, lavar la loza… todo se siente como cargar un bulto 4 veces por todo Paloquemao, No es que uno no quiera, es que no puede. He llegado a pasar semanas sin bañarme o sin lavarme los dientes porque hay una sensación horrible que te bloquea, que no te deja ni arrancar, literlame náuseas y algo que rasca la cabeza. Empiezas a perder la confianza en la gente La depresión te aísla. Las palabras bonitas dejan de entrar, así vengan de tus papás, la pareja o de tu mejor amigo.

El cerebro se pone en modo defensa y uno se encierra en una burbuja. Alejar a la gente no es maldad, es un reflejo. El cerebro ya no funciona igual Se te va la concentración, se te olvidan las cosas, tomar decisiones básicas se vuelve un martirio. La cabeza vive llena de ruido, pensamientos negativos y voces internas que no se callan ni aunque estés distraído. La culpa es permanente Nada es suficiente. Te culpas por no rendir, por no “funcionar”, por decepcionar a otros, por estar así. Incluso te sientes culpable por estar deprimido, como si fuera una falla personal.

Todo se siente hostil Uno deja de confiar en el entorno. Comentarios como “solo échele ganas” o “todos tenemos problemas” no ayudan, solo hacen sentir que uno está fallando porque quiere, no porque está enfermo.

¿Por qué está tan satanizada?

Porque no se ve. No hay herida, no hay yeso, no hay radiografía. Yo puedo estar en un parche, reírme, hablar normal, crear vínculos… y aun así estar hecho mierda por dentro.

La gente no ve el esfuerzo brutal que uno hace para no ser tratado como un bicho raro y aún así, lo aíslan a uno horrible.

Edit: tomo mis pastillas, tomo mis terapias y controles, asisto seguidamente a actividades para mi activación conductual y actualmente estoy ""estable"" aunque con serios problemas de concentración.",https://www.reddit.com/r/Colombia/comments/1qcc2o0/la_depresi%C3%B3n_en_colombia_no_es_cuento_ni_falta_de/,post,emotional_distress,"La gente no ve el esfuerzo brutal que uno hace para no ser tratado como un bicho raro y aún así, lo aíslan a uno horrible.",2,,moderate,,
Spanish,1qcc2o0,"La depresión en Colombia no es cuento ni falta de ganas (un post para bajar la ignorancia)
Antes de que algún mod con demasiado tiempo libre venga a borrar esto: no es un post para pedir ayuda personal ni para llamar la atención. Es solo para hablar de algo que en Colombia sigue súper satanizado y mal entendido: la depresión. No borren el post, escribir esto no es fácil.

Tengo 30 años. Gano 8 palos, estoy pagando mi apartamento, tengo buena moto, no tengo amigos, no fumo, no tomo , no consumo nada, pero desde afuera, muchos dirían que “no tengo de qué quejarme”. Aun así, soy un paciente más con depresión clínica, con dos intentos leves de cancelar la suscripción de la vida, ninguno pasó a mayoresm, una internación psiquiátrica en mayo de 2024 y varios trastornos que se intensificaron bastante después de una ruptura en 2023. (Gracias lorm546783)

Y sí, ya me sé los comentarios que van a salir: “Vaya al gym”, “Eso le pasa a todo el mundo”, “Con esa plata cualquiera sería feliz”, “Busque a Dios”, “Eso es falta de carácter”.

Precisamente por esa mentalidad es que escribo esto.

Vivir con depresión no es estar triste y ya La depresión no es pereza, no es drama y no es falta de huevas. Es una enfermedad que te jode la cabeza, el cuerpo y la forma en la que ves todo, es un desequilibrio químico que te pudre el cerebro.

Las cosas más simples se vuelven imposibles Levantarse, bañarse, lavar la loza… todo se siente como cargar un bulto 4 veces por todo Paloquemao, No es que uno no quiera, es que no puede. He llegado a pasar semanas sin bañarme o sin lavarme los dientes porque hay una sensación horrible que te bloquea, que no te deja ni arrancar, literlame náuseas y algo que rasca la cabeza. Empiezas a perder la confianza en la gente La depresión te aísla. Las palabras bonitas dejan de entrar, así vengan de tus papás, la pareja o de tu mejor amigo.

El cerebro se pone en modo defensa y uno se encierra en una burbuja. Alejar a la gente no es maldad, es un reflejo. El cerebro ya no funciona igual Se te va la concentración, se te olvidan las cosas, tomar decisiones básicas se vuelve un martirio. La cabeza vive llena de ruido, pensamientos negativos y voces internas que no se callan ni aunque estés distraído. La culpa es permanente Nada es suficiente. Te culpas por no rendir, por no “funcionar”, por decepcionar a otros, por estar así. Incluso te sientes culpable por estar deprimido, como si fuera una falla personal.

Todo se siente hostil Uno deja de confiar en el entorno. Comentarios como “solo échele ganas” o “todos tenemos problemas” no ayudan, solo hacen sentir que uno está fallando porque quiere, no porque está enfermo.

¿Por qué está tan satanizada?

Porque no se ve. No hay herida, no hay yeso, no hay radiografía. Yo puedo estar en un parche, reírme, hablar normal, crear vínculos… y aun así estar hecho mierda por dentro.

La gente no ve el esfuerzo brutal que uno hace para no ser tratado como un bicho raro y aún así, lo aíslan a uno horrible.

Edit: tomo mis pastillas, tomo mis terapias y controles, asisto seguidamente a actividades para mi activación conductual y actualmente estoy ""estable"" aunque con serios problemas de concentración.",https://www.reddit.com/r/Colombia/comments/1qcc2o0/la_depresi%C3%B3n_en_colombia_no_es_cuento_ni_falta_de/,response,cultural_signals,"Peor si es un hombre el que tiene depresión. Estamos acostumbrados a no quejarnos, a no mostrar debilidad.",1,Norms and Morals,,,
Spanish,1qcc2o0,"La depresión en Colombia no es cuento ni falta de ganas (un post para bajar la ignorancia)
Antes de que algún mod con demasiado tiempo libre venga a borrar esto: no es un post para pedir ayuda personal ni para llamar la atención. Es solo para hablar de algo que en Colombia sigue súper satanizado y mal entendido: la depresión. No borren el post, escribir esto no es fácil.

Tengo 30 años. Gano 8 palos, estoy pagando mi apartamento, tengo buena moto, no tengo amigos, no fumo, no tomo , no consumo nada, pero desde afuera, muchos dirían que “no tengo de qué quejarme”. Aun así, soy un paciente más con depresión clínica, con dos intentos leves de cancelar la suscripción de la vida, ninguno pasó a mayoresm, una internación psiquiátrica en mayo de 2024 y varios trastornos que se intensificaron bastante después de una ruptura en 2023. (Gracias lorm546783)

Y sí, ya me sé los comentarios que van a salir: “Vaya al gym”, “Eso le pasa a todo el mundo”, “Con esa plata cualquiera sería feliz”, “Busque a Dios”, “Eso es falta de carácter”.

Precisamente por esa mentalidad es que escribo esto.

Vivir con depresión no es estar triste y ya La depresión no es pereza, no es drama y no es falta de huevas. Es una enfermedad que te jode la cabeza, el cuerpo y la forma en la que ves todo, es un desequilibrio químico que te pudre el cerebro.

Las cosas más simples se vuelven imposibles Levantarse, bañarse, lavar la loza… todo se siente como cargar un bulto 4 veces por todo Paloquemao, No es que uno no quiera, es que no puede. He llegado a pasar semanas sin bañarme o sin lavarme los dientes porque hay una sensación horrible que te bloquea, que no te deja ni arrancar, literlame náuseas y algo que rasca la cabeza. Empiezas a perder la confianza en la gente La depresión te aísla. Las palabras bonitas dejan de entrar, así vengan de tus papás, la pareja o de tu mejor amigo.

El cerebro se pone en modo defensa y uno se encierra en una burbuja. Alejar a la gente no es maldad, es un reflejo. El cerebro ya no funciona igual Se te va la concentración, se te olvidan las cosas, tomar decisiones básicas se vuelve un martirio. La cabeza vive llena de ruido, pensamientos negativos y voces internas que no se callan ni aunque estés distraído. La culpa es permanente Nada es suficiente. Te culpas por no rendir, por no “funcionar”, por decepcionar a otros, por estar así. Incluso te sientes culpable por estar deprimido, como si fuera una falla personal.

Todo se siente hostil Uno deja de confiar en el entorno. Comentarios como “solo échele ganas” o “todos tenemos problemas” no ayudan, solo hacen sentir que uno está fallando porque quiere, no porque está enfermo.

¿Por qué está tan satanizada?

Porque no se ve. No hay herida, no hay yeso, no hay radiografía. Yo puedo estar en un parche, reírme, hablar normal, crear vínculos… y aun así estar hecho mierda por dentro.

La gente no ve el esfuerzo brutal que uno hace para no ser tratado como un bicho raro y aún así, lo aíslan a uno horrible.

Edit: tomo mis pastillas, tomo mis terapias y controles, asisto seguidamente a actividades para mi activación conductual y actualmente estoy ""estable"" aunque con serios problemas de concentración.",https://www.reddit.com/r/Colombia/comments/1qcc2o0/la_depresi%C3%B3n_en_colombia_no_es_cuento_ni_falta_de/,response,emotional_support,"Yo también tengo mis rayones pero se puede decir que soy ""altamente funcional"", nunca me ha mandado al hospital y no puedo darme el lujo de no pararme de la cama y por esa misma razón a la gente no se le pasa por la cabeza que uno a veces esta muy mal, reventado por dentro.Siempre cumplo con lo que me toca, pero el costo es muy alto, te drena la energía y por lo mismo te aísla.",3,,,Self-disclosure,
Spanish,1qcc2o0,"La depresión en Colombia no es cuento ni falta de ganas (un post para bajar la ignorancia)
Antes de que algún mod con demasiado tiempo libre venga a borrar esto: no es un post para pedir ayuda personal ni para llamar la atención. Es solo para hablar de algo que en Colombia sigue súper satanizado y mal entendido: la depresión. No borren el post, escribir esto no es fácil.

Tengo 30 años. Gano 8 palos, estoy pagando mi apartamento, tengo buena moto, no tengo amigos, no fumo, no tomo , no consumo nada, pero desde afuera, muchos dirían que “no tengo de qué quejarme”. Aun así, soy un paciente más con depresión clínica, con dos intentos leves de cancelar la suscripción de la vida, ninguno pasó a mayoresm, una internación psiquiátrica en mayo de 2024 y varios trastornos que se intensificaron bastante después de una ruptura en 2023. (Gracias lorm546783)

Y sí, ya me sé los comentarios que van a salir: “Vaya al gym”, “Eso le pasa a todo el mundo”, “Con esa plata cualquiera sería feliz”, “Busque a Dios”, “Eso es falta de carácter”.

Precisamente por esa mentalidad es que escribo esto.

Vivir con depresión no es estar triste y ya La depresión no es pereza, no es drama y no es falta de huevas. Es una enfermedad que te jode la cabeza, el cuerpo y la forma en la que ves todo, es un desequilibrio químico que te pudre el cerebro.

Las cosas más simples se vuelven imposibles Levantarse, bañarse, lavar la loza… todo se siente como cargar un bulto 4 veces por todo Paloquemao, No es que uno no quiera, es que no puede. He llegado a pasar semanas sin bañarme o sin lavarme los dientes porque hay una sensación horrible que te bloquea, que no te deja ni arrancar, literlame náuseas y algo que rasca la cabeza. Empiezas a perder la confianza en la gente La depresión te aísla. Las palabras bonitas dejan de entrar, así vengan de tus papás, la pareja o de tu mejor amigo.

El cerebro se pone en modo defensa y uno se encierra en una burbuja. Alejar a la gente no es maldad, es un reflejo. El cerebro ya no funciona igual Se te va la concentración, se te olvidan las cosas, tomar decisiones básicas se vuelve un martirio. La cabeza vive llena de ruido, pensamientos negativos y voces internas que no se callan ni aunque estés distraído. La culpa es permanente Nada es suficiente. Te culpas por no rendir, por no “funcionar”, por decepcionar a otros, por estar así. Incluso te sientes culpable por estar deprimido, como si fuera una falla personal.

Todo se siente hostil Uno deja de confiar en el entorno. Comentarios como “solo échele ganas” o “todos tenemos problemas” no ayudan, solo hacen sentir que uno está fallando porque quiere, no porque está enfermo.

¿Por qué está tan satanizada?

Porque no se ve. No hay herida, no hay yeso, no hay radiografía. Yo puedo estar en un parche, reírme, hablar normal, crear vínculos… y aun así estar hecho mierda por dentro.

La gente no ve el esfuerzo brutal que uno hace para no ser tratado como un bicho raro y aún así, lo aíslan a uno horrible.

Edit: tomo mis pastillas, tomo mis terapias y controles, asisto seguidamente a actividades para mi activación conductual y actualmente estoy ""estable"" aunque con serios problemas de concentración.",https://www.reddit.com/r/Colombia/comments/1qcc2o0/la_depresi%C3%B3n_en_colombia_no_es_cuento_ni_falta_de/,response,cultural_signals,"Yo por puro resabio no he querido medicar, pero lo estoy pensando seriamente.",1,Languange,,,
Spanish,1qcc2o0,"La depresión en Colombia no es cuento ni falta de ganas (un post para bajar la ignorancia)
Antes de que algún mod con demasiado tiempo libre venga a borrar esto: no es un post para pedir ayuda personal ni para llamar la atención. Es solo para hablar de algo que en Colombia sigue súper satanizado y mal entendido: la depresión. No borren el post, escribir esto no es fácil.

Tengo 30 años. Gano 8 palos, estoy pagando mi apartamento, tengo buena moto, no tengo amigos, no fumo, no tomo , no consumo nada, pero desde afuera, muchos dirían que “no tengo de qué quejarme”. Aun así, soy un paciente más con depresión clínica, con dos intentos leves de cancelar la suscripción de la vida, ninguno pasó a mayoresm, una internación psiquiátrica en mayo de 2024 y varios trastornos que se intensificaron bastante después de una ruptura en 2023. (Gracias lorm546783)

Y sí, ya me sé los comentarios que van a salir: “Vaya al gym”, “Eso le pasa a todo el mundo”, “Con esa plata cualquiera sería feliz”, “Busque a Dios”, “Eso es falta de carácter”.

Precisamente por esa mentalidad es que escribo esto.

Vivir con depresión no es estar triste y ya La depresión no es pereza, no es drama y no es falta de huevas. Es una enfermedad que te jode la cabeza, el cuerpo y la forma en la que ves todo, es un desequilibrio químico que te pudre el cerebro.

Las cosas más simples se vuelven imposibles Levantarse, bañarse, lavar la loza… todo se siente como cargar un bulto 4 veces por todo Paloquemao, No es que uno no quiera, es que no puede. He llegado a pasar semanas sin bañarme o sin lavarme los dientes porque hay una sensación horrible que te bloquea, que no te deja ni arrancar, literlame náuseas y algo que rasca la cabeza. Empiezas a perder la confianza en la gente La depresión te aísla. Las palabras bonitas dejan de entrar, así vengan de tus papás, la pareja o de tu mejor amigo.

El cerebro se pone en modo defensa y uno se encierra en una burbuja. Alejar a la gente no es maldad, es un reflejo. El cerebro ya no funciona igual Se te va la concentración, se te olvidan las cosas, tomar decisiones básicas se vuelve un martirio. La cabeza vive llena de ruido, pensamientos negativos y voces internas que no se callan ni aunque estés distraído. La culpa es permanente Nada es suficiente. Te culpas por no rendir, por no “funcionar”, por decepcionar a otros, por estar así. Incluso te sientes culpable por estar deprimido, como si fuera una falla personal.

Todo se siente hostil Uno deja de confiar en el entorno. Comentarios como “solo échele ganas” o “todos tenemos problemas” no ayudan, solo hacen sentir que uno está fallando porque quiere, no porque está enfermo.

¿Por qué está tan satanizada?

Porque no se ve. No hay herida, no hay yeso, no hay radiografía. Yo puedo estar en un parche, reírme, hablar normal, crear vínculos… y aun así estar hecho mierda por dentro.

La gente no ve el esfuerzo brutal que uno hace para no ser tratado como un bicho raro y aún así, lo aíslan a uno horrible.

Edit: tomo mis pastillas, tomo mis terapias y controles, asisto seguidamente a actividades para mi activación conductual y actualmente estoy ""estable"" aunque con serios problemas de concentración.",https://www.reddit.com/r/Colombia/comments/1qcc2o0/la_depresi%C3%B3n_en_colombia_no_es_cuento_ni_falta_de/,response,emotional_support,Todo esto para decirle que lo entiendo,3,,,Reflection of Feelings,
Spanish,1qcc2o0,"La depresión en Colombia no es cuento ni falta de ganas (un post para bajar la ignorancia)
Antes de que algún mod con demasiado tiempo libre venga a borrar esto: no es un post para pedir ayuda personal ni para llamar la atención. Es solo para hablar de algo que en Colombia sigue súper satanizado y mal entendido: la depresión. No borren el post, escribir esto no es fácil.

Tengo 30 años. Gano 8 palos, estoy pagando mi apartamento, tengo buena moto, no tengo amigos, no fumo, no tomo , no consumo nada, pero desde afuera, muchos dirían que “no tengo de qué quejarme”. Aun así, soy un paciente más con depresión clínica, con dos intentos leves de cancelar la suscripción de la vida, ninguno pasó a mayoresm, una internación psiquiátrica en mayo de 2024 y varios trastornos que se intensificaron bastante después de una ruptura en 2023. (Gracias lorm546783)

Y sí, ya me sé los comentarios que van a salir: “Vaya al gym”, “Eso le pasa a todo el mundo”, “Con esa plata cualquiera sería feliz”, “Busque a Dios”, “Eso es falta de carácter”.

Precisamente por esa mentalidad es que escribo esto.

Vivir con depresión no es estar triste y ya La depresión no es pereza, no es drama y no es falta de huevas. Es una enfermedad que te jode la cabeza, el cuerpo y la forma en la que ves todo, es un desequilibrio químico que te pudre el cerebro.

Las cosas más simples se vuelven imposibles Levantarse, bañarse, lavar la loza… todo se siente como cargar un bulto 4 veces por todo Paloquemao, No es que uno no quiera, es que no puede. He llegado a pasar semanas sin bañarme o sin lavarme los dientes porque hay una sensación horrible que te bloquea, que no te deja ni arrancar, literlame náuseas y algo que rasca la cabeza. Empiezas a perder la confianza en la gente La depresión te aísla. Las palabras bonitas dejan de entrar, así vengan de tus papás, la pareja o de tu mejor amigo.

El cerebro se pone en modo defensa y uno se encierra en una burbuja. Alejar a la gente no es maldad, es un reflejo. El cerebro ya no funciona igual Se te va la concentración, se te olvidan las cosas, tomar decisiones básicas se vuelve un martirio. La cabeza vive llena de ruido, pensamientos negativos y voces internas que no se callan ni aunque estés distraído. La culpa es permanente Nada es suficiente. Te culpas por no rendir, por no “funcionar”, por decepcionar a otros, por estar así. Incluso te sientes culpable por estar deprimido, como si fuera una falla personal.

Todo se siente hostil Uno deja de confiar en el entorno. Comentarios como “solo échele ganas” o “todos tenemos problemas” no ayudan, solo hacen sentir que uno está fallando porque quiere, no porque está enfermo.

¿Por qué está tan satanizada?

Porque no se ve. No hay herida, no hay yeso, no hay radiografía. Yo puedo estar en un parche, reírme, hablar normal, crear vínculos… y aun así estar hecho mierda por dentro.

La gente no ve el esfuerzo brutal que uno hace para no ser tratado como un bicho raro y aún así, lo aíslan a uno horrible.

Edit: tomo mis pastillas, tomo mis terapias y controles, asisto seguidamente a actividades para mi activación conductual y actualmente estoy ""estable"" aunque con serios problemas de concentración.",https://www.reddit.com/r/Colombia/comments/1qcc2o0/la_depresi%C3%B3n_en_colombia_no_es_cuento_ni_falta_de/,response,emphaty_score,,0,,,,3 (moderately empathetic)
Spanish,1qkjfwj,"Tengo ansiedad gracias a mi pensamiento excesivo 

buen día, como ya vieron en el título tengo un poco de ansiedad y se los resumo rápido. 

Hace poco mi papá termino de pagar su casa (Infonavit) 

el ya tiene 54 años y le cuesta trabajar ya, entonces yo buscaba la manera de generar dinero para ayudarle y empecé a vender y comprar motos, como todo primerizo pues no estoy muy informado, compré una moto y la vendí rápido eso fue por octubre 2025, hace 3 días el chavo al que se la vendí me dijo que era robada, al momento de intentar plaquerla se la quitaron y que era robada, cabe aclarar que me enseñó el registro donde decía que tenía reporte de robo (Le repuse una buena parte de lo que me pagó) y se supone que así quedamos a mano ya que yo no sabía, hasta le entregué copia de mi INE. 

Bueno el problema es que tengo miedo de que vayan a decir que yo vendo robado y que me vaya a querer buscar porque justo hoy paso un chavo por mi casa y se le quedó viendo y se retorno y siguió viendo, del ministerio no me han llamado y no creo que me llamen ya que le entregué INE, el problema es que nosé si me intenten hacer algo ya que aquí en mi ciudad matan mucho a los que se roban motos y no se que hacer estoy muy asustado. Algo con lo que me ayuden acepto críticas que me juzguen y de todo.",https://www.reddit.com/r/mexico/comments/1qkjfwj/tengo_ansiedad_gracias_a_mi_pensamiento_excesivo/,post,emotional_distress,"buen día, como ya vieron en el título tengo un poco de ansiedad",2,,light,,
Spanish,1qkjfwj,"Tengo ansiedad gracias a mi pensamiento excesivo 

buen día, como ya vieron en el título tengo un poco de ansiedad y se los resumo rápido. 

Hace poco mi papá termino de pagar su casa (Infonavit) 

el ya tiene 54 años y le cuesta trabajar ya, entonces yo buscaba la manera de generar dinero para ayudarle y empecé a vender y comprar motos, como todo primerizo pues no estoy muy informado, compré una moto y la vendí rápido eso fue por octubre 2025, hace 3 días el chavo al que se la vendí me dijo que era robada, al momento de intentar plaquerla se la quitaron y que era robada, cabe aclarar que me enseñó el registro donde decía que tenía reporte de robo (Le repuse una buena parte de lo que me pagó) y se supone que así quedamos a mano ya que yo no sabía, hasta le entregué copia de mi INE. 

Bueno el problema es que tengo miedo de que vayan a decir que yo vendo robado y que me vaya a querer buscar porque justo hoy paso un chavo por mi casa y se le quedó viendo y se retorno y siguió viendo, del ministerio no me han llamado y no creo que me llamen ya que le entregué INE, el problema es que nosé si me intenten hacer algo ya que aquí en mi ciudad matan mucho a los que se roban motos y no se que hacer estoy muy asustado. Algo con lo que me ayuden acepto críticas que me juzguen y de todo.",https://www.reddit.com/r/mexico/comments/1qkjfwj/tengo_ansiedad_gracias_a_mi_pensamiento_excesivo/,post,cultural_signals,"el ya tiene 54 años y le cuesta trabajar ya, entonces yo buscaba la manera de generar dinero para ayudarle y empecé a vender y comprar motos",1,Values,,,
Spanish,1qkjfwj,"Tengo ansiedad gracias a mi pensamiento excesivo 

buen día, como ya vieron en el título tengo un poco de ansiedad y se los resumo rápido. 

Hace poco mi papá termino de pagar su casa (Infonavit) 

el ya tiene 54 años y le cuesta trabajar ya, entonces yo buscaba la manera de generar dinero para ayudarle y empecé a vender y comprar motos, como todo primerizo pues no estoy muy informado, compré una moto y la vendí rápido eso fue por octubre 2025, hace 3 días el chavo al que se la vendí me dijo que era robada, al momento de intentar plaquerla se la quitaron y que era robada, cabe aclarar que me enseñó el registro donde decía que tenía reporte de robo (Le repuse una buena parte de lo que me pagó) y se supone que así quedamos a mano ya que yo no sabía, hasta le entregué copia de mi INE. 

Bueno el problema es que tengo miedo de que vayan a decir que yo vendo robado y que me vaya a querer buscar porque justo hoy paso un chavo por mi casa y se le quedó viendo y se retorno y siguió viendo, del ministerio no me han llamado y no creo que me llamen ya que le entregué INE, el problema es que nosé si me intenten hacer algo ya que aquí en mi ciudad matan mucho a los que se roban motos y no se que hacer estoy muy asustado. Algo con lo que me ayuden acepto críticas que me juzguen y de todo.",https://www.reddit.com/r/mexico/comments/1qkjfwj/tengo_ansiedad_gracias_a_mi_pensamiento_excesivo/,post,cultural_signals,hace 3 días el chavo al que se la vendí,1,Languange,,,
Spanish,1qkjfwj,"Tengo ansiedad gracias a mi pensamiento excesivo 

buen día, como ya vieron en el título tengo un poco de ansiedad y se los resumo rápido. 

Hace poco mi papá termino de pagar su casa (Infonavit) 

el ya tiene 54 años y le cuesta trabajar ya, entonces yo buscaba la manera de generar dinero para ayudarle y empecé a vender y comprar motos, como todo primerizo pues no estoy muy informado, compré una moto y la vendí rápido eso fue por octubre 2025, hace 3 días el chavo al que se la vendí me dijo que era robada, al momento de intentar plaquerla se la quitaron y que era robada, cabe aclarar que me enseñó el registro donde decía que tenía reporte de robo (Le repuse una buena parte de lo que me pagó) y se supone que así quedamos a mano ya que yo no sabía, hasta le entregué copia de mi INE. 

Bueno el problema es que tengo miedo de que vayan a decir que yo vendo robado y que me vaya a querer buscar porque justo hoy paso un chavo por mi casa y se le quedó viendo y se retorno y siguió viendo, del ministerio no me han llamado y no creo que me llamen ya que le entregué INE, el problema es que nosé si me intenten hacer algo ya que aquí en mi ciudad matan mucho a los que se roban motos y no se que hacer estoy muy asustado. Algo con lo que me ayuden acepto críticas que me juzguen y de todo.",https://www.reddit.com/r/mexico/comments/1qkjfwj/tengo_ansiedad_gracias_a_mi_pensamiento_excesivo/,post,emotional_distress,el problema es que nosé si me intenten hacer algo ya que aquí en mi ciudad matan mucho a los que se roban motos y no se que hacer estoy muy asustado.,2,,high,,
Spanish,1qkjfwj,"Tengo ansiedad gracias a mi pensamiento excesivo 

buen día, como ya vieron en el título tengo un poco de ansiedad y se los resumo rápido. 

Hace poco mi papá termino de pagar su casa (Infonavit) 

el ya tiene 54 años y le cuesta trabajar ya, entonces yo buscaba la manera de generar dinero para ayudarle y empecé a vender y comprar motos, como todo primerizo pues no estoy muy informado, compré una moto y la vendí rápido eso fue por octubre 2025, hace 3 días el chavo al que se la vendí me dijo que era robada, al momento de intentar plaquerla se la quitaron y que era robada, cabe aclarar que me enseñó el registro donde decía que tenía reporte de robo (Le repuse una buena parte de lo que me pagó) y se supone que así quedamos a mano ya que yo no sabía, hasta le entregué copia de mi INE. 

Bueno el problema es que tengo miedo de que vayan a decir que yo vendo robado y que me vaya a querer buscar porque justo hoy paso un chavo por mi casa y se le quedó viendo y se retorno y siguió viendo, del ministerio no me han llamado y no creo que me llamen ya que le entregué INE, el problema es que nosé si me intenten hacer algo ya que aquí en mi ciudad matan mucho a los que se roban motos y no se que hacer estoy muy asustado. Algo con lo que me ayuden acepto críticas que me juzguen y de todo.",https://www.reddit.com/r/mexico/comments/1qkjfwj/tengo_ansiedad_gracias_a_mi_pensamiento_excesivo/,response,emotional_support,"Tú quisiste ayudar a tu apá, un hombre que ya pagó su casa con puro lomo, a los 54 ya no rinde igual y tú",3,,,Affirmation and Reassurance,
Spanish,1qkjfwj,"Tengo ansiedad gracias a mi pensamiento excesivo 

buen día, como ya vieron en el título tengo un poco de ansiedad y se los resumo rápido. 

Hace poco mi papá termino de pagar su casa (Infonavit) 

el ya tiene 54 años y le cuesta trabajar ya, entonces yo buscaba la manera de generar dinero para ayudarle y empecé a vender y comprar motos, como todo primerizo pues no estoy muy informado, compré una moto y la vendí rápido eso fue por octubre 2025, hace 3 días el chavo al que se la vendí me dijo que era robada, al momento de intentar plaquerla se la quitaron y que era robada, cabe aclarar que me enseñó el registro donde decía que tenía reporte de robo (Le repuse una buena parte de lo que me pagó) y se supone que así quedamos a mano ya que yo no sabía, hasta le entregué copia de mi INE. 

Bueno el problema es que tengo miedo de que vayan a decir que yo vendo robado y que me vaya a querer buscar porque justo hoy paso un chavo por mi casa y se le quedó viendo y se retorno y siguió viendo, del ministerio no me han llamado y no creo que me llamen ya que le entregué INE, el problema es que nosé si me intenten hacer algo ya que aquí en mi ciudad matan mucho a los que se roban motos y no se que hacer estoy muy asustado. Algo con lo que me ayuden acepto críticas que me juzguen y de todo.",https://www.reddit.com/r/mexico/comments/1qkjfwj/tengo_ansiedad_gracias_a_mi_pensamiento_excesivo/,response,cultural_signals,"como buen hijo,",1,Concepts,,,
Spanish,1qkjfwj,"Tengo ansiedad gracias a mi pensamiento excesivo 

buen día, como ya vieron en el título tengo un poco de ansiedad y se los resumo rápido. 

Hace poco mi papá termino de pagar su casa (Infonavit) 

el ya tiene 54 años y le cuesta trabajar ya, entonces yo buscaba la manera de generar dinero para ayudarle y empecé a vender y comprar motos, como todo primerizo pues no estoy muy informado, compré una moto y la vendí rápido eso fue por octubre 2025, hace 3 días el chavo al que se la vendí me dijo que era robada, al momento de intentar plaquerla se la quitaron y que era robada, cabe aclarar que me enseñó el registro donde decía que tenía reporte de robo (Le repuse una buena parte de lo que me pagó) y se supone que así quedamos a mano ya que yo no sabía, hasta le entregué copia de mi INE. 

Bueno el problema es que tengo miedo de que vayan a decir que yo vendo robado y que me vaya a querer buscar porque justo hoy paso un chavo por mi casa y se le quedó viendo y se retorno y siguió viendo, del ministerio no me han llamado y no creo que me llamen ya que le entregué INE, el problema es que nosé si me intenten hacer algo ya que aquí en mi ciudad matan mucho a los que se roban motos y no se que hacer estoy muy asustado. Algo con lo que me ayuden acepto críticas que me juzguen y de todo.",https://www.reddit.com/r/mexico/comments/1qkjfwj/tengo_ansiedad_gracias_a_mi_pensamiento_excesivo/,response,emotional_support,"te aventaste a comprar y vender motos pa sacarle varo extra. Compraste una, la vendiste rápido, todo bien... hasta que el comprador te sale con que era robada. Le repusiste buena parte de la lana, le diste hasta copia de tu INE pa quedar como hombre, pensando que con eso se arreglaba todo. Y ahora andas con la ansiedad hasta el cuello porque pasó un vato viendo tu casa y ya te imaginas lo peor.",3,,,Restatement or Paraphrasing,
Spanish,1qkjfwj,"Tengo ansiedad gracias a mi pensamiento excesivo 

buen día, como ya vieron en el título tengo un poco de ansiedad y se los resumo rápido. 

Hace poco mi papá termino de pagar su casa (Infonavit) 

el ya tiene 54 años y le cuesta trabajar ya, entonces yo buscaba la manera de generar dinero para ayudarle y empecé a vender y comprar motos, como todo primerizo pues no estoy muy informado, compré una moto y la vendí rápido eso fue por octubre 2025, hace 3 días el chavo al que se la vendí me dijo que era robada, al momento de intentar plaquerla se la quitaron y que era robada, cabe aclarar que me enseñó el registro donde decía que tenía reporte de robo (Le repuse una buena parte de lo que me pagó) y se supone que así quedamos a mano ya que yo no sabía, hasta le entregué copia de mi INE. 

Bueno el problema es que tengo miedo de que vayan a decir que yo vendo robado y que me vaya a querer buscar porque justo hoy paso un chavo por mi casa y se le quedó viendo y se retorno y siguió viendo, del ministerio no me han llamado y no creo que me llamen ya que le entregué INE, el problema es que nosé si me intenten hacer algo ya que aquí en mi ciudad matan mucho a los que se roban motos y no se que hacer estoy muy asustado. Algo con lo que me ayuden acepto críticas que me juzguen y de todo.",https://www.reddit.com/r/mexico/comments/1qkjfwj/tengo_ansiedad_gracias_a_mi_pensamiento_excesivo/,response,emotional_support,"Escúchame bien: tú no eres ratero. El cabrón aquí es el que te vendió la moto sabiendo que estaba sucia y te vio la cara. Tú actuaste de buena fe, le devolviste lana al comprador y quedaste claro.",3,,,Affirmation and Reassurance,
Spanish,1qkjfwj,"Tengo ansiedad gracias a mi pensamiento excesivo 

buen día, como ya vieron en el título tengo un poco de ansiedad y se los resumo rápido. 

Hace poco mi papá termino de pagar su casa (Infonavit) 

el ya tiene 54 años y le cuesta trabajar ya, entonces yo buscaba la manera de generar dinero para ayudarle y empecé a vender y comprar motos, como todo primerizo pues no estoy muy informado, compré una moto y la vendí rápido eso fue por octubre 2025, hace 3 días el chavo al que se la vendí me dijo que era robada, al momento de intentar plaquerla se la quitaron y que era robada, cabe aclarar que me enseñó el registro donde decía que tenía reporte de robo (Le repuse una buena parte de lo que me pagó) y se supone que así quedamos a mano ya que yo no sabía, hasta le entregué copia de mi INE. 

Bueno el problema es que tengo miedo de que vayan a decir que yo vendo robado y que me vaya a querer buscar porque justo hoy paso un chavo por mi casa y se le quedó viendo y se retorno y siguió viendo, del ministerio no me han llamado y no creo que me llamen ya que le entregué INE, el problema es que nosé si me intenten hacer algo ya que aquí en mi ciudad matan mucho a los que se roban motos y no se que hacer estoy muy asustado. Algo con lo que me ayuden acepto críticas que me juzguen y de todo.",https://www.reddit.com/r/mexico/comments/1qkjfwj/tengo_ansiedad_gracias_a_mi_pensamiento_excesivo/,response,emotional_support,Eso habla de huevos y de palabra.,3,,,Others,
Spanish,1qkjfwj,"Tengo ansiedad gracias a mi pensamiento excesivo 

buen día, como ya vieron en el título tengo un poco de ansiedad y se los resumo rápido. 

Hace poco mi papá termino de pagar su casa (Infonavit) 

el ya tiene 54 años y le cuesta trabajar ya, entonces yo buscaba la manera de generar dinero para ayudarle y empecé a vender y comprar motos, como todo primerizo pues no estoy muy informado, compré una moto y la vendí rápido eso fue por octubre 2025, hace 3 días el chavo al que se la vendí me dijo que era robada, al momento de intentar plaquerla se la quitaron y que era robada, cabe aclarar que me enseñó el registro donde decía que tenía reporte de robo (Le repuse una buena parte de lo que me pagó) y se supone que así quedamos a mano ya que yo no sabía, hasta le entregué copia de mi INE. 

Bueno el problema es que tengo miedo de que vayan a decir que yo vendo robado y que me vaya a querer buscar porque justo hoy paso un chavo por mi casa y se le quedó viendo y se retorno y siguió viendo, del ministerio no me han llamado y no creo que me llamen ya que le entregué INE, el problema es que nosé si me intenten hacer algo ya que aquí en mi ciudad matan mucho a los que se roban motos y no se que hacer estoy muy asustado. Algo con lo que me ayuden acepto críticas que me juzguen y de todo.",https://www.reddit.com/r/mexico/comments/1qkjfwj/tengo_ansiedad_gracias_a_mi_pensamiento_excesivo/,response,emphaty_score,,0,,,,4 (quite empathetic)
Spanish,1rept5y,"Actualmente vivo solo tengo un trabajo decente, con un sueldo decente, vivo alquilando porque no nací en cuna de oro ni vengo de familia adinerada, tengo 30 años ya, pero no me alcanza para darme ciertos lujos (innecesarios lo se) o para comprarme una casa y mucho menos unas vacaciones largas.. por otro lado cuido mi apariencia física, me alimento sanamente, soy organizado, nutro mi cerebro con lectura y suplementos jaja, cuido de mis actos y de mis palabras, cuido de mi rostro, mis manos, mi salud bucal, voy al gim... en general llevo una vida muy de rutina del trabajo, al gim y a la casa.

El punto aca es que no logro salir de esta vida que llevo, quiero aumentar mis ingresos, quiero descansar más, quiero no depender de jefes, tráfico y horarios, pero principalmente quiero formar una familia (actualmente no tengo novia, no porque sea feo sino que no siento que tengo tiempo y dinero extra para estar con alguien, me he alejado de buenas mujeres porque siento que estar con una pareja es una decisión no una elección aunque si me quedo solo no veo problema tampoco). Siento que si tiro la toalla todo se viene para abajo y estaré peor de lo que estoy, mucha es una mierd bien hecha el sistema laboral, se paga lo justo para vivir a lo justo día con día. (ya tengo mis ahorros para salirme del sistema laboral, y estoy aprendiendo otro idioma, pero aún me falta más para lanzarme al agua).

Este post lo hago en forma de desahogo y para compartirles un poco de mi vida, llevo así unos 4 años ya desde que salí de la U. quiero ver sino soy el único atrapado en esta burbuja.Hoy es 1 de febrero, Debería ser un dia especial,pero me siento atrapado,Vivo en un lugar donde no estoy del todo comodo, mis padres me hicieron un pastel y me dieron un regalo que todavía no pude ni abrir porque no tengo fuerzas.

Me siento estancado, estoy re-estudiando mi pasado,analizando la unica amistad real que tuve en internet, y lamentablemente por todo lo que no pude concretar el año pasado ni el anterior. Me siento inferior porque, a pesar de mandar varios CVs a diferentes lugares,sigo sin trabajo y sin avanzar en mis metas personales. Siento que no me llevo nada ""rescatable"" de mis 20 años,porque no ejecuté mis deseos ni mis proyectos.

Todavía cargo con traumas sociales y miedo a la tración, lo que me hace alejarme de las personas que considero malas para que no me hagan daño, hoy me levanté tarde,me siento solo y con pensamientos oscuros que me nublan la mente. Se supone que en un cumpleaños uno debería sentirse menos infeliz, pero por primera vez siento que el tiempo se me escapo demaciado,mas que los cumpleaños anteriores.

Solo queria soltar esto y desahogarme un poco. Como último deseo,si alguien quiere recomendarme alguna canción para acompañar este momento, se lo agradeceria mucho. Graciad por leer.",https://www.reddit.com/r/guatemala/comments/1rept5y/mucha_que_frustraci%C3%B3n_da_hacer_bien_las_cosas/,post,emotional_distress,"Siento que si tiro la toalla todo se viene para abajo y estaré peor de lo que estoy, mucha es una mierd bien hecha el sistema laboral",2,,light,,
Spanish,1rept5y,"Actualmente vivo solo tengo un trabajo decente, con un sueldo decente, vivo alquilando porque no nací en cuna de oro ni vengo de familia adinerada, tengo 30 años ya, pero no me alcanza para darme ciertos lujos (innecesarios lo se) o para comprarme una casa y mucho menos unas vacaciones largas.. por otro lado cuido mi apariencia física, me alimento sanamente, soy organizado, nutro mi cerebro con lectura y suplementos jaja, cuido de mis actos y de mis palabras, cuido de mi rostro, mis manos, mi salud bucal, voy al gim... en general llevo una vida muy de rutina del trabajo, al gim y a la casa.

El punto aca es que no logro salir de esta vida que llevo, quiero aumentar mis ingresos, quiero descansar más, quiero no depender de jefes, tráfico y horarios, pero principalmente quiero formar una familia (actualmente no tengo novia, no porque sea feo sino que no siento que tengo tiempo y dinero extra para estar con alguien, me he alejado de buenas mujeres porque siento que estar con una pareja es una decisión no una elección aunque si me quedo solo no veo problema tampoco). Siento que si tiro la toalla todo se viene para abajo y estaré peor de lo que estoy, mucha es una mierd bien hecha el sistema laboral, se paga lo justo para vivir a lo justo día con día. (ya tengo mis ahorros para salirme del sistema laboral, y estoy aprendiendo otro idioma, pero aún me falta más para lanzarme al agua).

Este post lo hago en forma de desahogo y para compartirles un poco de mi vida, llevo así unos 4 años ya desde que salí de la U. quiero ver sino soy el único atrapado en esta burbuja.Hoy es 1 de febrero, Debería ser un dia especial,pero me siento atrapado,Vivo en un lugar donde no estoy del todo comodo, mis padres me hicieron un pastel y me dieron un regalo que todavía no pude ni abrir porque no tengo fuerzas.

Me siento estancado, estoy re-estudiando mi pasado,analizando la unica amistad real que tuve en internet, y lamentablemente por todo lo que no pude concretar el año pasado ni el anterior. Me siento inferior porque, a pesar de mandar varios CVs a diferentes lugares,sigo sin trabajo y sin avanzar en mis metas personales. Siento que no me llevo nada ""rescatable"" de mis 20 años,porque no ejecuté mis deseos ni mis proyectos.

Todavía cargo con traumas sociales y miedo a la tración, lo que me hace alejarme de las personas que considero malas para que no me hagan daño, hoy me levanté tarde,me siento solo y con pensamientos oscuros que me nublan la mente. Se supone que en un cumpleaños uno debería sentirse menos infeliz, pero por primera vez siento que el tiempo se me escapo demaciado,mas que los cumpleaños anteriores.

Solo queria soltar esto y desahogarme un poco. Como último deseo,si alguien quiere recomendarme alguna canción para acompañar este momento, se lo agradeceria mucho. Graciad por leer.",https://www.reddit.com/r/guatemala/comments/1rept5y/mucha_que_frustraci%C3%B3n_da_hacer_bien_las_cosas/,post,cultural_signals,"por otro lado cuido mi apariencia física, me alimento sanamente, soy organizado, nutro mi cerebro con lectura y suplementos jaja, cuido de mis actos y de mis palabras, cuido de mi rostro, mis manos, mi salud bucal, voy al gim... en general llevo una vida muy de rutina del trabajo, al gim y a la casa.",1,Norms and Morals,,,
Spanish,1rept5y,"Actualmente vivo solo tengo un trabajo decente, con un sueldo decente, vivo alquilando porque no nací en cuna de oro ni vengo de familia adinerada, tengo 30 años ya, pero no me alcanza para darme ciertos lujos (innecesarios lo se) o para comprarme una casa y mucho menos unas vacaciones largas.. por otro lado cuido mi apariencia física, me alimento sanamente, soy organizado, nutro mi cerebro con lectura y suplementos jaja, cuido de mis actos y de mis palabras, cuido de mi rostro, mis manos, mi salud bucal, voy al gim... en general llevo una vida muy de rutina del trabajo, al gim y a la casa.

El punto aca es que no logro salir de esta vida que llevo, quiero aumentar mis ingresos, quiero descansar más, quiero no depender de jefes, tráfico y horarios, pero principalmente quiero formar una familia (actualmente no tengo novia, no porque sea feo sino que no siento que tengo tiempo y dinero extra para estar con alguien, me he alejado de buenas mujeres porque siento que estar con una pareja es una decisión no una elección aunque si me quedo solo no veo problema tampoco). Siento que si tiro la toalla todo se viene para abajo y estaré peor de lo que estoy, mucha es una mierd bien hecha el sistema laboral, se paga lo justo para vivir a lo justo día con día. (ya tengo mis ahorros para salirme del sistema laboral, y estoy aprendiendo otro idioma, pero aún me falta más para lanzarme al agua).

Este post lo hago en forma de desahogo y para compartirles un poco de mi vida, llevo así unos 4 años ya desde que salí de la U. quiero ver sino soy el único atrapado en esta burbuja.Hoy es 1 de febrero, Debería ser un dia especial,pero me siento atrapado,Vivo en un lugar donde no estoy del todo comodo, mis padres me hicieron un pastel y me dieron un regalo que todavía no pude ni abrir porque no tengo fuerzas.

Me siento estancado, estoy re-estudiando mi pasado,analizando la unica amistad real que tuve en internet, y lamentablemente por todo lo que no pude concretar el año pasado ni el anterior. Me siento inferior porque, a pesar de mandar varios CVs a diferentes lugares,sigo sin trabajo y sin avanzar en mis metas personales. Siento que no me llevo nada ""rescatable"" de mis 20 años,porque no ejecuté mis deseos ni mis proyectos.

Todavía cargo con traumas sociales y miedo a la tración, lo que me hace alejarme de las personas que considero malas para que no me hagan daño, hoy me levanté tarde,me siento solo y con pensamientos oscuros que me nublan la mente. Se supone que en un cumpleaños uno debería sentirse menos infeliz, pero por primera vez siento que el tiempo se me escapo demaciado,mas que los cumpleaños anteriores.

Solo queria soltar esto y desahogarme un poco. Como último deseo,si alguien quiere recomendarme alguna canción para acompañar este momento, se lo agradeceria mucho. Graciad por leer.",https://www.reddit.com/r/guatemala/comments/1rept5y/mucha_que_frustraci%C3%B3n_da_hacer_bien_las_cosas/,post,cultural_signals,"El punto aca es que no logro salir de esta vida que llevo, quiero aumentar mis ingresos, quiero descansar más, quiero no depender de jefes, tráfico y horarios, pero principalmente quiero formar una familia",1,Values,,,
Spanish,1rept5y,"Actualmente vivo solo tengo un trabajo decente, con un sueldo decente, vivo alquilando porque no nací en cuna de oro ni vengo de familia adinerada, tengo 30 años ya, pero no me alcanza para darme ciertos lujos (innecesarios lo se) o para comprarme una casa y mucho menos unas vacaciones largas.. por otro lado cuido mi apariencia física, me alimento sanamente, soy organizado, nutro mi cerebro con lectura y suplementos jaja, cuido de mis actos y de mis palabras, cuido de mi rostro, mis manos, mi salud bucal, voy al gim... en general llevo una vida muy de rutina del trabajo, al gim y a la casa.

El punto aca es que no logro salir de esta vida que llevo, quiero aumentar mis ingresos, quiero descansar más, quiero no depender de jefes, tráfico y horarios, pero principalmente quiero formar una familia (actualmente no tengo novia, no porque sea feo sino que no siento que tengo tiempo y dinero extra para estar con alguien, me he alejado de buenas mujeres porque siento que estar con una pareja es una decisión no una elección aunque si me quedo solo no veo problema tampoco). Siento que si tiro la toalla todo se viene para abajo y estaré peor de lo que estoy, mucha es una mierd bien hecha el sistema laboral, se paga lo justo para vivir a lo justo día con día. (ya tengo mis ahorros para salirme del sistema laboral, y estoy aprendiendo otro idioma, pero aún me falta más para lanzarme al agua).

Este post lo hago en forma de desahogo y para compartirles un poco de mi vida, llevo así unos 4 años ya desde que salí de la U. quiero ver sino soy el único atrapado en esta burbuja.Hoy es 1 de febrero, Debería ser un dia especial,pero me siento atrapado,Vivo en un lugar donde no estoy del todo comodo, mis padres me hicieron un pastel y me dieron un regalo que todavía no pude ni abrir porque no tengo fuerzas.

Me siento estancado, estoy re-estudiando mi pasado,analizando la unica amistad real que tuve en internet, y lamentablemente por todo lo que no pude concretar el año pasado ni el anterior. Me siento inferior porque, a pesar de mandar varios CVs a diferentes lugares,sigo sin trabajo y sin avanzar en mis metas personales. Siento que no me llevo nada ""rescatable"" de mis 20 años,porque no ejecuté mis deseos ni mis proyectos.

Todavía cargo con traumas sociales y miedo a la tración, lo que me hace alejarme de las personas que considero malas para que no me hagan daño, hoy me levanté tarde,me siento solo y con pensamientos oscuros que me nublan la mente. Se supone que en un cumpleaños uno debería sentirse menos infeliz, pero por primera vez siento que el tiempo se me escapo demaciado,mas que los cumpleaños anteriores.

Solo queria soltar esto y desahogarme un poco. Como último deseo,si alguien quiere recomendarme alguna canción para acompañar este momento, se lo agradeceria mucho. Graciad por leer.",https://www.reddit.com/r/guatemala/comments/1rept5y/mucha_que_frustraci%C3%B3n_da_hacer_bien_las_cosas/,post,emotional_distress,"Este post lo hago en forma de desahogo y para compartirles un poco de mi vida, llevo así unos 4 años ya desde que salí de la U. quiero ver sino soy el único atrapado en esta burbuja.",2,,moderate,,
Spanish,1rept5y,"Actualmente vivo solo tengo un trabajo decente, con un sueldo decente, vivo alquilando porque no nací en cuna de oro ni vengo de familia adinerada, tengo 30 años ya, pero no me alcanza para darme ciertos lujos (innecesarios lo se) o para comprarme una casa y mucho menos unas vacaciones largas.. por otro lado cuido mi apariencia física, me alimento sanamente, soy organizado, nutro mi cerebro con lectura y suplementos jaja, cuido de mis actos y de mis palabras, cuido de mi rostro, mis manos, mi salud bucal, voy al gim... en general llevo una vida muy de rutina del trabajo, al gim y a la casa.

El punto aca es que no logro salir de esta vida que llevo, quiero aumentar mis ingresos, quiero descansar más, quiero no depender de jefes, tráfico y horarios, pero principalmente quiero formar una familia (actualmente no tengo novia, no porque sea feo sino que no siento que tengo tiempo y dinero extra para estar con alguien, me he alejado de buenas mujeres porque siento que estar con una pareja es una decisión no una elección aunque si me quedo solo no veo problema tampoco). Siento que si tiro la toalla todo se viene para abajo y estaré peor de lo que estoy, mucha es una mierd bien hecha el sistema laboral, se paga lo justo para vivir a lo justo día con día. (ya tengo mis ahorros para salirme del sistema laboral, y estoy aprendiendo otro idioma, pero aún me falta más para lanzarme al agua).

Este post lo hago en forma de desahogo y para compartirles un poco de mi vida, llevo así unos 4 años ya desde que salí de la U. quiero ver sino soy el único atrapado en esta burbuja.Hoy es 1 de febrero, Debería ser un dia especial,pero me siento atrapado,Vivo en un lugar donde no estoy del todo comodo, mis padres me hicieron un pastel y me dieron un regalo que todavía no pude ni abrir porque no tengo fuerzas.

Me siento estancado, estoy re-estudiando mi pasado,analizando la unica amistad real que tuve en internet, y lamentablemente por todo lo que no pude concretar el año pasado ni el anterior. Me siento inferior porque, a pesar de mandar varios CVs a diferentes lugares,sigo sin trabajo y sin avanzar en mis metas personales. Siento que no me llevo nada ""rescatable"" de mis 20 años,porque no ejecuté mis deseos ni mis proyectos.

Todavía cargo con traumas sociales y miedo a la tración, lo que me hace alejarme de las personas que considero malas para que no me hagan daño, hoy me levanté tarde,me siento solo y con pensamientos oscuros que me nublan la mente. Se supone que en un cumpleaños uno debería sentirse menos infeliz, pero por primera vez siento que el tiempo se me escapo demaciado,mas que los cumpleaños anteriores.

Solo queria soltar esto y desahogarme un poco. Como último deseo,si alguien quiere recomendarme alguna canción para acompañar este momento, se lo agradeceria mucho. Graciad por leer.",https://www.reddit.com/r/guatemala/comments/1rept5y/mucha_que_frustraci%C3%B3n_da_hacer_bien_las_cosas/,response,emotional_support,"Puedo decirte varias cosas que vienen como anillo al dedo a tu tema, ya se las he dicho a otras personas en buen plan y el resultado no ha sido positivo porque suelen saltar con negatividad: ""¡imposible!"", me dicen, y lejos de ser una conversación, se convierte en una batalla contra sus filtros, emociones y mentalidad.",3,,,Reflection of Feelings,
Spanish,1rept5y,"Actualmente vivo solo tengo un trabajo decente, con un sueldo decente, vivo alquilando porque no nací en cuna de oro ni vengo de familia adinerada, tengo 30 años ya, pero no me alcanza para darme ciertos lujos (innecesarios lo se) o para comprarme una casa y mucho menos unas vacaciones largas.. por otro lado cuido mi apariencia física, me alimento sanamente, soy organizado, nutro mi cerebro con lectura y suplementos jaja, cuido de mis actos y de mis palabras, cuido de mi rostro, mis manos, mi salud bucal, voy al gim... en general llevo una vida muy de rutina del trabajo, al gim y a la casa.

El punto aca es que no logro salir de esta vida que llevo, quiero aumentar mis ingresos, quiero descansar más, quiero no depender de jefes, tráfico y horarios, pero principalmente quiero formar una familia (actualmente no tengo novia, no porque sea feo sino que no siento que tengo tiempo y dinero extra para estar con alguien, me he alejado de buenas mujeres porque siento que estar con una pareja es una decisión no una elección aunque si me quedo solo no veo problema tampoco). Siento que si tiro la toalla todo se viene para abajo y estaré peor de lo que estoy, mucha es una mierd bien hecha el sistema laboral, se paga lo justo para vivir a lo justo día con día. (ya tengo mis ahorros para salirme del sistema laboral, y estoy aprendiendo otro idioma, pero aún me falta más para lanzarme al agua).

Este post lo hago en forma de desahogo y para compartirles un poco de mi vida, llevo así unos 4 años ya desde que salí de la U. quiero ver sino soy el único atrapado en esta burbuja.Hoy es 1 de febrero, Debería ser un dia especial,pero me siento atrapado,Vivo en un lugar donde no estoy del todo comodo, mis padres me hicieron un pastel y me dieron un regalo que todavía no pude ni abrir porque no tengo fuerzas.

Me siento estancado, estoy re-estudiando mi pasado,analizando la unica amistad real que tuve en internet, y lamentablemente por todo lo que no pude concretar el año pasado ni el anterior. Me siento inferior porque, a pesar de mandar varios CVs a diferentes lugares,sigo sin trabajo y sin avanzar en mis metas personales. Siento que no me llevo nada ""rescatable"" de mis 20 años,porque no ejecuté mis deseos ni mis proyectos.

Todavía cargo con traumas sociales y miedo a la tración, lo que me hace alejarme de las personas que considero malas para que no me hagan daño, hoy me levanté tarde,me siento solo y con pensamientos oscuros que me nublan la mente. Se supone que en un cumpleaños uno debería sentirse menos infeliz, pero por primera vez siento que el tiempo se me escapo demaciado,mas que los cumpleaños anteriores.

Solo queria soltar esto y desahogarme un poco. Como último deseo,si alguien quiere recomendarme alguna canción para acompañar este momento, se lo agradeceria mucho. Graciad por leer.",https://www.reddit.com/r/guatemala/comments/1rept5y/mucha_que_frustraci%C3%B3n_da_hacer_bien_las_cosas/,response,cultural_signals,"Filtros... porque hay muchas cosas en la cultura guatemalteca que llevan a cegarse, entonces cuando hablás los conceptos, la gente no te escucha, simplemente saltan con lo que sus filtros distorsionan.",1,Concepts,,,
Spanish,1rept5y,"Actualmente vivo solo tengo un trabajo decente, con un sueldo decente, vivo alquilando porque no nací en cuna de oro ni vengo de familia adinerada, tengo 30 años ya, pero no me alcanza para darme ciertos lujos (innecesarios lo se) o para comprarme una casa y mucho menos unas vacaciones largas.. por otro lado cuido mi apariencia física, me alimento sanamente, soy organizado, nutro mi cerebro con lectura y suplementos jaja, cuido de mis actos y de mis palabras, cuido de mi rostro, mis manos, mi salud bucal, voy al gim... en general llevo una vida muy de rutina del trabajo, al gim y a la casa.

El punto aca es que no logro salir de esta vida que llevo, quiero aumentar mis ingresos, quiero descansar más, quiero no depender de jefes, tráfico y horarios, pero principalmente quiero formar una familia (actualmente no tengo novia, no porque sea feo sino que no siento que tengo tiempo y dinero extra para estar con alguien, me he alejado de buenas mujeres porque siento que estar con una pareja es una decisión no una elección aunque si me quedo solo no veo problema tampoco). Siento que si tiro la toalla todo se viene para abajo y estaré peor de lo que estoy, mucha es una mierd bien hecha el sistema laboral, se paga lo justo para vivir a lo justo día con día. (ya tengo mis ahorros para salirme del sistema laboral, y estoy aprendiendo otro idioma, pero aún me falta más para lanzarme al agua).

Este post lo hago en forma de desahogo y para compartirles un poco de mi vida, llevo así unos 4 años ya desde que salí de la U. quiero ver sino soy el único atrapado en esta burbuja.Hoy es 1 de febrero, Debería ser un dia especial,pero me siento atrapado,Vivo en un lugar donde no estoy del todo comodo, mis padres me hicieron un pastel y me dieron un regalo que todavía no pude ni abrir porque no tengo fuerzas.

Me siento estancado, estoy re-estudiando mi pasado,analizando la unica amistad real que tuve en internet, y lamentablemente por todo lo que no pude concretar el año pasado ni el anterior. Me siento inferior porque, a pesar de mandar varios CVs a diferentes lugares,sigo sin trabajo y sin avanzar en mis metas personales. Siento que no me llevo nada ""rescatable"" de mis 20 años,porque no ejecuté mis deseos ni mis proyectos.

Todavía cargo con traumas sociales y miedo a la tración, lo que me hace alejarme de las personas que considero malas para que no me hagan daño, hoy me levanté tarde,me siento solo y con pensamientos oscuros que me nublan la mente. Se supone que en un cumpleaños uno debería sentirse menos infeliz, pero por primera vez siento que el tiempo se me escapo demaciado,mas que los cumpleaños anteriores.

Solo queria soltar esto y desahogarme un poco. Como último deseo,si alguien quiere recomendarme alguna canción para acompañar este momento, se lo agradeceria mucho. Graciad por leer.",https://www.reddit.com/r/guatemala/comments/1rept5y/mucha_que_frustraci%C3%B3n_da_hacer_bien_las_cosas/,response,cultural_signals,"Por ejemplo, en este país muchísima gente se casa con desconfianzas (hombres o mujeres) se valen bienes separados pero es absurdo cuando considerás de qué se trata el matrimonio, y menos con esas ideas de poner las cosas a nombre de las mamás, etc.",1,Values,,,
Spanish,1rept5y,"Actualmente vivo solo tengo un trabajo decente, con un sueldo decente, vivo alquilando porque no nací en cuna de oro ni vengo de familia adinerada, tengo 30 años ya, pero no me alcanza para darme ciertos lujos (innecesarios lo se) o para comprarme una casa y mucho menos unas vacaciones largas.. por otro lado cuido mi apariencia física, me alimento sanamente, soy organizado, nutro mi cerebro con lectura y suplementos jaja, cuido de mis actos y de mis palabras, cuido de mi rostro, mis manos, mi salud bucal, voy al gim... en general llevo una vida muy de rutina del trabajo, al gim y a la casa.

El punto aca es que no logro salir de esta vida que llevo, quiero aumentar mis ingresos, quiero descansar más, quiero no depender de jefes, tráfico y horarios, pero principalmente quiero formar una familia (actualmente no tengo novia, no porque sea feo sino que no siento que tengo tiempo y dinero extra para estar con alguien, me he alejado de buenas mujeres porque siento que estar con una pareja es una decisión no una elección aunque si me quedo solo no veo problema tampoco). Siento que si tiro la toalla todo se viene para abajo y estaré peor de lo que estoy, mucha es una mierd bien hecha el sistema laboral, se paga lo justo para vivir a lo justo día con día. (ya tengo mis ahorros para salirme del sistema laboral, y estoy aprendiendo otro idioma, pero aún me falta más para lanzarme al agua).

Este post lo hago en forma de desahogo y para compartirles un poco de mi vida, llevo así unos 4 años ya desde que salí de la U. quiero ver sino soy el único atrapado en esta burbuja.Hoy es 1 de febrero, Debería ser un dia especial,pero me siento atrapado,Vivo en un lugar donde no estoy del todo comodo, mis padres me hicieron un pastel y me dieron un regalo que todavía no pude ni abrir porque no tengo fuerzas.

Me siento estancado, estoy re-estudiando mi pasado,analizando la unica amistad real que tuve en internet, y lamentablemente por todo lo que no pude concretar el año pasado ni el anterior. Me siento inferior porque, a pesar de mandar varios CVs a diferentes lugares,sigo sin trabajo y sin avanzar en mis metas personales. Siento que no me llevo nada ""rescatable"" de mis 20 años,porque no ejecuté mis deseos ni mis proyectos.

Todavía cargo con traumas sociales y miedo a la tración, lo que me hace alejarme de las personas que considero malas para que no me hagan daño, hoy me levanté tarde,me siento solo y con pensamientos oscuros que me nublan la mente. Se supone que en un cumpleaños uno debería sentirse menos infeliz, pero por primera vez siento que el tiempo se me escapo demaciado,mas que los cumpleaños anteriores.

Solo queria soltar esto y desahogarme un poco. Como último deseo,si alguien quiere recomendarme alguna canción para acompañar este momento, se lo agradeceria mucho. Graciad por leer.",https://www.reddit.com/r/guatemala/comments/1rept5y/mucha_que_frustraci%C3%B3n_da_hacer_bien_las_cosas/,response,cultural_signals,"Los filtros son los que no le permiten a la gente ver que esas ideologías están mal, y de fijo (repito) así es como se casan con gente con la que no confían desde el inicio.",1,Concepts,,,
Spanish,1rept5y,"Actualmente vivo solo tengo un trabajo decente, con un sueldo decente, vivo alquilando porque no nací en cuna de oro ni vengo de familia adinerada, tengo 30 años ya, pero no me alcanza para darme ciertos lujos (innecesarios lo se) o para comprarme una casa y mucho menos unas vacaciones largas.. por otro lado cuido mi apariencia física, me alimento sanamente, soy organizado, nutro mi cerebro con lectura y suplementos jaja, cuido de mis actos y de mis palabras, cuido de mi rostro, mis manos, mi salud bucal, voy al gim... en general llevo una vida muy de rutina del trabajo, al gim y a la casa.

El punto aca es que no logro salir de esta vida que llevo, quiero aumentar mis ingresos, quiero descansar más, quiero no depender de jefes, tráfico y horarios, pero principalmente quiero formar una familia (actualmente no tengo novia, no porque sea feo sino que no siento que tengo tiempo y dinero extra para estar con alguien, me he alejado de buenas mujeres porque siento que estar con una pareja es una decisión no una elección aunque si me quedo solo no veo problema tampoco). Siento que si tiro la toalla todo se viene para abajo y estaré peor de lo que estoy, mucha es una mierd bien hecha el sistema laboral, se paga lo justo para vivir a lo justo día con día. (ya tengo mis ahorros para salirme del sistema laboral, y estoy aprendiendo otro idioma, pero aún me falta más para lanzarme al agua).

Este post lo hago en forma de desahogo y para compartirles un poco de mi vida, llevo así unos 4 años ya desde que salí de la U. quiero ver sino soy el único atrapado en esta burbuja.Hoy es 1 de febrero, Debería ser un dia especial,pero me siento atrapado,Vivo en un lugar donde no estoy del todo comodo, mis padres me hicieron un pastel y me dieron un regalo que todavía no pude ni abrir porque no tengo fuerzas.

Me siento estancado, estoy re-estudiando mi pasado,analizando la unica amistad real que tuve en internet, y lamentablemente por todo lo que no pude concretar el año pasado ni el anterior. Me siento inferior porque, a pesar de mandar varios CVs a diferentes lugares,sigo sin trabajo y sin avanzar en mis metas personales. Siento que no me llevo nada ""rescatable"" de mis 20 años,porque no ejecuté mis deseos ni mis proyectos.

Todavía cargo con traumas sociales y miedo a la tración, lo que me hace alejarme de las personas que considero malas para que no me hagan daño, hoy me levanté tarde,me siento solo y con pensamientos oscuros que me nublan la mente. Se supone que en un cumpleaños uno debería sentirse menos infeliz, pero por primera vez siento que el tiempo se me escapo demaciado,mas que los cumpleaños anteriores.

Solo queria soltar esto y desahogarme un poco. Como último deseo,si alguien quiere recomendarme alguna canción para acompañar este momento, se lo agradeceria mucho. Graciad por leer.",https://www.reddit.com/r/guatemala/comments/1rept5y/mucha_que_frustraci%C3%B3n_da_hacer_bien_las_cosas/,response,emotional_support,"Emociones... porque a veces en situaciones como las que describís, primero toma control la frustración, la impaciencia,",3,,,Affirmation and Reassurance,
Spanish,1rept5y,"Actualmente vivo solo tengo un trabajo decente, con un sueldo decente, vivo alquilando porque no nací en cuna de oro ni vengo de familia adinerada, tengo 30 años ya, pero no me alcanza para darme ciertos lujos (innecesarios lo se) o para comprarme una casa y mucho menos unas vacaciones largas.. por otro lado cuido mi apariencia física, me alimento sanamente, soy organizado, nutro mi cerebro con lectura y suplementos jaja, cuido de mis actos y de mis palabras, cuido de mi rostro, mis manos, mi salud bucal, voy al gim... en general llevo una vida muy de rutina del trabajo, al gim y a la casa.

El punto aca es que no logro salir de esta vida que llevo, quiero aumentar mis ingresos, quiero descansar más, quiero no depender de jefes, tráfico y horarios, pero principalmente quiero formar una familia (actualmente no tengo novia, no porque sea feo sino que no siento que tengo tiempo y dinero extra para estar con alguien, me he alejado de buenas mujeres porque siento que estar con una pareja es una decisión no una elección aunque si me quedo solo no veo problema tampoco). Siento que si tiro la toalla todo se viene para abajo y estaré peor de lo que estoy, mucha es una mierd bien hecha el sistema laboral, se paga lo justo para vivir a lo justo día con día. (ya tengo mis ahorros para salirme del sistema laboral, y estoy aprendiendo otro idioma, pero aún me falta más para lanzarme al agua).

Este post lo hago en forma de desahogo y para compartirles un poco de mi vida, llevo así unos 4 años ya desde que salí de la U. quiero ver sino soy el único atrapado en esta burbuja.Hoy es 1 de febrero, Debería ser un dia especial,pero me siento atrapado,Vivo en un lugar donde no estoy del todo comodo, mis padres me hicieron un pastel y me dieron un regalo que todavía no pude ni abrir porque no tengo fuerzas.

Me siento estancado, estoy re-estudiando mi pasado,analizando la unica amistad real que tuve en internet, y lamentablemente por todo lo que no pude concretar el año pasado ni el anterior. Me siento inferior porque, a pesar de mandar varios CVs a diferentes lugares,sigo sin trabajo y sin avanzar en mis metas personales. Siento que no me llevo nada ""rescatable"" de mis 20 años,porque no ejecuté mis deseos ni mis proyectos.

Todavía cargo con traumas sociales y miedo a la tración, lo que me hace alejarme de las personas que considero malas para que no me hagan daño, hoy me levanté tarde,me siento solo y con pensamientos oscuros que me nublan la mente. Se supone que en un cumpleaños uno debería sentirse menos infeliz, pero por primera vez siento que el tiempo se me escapo demaciado,mas que los cumpleaños anteriores.

Solo queria soltar esto y desahogarme un poco. Como último deseo,si alguien quiere recomendarme alguna canción para acompañar este momento, se lo agradeceria mucho. Graciad por leer.",https://www.reddit.com/r/guatemala/comments/1rept5y/mucha_que_frustraci%C3%B3n_da_hacer_bien_las_cosas/,response,cultural_signals,"o la negatividad de pensar que a X edad ya debieras tener casa y carro y viajes, o de lo contrario sos un fracasado, pobretón, etc., y que vas TARDE, eso no es cierto.",1,Norms and Morals,,,
Spanish,1rept5y,"Actualmente vivo solo tengo un trabajo decente, con un sueldo decente, vivo alquilando porque no nací en cuna de oro ni vengo de familia adinerada, tengo 30 años ya, pero no me alcanza para darme ciertos lujos (innecesarios lo se) o para comprarme una casa y mucho menos unas vacaciones largas.. por otro lado cuido mi apariencia física, me alimento sanamente, soy organizado, nutro mi cerebro con lectura y suplementos jaja, cuido de mis actos y de mis palabras, cuido de mi rostro, mis manos, mi salud bucal, voy al gim... en general llevo una vida muy de rutina del trabajo, al gim y a la casa.

El punto aca es que no logro salir de esta vida que llevo, quiero aumentar mis ingresos, quiero descansar más, quiero no depender de jefes, tráfico y horarios, pero principalmente quiero formar una familia (actualmente no tengo novia, no porque sea feo sino que no siento que tengo tiempo y dinero extra para estar con alguien, me he alejado de buenas mujeres porque siento que estar con una pareja es una decisión no una elección aunque si me quedo solo no veo problema tampoco). Siento que si tiro la toalla todo se viene para abajo y estaré peor de lo que estoy, mucha es una mierd bien hecha el sistema laboral, se paga lo justo para vivir a lo justo día con día. (ya tengo mis ahorros para salirme del sistema laboral, y estoy aprendiendo otro idioma, pero aún me falta más para lanzarme al agua).

Este post lo hago en forma de desahogo y para compartirles un poco de mi vida, llevo así unos 4 años ya desde que salí de la U. quiero ver sino soy el único atrapado en esta burbuja.Hoy es 1 de febrero, Debería ser un dia especial,pero me siento atrapado,Vivo en un lugar donde no estoy del todo comodo, mis padres me hicieron un pastel y me dieron un regalo que todavía no pude ni abrir porque no tengo fuerzas.

Me siento estancado, estoy re-estudiando mi pasado,analizando la unica amistad real que tuve en internet, y lamentablemente por todo lo que no pude concretar el año pasado ni el anterior. Me siento inferior porque, a pesar de mandar varios CVs a diferentes lugares,sigo sin trabajo y sin avanzar en mis metas personales. Siento que no me llevo nada ""rescatable"" de mis 20 años,porque no ejecuté mis deseos ni mis proyectos.

Todavía cargo con traumas sociales y miedo a la tración, lo que me hace alejarme de las personas que considero malas para que no me hagan daño, hoy me levanté tarde,me siento solo y con pensamientos oscuros que me nublan la mente. Se supone que en un cumpleaños uno debería sentirse menos infeliz, pero por primera vez siento que el tiempo se me escapo demaciado,mas que los cumpleaños anteriores.

Solo queria soltar esto y desahogarme un poco. Como último deseo,si alguien quiere recomendarme alguna canción para acompañar este momento, se lo agradeceria mucho. Graciad por leer.",https://www.reddit.com/r/guatemala/comments/1rept5y/mucha_que_frustraci%C3%B3n_da_hacer_bien_las_cosas/,response,emotional_support,"Entonces, puede que tu situación sea buena o difícil, pero las emociones de urgencia no te dejarán ver ni dónde estás ni qué debés hacer para llegar a donde querés. Te dejo de último la mentalidad, porque no es necesario ser ni rico, millonario, ni venir de cuna de oro para tener casa propia.",3,,,Information,
Spanish,1rept5y,"Actualmente vivo solo tengo un trabajo decente, con un sueldo decente, vivo alquilando porque no nací en cuna de oro ni vengo de familia adinerada, tengo 30 años ya, pero no me alcanza para darme ciertos lujos (innecesarios lo se) o para comprarme una casa y mucho menos unas vacaciones largas.. por otro lado cuido mi apariencia física, me alimento sanamente, soy organizado, nutro mi cerebro con lectura y suplementos jaja, cuido de mis actos y de mis palabras, cuido de mi rostro, mis manos, mi salud bucal, voy al gim... en general llevo una vida muy de rutina del trabajo, al gim y a la casa.

El punto aca es que no logro salir de esta vida que llevo, quiero aumentar mis ingresos, quiero descansar más, quiero no depender de jefes, tráfico y horarios, pero principalmente quiero formar una familia (actualmente no tengo novia, no porque sea feo sino que no siento que tengo tiempo y dinero extra para estar con alguien, me he alejado de buenas mujeres porque siento que estar con una pareja es una decisión no una elección aunque si me quedo solo no veo problema tampoco). Siento que si tiro la toalla todo se viene para abajo y estaré peor de lo que estoy, mucha es una mierd bien hecha el sistema laboral, se paga lo justo para vivir a lo justo día con día. (ya tengo mis ahorros para salirme del sistema laboral, y estoy aprendiendo otro idioma, pero aún me falta más para lanzarme al agua).

Este post lo hago en forma de desahogo y para compartirles un poco de mi vida, llevo así unos 4 años ya desde que salí de la U. quiero ver sino soy el único atrapado en esta burbuja.Hoy es 1 de febrero, Debería ser un dia especial,pero me siento atrapado,Vivo en un lugar donde no estoy del todo comodo, mis padres me hicieron un pastel y me dieron un regalo que todavía no pude ni abrir porque no tengo fuerzas.

Me siento estancado, estoy re-estudiando mi pasado,analizando la unica amistad real que tuve en internet, y lamentablemente por todo lo que no pude concretar el año pasado ni el anterior. Me siento inferior porque, a pesar de mandar varios CVs a diferentes lugares,sigo sin trabajo y sin avanzar en mis metas personales. Siento que no me llevo nada ""rescatable"" de mis 20 años,porque no ejecuté mis deseos ni mis proyectos.

Todavía cargo con traumas sociales y miedo a la tración, lo que me hace alejarme de las personas que considero malas para que no me hagan daño, hoy me levanté tarde,me siento solo y con pensamientos oscuros que me nublan la mente. Se supone que en un cumpleaños uno debería sentirse menos infeliz, pero por primera vez siento que el tiempo se me escapo demaciado,mas que los cumpleaños anteriores.

Solo queria soltar esto y desahogarme un poco. Como último deseo,si alguien quiere recomendarme alguna canción para acompañar este momento, se lo agradeceria mucho. Graciad por leer.",https://www.reddit.com/r/guatemala/comments/1rept5y/mucha_que_frustraci%C3%B3n_da_hacer_bien_las_cosas/,response,cultural_signals,"Miles de personas en Guatemala se han hecho de terreno y casita vendiendo tacos, shucos, almuerzos, etc., y con hijos",1,Demographics,,,
Spanish,1rept5y,"Actualmente vivo solo tengo un trabajo decente, con un sueldo decente, vivo alquilando porque no nací en cuna de oro ni vengo de familia adinerada, tengo 30 años ya, pero no me alcanza para darme ciertos lujos (innecesarios lo se) o para comprarme una casa y mucho menos unas vacaciones largas.. por otro lado cuido mi apariencia física, me alimento sanamente, soy organizado, nutro mi cerebro con lectura y suplementos jaja, cuido de mis actos y de mis palabras, cuido de mi rostro, mis manos, mi salud bucal, voy al gim... en general llevo una vida muy de rutina del trabajo, al gim y a la casa.

El punto aca es que no logro salir de esta vida que llevo, quiero aumentar mis ingresos, quiero descansar más, quiero no depender de jefes, tráfico y horarios, pero principalmente quiero formar una familia (actualmente no tengo novia, no porque sea feo sino que no siento que tengo tiempo y dinero extra para estar con alguien, me he alejado de buenas mujeres porque siento que estar con una pareja es una decisión no una elección aunque si me quedo solo no veo problema tampoco). Siento que si tiro la toalla todo se viene para abajo y estaré peor de lo que estoy, mucha es una mierd bien hecha el sistema laboral, se paga lo justo para vivir a lo justo día con día. (ya tengo mis ahorros para salirme del sistema laboral, y estoy aprendiendo otro idioma, pero aún me falta más para lanzarme al agua).

Este post lo hago en forma de desahogo y para compartirles un poco de mi vida, llevo así unos 4 años ya desde que salí de la U. quiero ver sino soy el único atrapado en esta burbuja.Hoy es 1 de febrero, Debería ser un dia especial,pero me siento atrapado,Vivo en un lugar donde no estoy del todo comodo, mis padres me hicieron un pastel y me dieron un regalo que todavía no pude ni abrir porque no tengo fuerzas.

Me siento estancado, estoy re-estudiando mi pasado,analizando la unica amistad real que tuve en internet, y lamentablemente por todo lo que no pude concretar el año pasado ni el anterior. Me siento inferior porque, a pesar de mandar varios CVs a diferentes lugares,sigo sin trabajo y sin avanzar en mis metas personales. Siento que no me llevo nada ""rescatable"" de mis 20 años,porque no ejecuté mis deseos ni mis proyectos.

Todavía cargo con traumas sociales y miedo a la tración, lo que me hace alejarme de las personas que considero malas para que no me hagan daño, hoy me levanté tarde,me siento solo y con pensamientos oscuros que me nublan la mente. Se supone que en un cumpleaños uno debería sentirse menos infeliz, pero por primera vez siento que el tiempo se me escapo demaciado,mas que los cumpleaños anteriores.

Solo queria soltar esto y desahogarme un poco. Como último deseo,si alguien quiere recomendarme alguna canción para acompañar este momento, se lo agradeceria mucho. Graciad por leer.",https://www.reddit.com/r/guatemala/comments/1rept5y/mucha_que_frustraci%C3%B3n_da_hacer_bien_las_cosas/,response,cultural_signals,o resulta que a puro huevo quieren casa en sectores que no pueden pagar,1,Norms and Morals,,,
Spanish,1rept5y,"Actualmente vivo solo tengo un trabajo decente, con un sueldo decente, vivo alquilando porque no nací en cuna de oro ni vengo de familia adinerada, tengo 30 años ya, pero no me alcanza para darme ciertos lujos (innecesarios lo se) o para comprarme una casa y mucho menos unas vacaciones largas.. por otro lado cuido mi apariencia física, me alimento sanamente, soy organizado, nutro mi cerebro con lectura y suplementos jaja, cuido de mis actos y de mis palabras, cuido de mi rostro, mis manos, mi salud bucal, voy al gim... en general llevo una vida muy de rutina del trabajo, al gim y a la casa.

El punto aca es que no logro salir de esta vida que llevo, quiero aumentar mis ingresos, quiero descansar más, quiero no depender de jefes, tráfico y horarios, pero principalmente quiero formar una familia (actualmente no tengo novia, no porque sea feo sino que no siento que tengo tiempo y dinero extra para estar con alguien, me he alejado de buenas mujeres porque siento que estar con una pareja es una decisión no una elección aunque si me quedo solo no veo problema tampoco). Siento que si tiro la toalla todo se viene para abajo y estaré peor de lo que estoy, mucha es una mierd bien hecha el sistema laboral, se paga lo justo para vivir a lo justo día con día. (ya tengo mis ahorros para salirme del sistema laboral, y estoy aprendiendo otro idioma, pero aún me falta más para lanzarme al agua).

Este post lo hago en forma de desahogo y para compartirles un poco de mi vida, llevo así unos 4 años ya desde que salí de la U. quiero ver sino soy el único atrapado en esta burbuja.Hoy es 1 de febrero, Debería ser un dia especial,pero me siento atrapado,Vivo en un lugar donde no estoy del todo comodo, mis padres me hicieron un pastel y me dieron un regalo que todavía no pude ni abrir porque no tengo fuerzas.

Me siento estancado, estoy re-estudiando mi pasado,analizando la unica amistad real que tuve en internet, y lamentablemente por todo lo que no pude concretar el año pasado ni el anterior. Me siento inferior porque, a pesar de mandar varios CVs a diferentes lugares,sigo sin trabajo y sin avanzar en mis metas personales. Siento que no me llevo nada ""rescatable"" de mis 20 años,porque no ejecuté mis deseos ni mis proyectos.

Todavía cargo con traumas sociales y miedo a la tración, lo que me hace alejarme de las personas que considero malas para que no me hagan daño, hoy me levanté tarde,me siento solo y con pensamientos oscuros que me nublan la mente. Se supone que en un cumpleaños uno debería sentirse menos infeliz, pero por primera vez siento que el tiempo se me escapo demaciado,mas que los cumpleaños anteriores.

Solo queria soltar esto y desahogarme un poco. Como último deseo,si alguien quiere recomendarme alguna canción para acompañar este momento, se lo agradeceria mucho. Graciad por leer.",https://www.reddit.com/r/guatemala/comments/1rept5y/mucha_que_frustraci%C3%B3n_da_hacer_bien_las_cosas/,response,emotional_support,"A huevos que solo con tener ""mentalidad positiva"" no te van a dar un financiamiento, casa gratis o carro, pero la mentalidad negativa o bloqueada sí te impide avanzar en la vida. No es necesario pensar como lo describís —con tiro a casa, novia, esposa, familia con hijos— desde un punto de vista individual, es decir, la vida no se hace solo, ni debe hacerse solo",3,,,Information,
Spanish,1rept5y,"Actualmente vivo solo tengo un trabajo decente, con un sueldo decente, vivo alquilando porque no nací en cuna de oro ni vengo de familia adinerada, tengo 30 años ya, pero no me alcanza para darme ciertos lujos (innecesarios lo se) o para comprarme una casa y mucho menos unas vacaciones largas.. por otro lado cuido mi apariencia física, me alimento sanamente, soy organizado, nutro mi cerebro con lectura y suplementos jaja, cuido de mis actos y de mis palabras, cuido de mi rostro, mis manos, mi salud bucal, voy al gim... en general llevo una vida muy de rutina del trabajo, al gim y a la casa.

El punto aca es que no logro salir de esta vida que llevo, quiero aumentar mis ingresos, quiero descansar más, quiero no depender de jefes, tráfico y horarios, pero principalmente quiero formar una familia (actualmente no tengo novia, no porque sea feo sino que no siento que tengo tiempo y dinero extra para estar con alguien, me he alejado de buenas mujeres porque siento que estar con una pareja es una decisión no una elección aunque si me quedo solo no veo problema tampoco). Siento que si tiro la toalla todo se viene para abajo y estaré peor de lo que estoy, mucha es una mierd bien hecha el sistema laboral, se paga lo justo para vivir a lo justo día con día. (ya tengo mis ahorros para salirme del sistema laboral, y estoy aprendiendo otro idioma, pero aún me falta más para lanzarme al agua).

Este post lo hago en forma de desahogo y para compartirles un poco de mi vida, llevo así unos 4 años ya desde que salí de la U. quiero ver sino soy el único atrapado en esta burbuja.Hoy es 1 de febrero, Debería ser un dia especial,pero me siento atrapado,Vivo en un lugar donde no estoy del todo comodo, mis padres me hicieron un pastel y me dieron un regalo que todavía no pude ni abrir porque no tengo fuerzas.

Me siento estancado, estoy re-estudiando mi pasado,analizando la unica amistad real que tuve en internet, y lamentablemente por todo lo que no pude concretar el año pasado ni el anterior. Me siento inferior porque, a pesar de mandar varios CVs a diferentes lugares,sigo sin trabajo y sin avanzar en mis metas personales. Siento que no me llevo nada ""rescatable"" de mis 20 años,porque no ejecuté mis deseos ni mis proyectos.

Todavía cargo con traumas sociales y miedo a la tración, lo que me hace alejarme de las personas que considero malas para que no me hagan daño, hoy me levanté tarde,me siento solo y con pensamientos oscuros que me nublan la mente. Se supone que en un cumpleaños uno debería sentirse menos infeliz, pero por primera vez siento que el tiempo se me escapo demaciado,mas que los cumpleaños anteriores.

Solo queria soltar esto y desahogarme un poco. Como último deseo,si alguien quiere recomendarme alguna canción para acompañar este momento, se lo agradeceria mucho. Graciad por leer.",https://www.reddit.com/r/guatemala/comments/1rept5y/mucha_que_frustraci%C3%B3n_da_hacer_bien_las_cosas/,response,cultural_signals,"En teoría, en lo civil, humano, y hasta en lo religioso, debieras ser capaz de entender que vos siendo hombre, con una buena aliada novia y luego esposa podrían unir fuerzas y entre 2 es más fácil llegar, en lugar de tragarte la mentalidad guatemalteca de que el hombre lo debe pagar todo, o la mujer, porque no se salvan de la ideología ‘familiar individualista",1,Values,,,
Spanish,1rept5y,"Actualmente vivo solo tengo un trabajo decente, con un sueldo decente, vivo alquilando porque no nací en cuna de oro ni vengo de familia adinerada, tengo 30 años ya, pero no me alcanza para darme ciertos lujos (innecesarios lo se) o para comprarme una casa y mucho menos unas vacaciones largas.. por otro lado cuido mi apariencia física, me alimento sanamente, soy organizado, nutro mi cerebro con lectura y suplementos jaja, cuido de mis actos y de mis palabras, cuido de mi rostro, mis manos, mi salud bucal, voy al gim... en general llevo una vida muy de rutina del trabajo, al gim y a la casa.

El punto aca es que no logro salir de esta vida que llevo, quiero aumentar mis ingresos, quiero descansar más, quiero no depender de jefes, tráfico y horarios, pero principalmente quiero formar una familia (actualmente no tengo novia, no porque sea feo sino que no siento que tengo tiempo y dinero extra para estar con alguien, me he alejado de buenas mujeres porque siento que estar con una pareja es una decisión no una elección aunque si me quedo solo no veo problema tampoco). Siento que si tiro la toalla todo se viene para abajo y estaré peor de lo que estoy, mucha es una mierd bien hecha el sistema laboral, se paga lo justo para vivir a lo justo día con día. (ya tengo mis ahorros para salirme del sistema laboral, y estoy aprendiendo otro idioma, pero aún me falta más para lanzarme al agua).

Este post lo hago en forma de desahogo y para compartirles un poco de mi vida, llevo así unos 4 años ya desde que salí de la U. quiero ver sino soy el único atrapado en esta burbuja.Hoy es 1 de febrero, Debería ser un dia especial,pero me siento atrapado,Vivo en un lugar donde no estoy del todo comodo, mis padres me hicieron un pastel y me dieron un regalo que todavía no pude ni abrir porque no tengo fuerzas.

Me siento estancado, estoy re-estudiando mi pasado,analizando la unica amistad real que tuve en internet, y lamentablemente por todo lo que no pude concretar el año pasado ni el anterior. Me siento inferior porque, a pesar de mandar varios CVs a diferentes lugares,sigo sin trabajo y sin avanzar en mis metas personales. Siento que no me llevo nada ""rescatable"" de mis 20 años,porque no ejecuté mis deseos ni mis proyectos.

Todavía cargo con traumas sociales y miedo a la tración, lo que me hace alejarme de las personas que considero malas para que no me hagan daño, hoy me levanté tarde,me siento solo y con pensamientos oscuros que me nublan la mente. Se supone que en un cumpleaños uno debería sentirse menos infeliz, pero por primera vez siento que el tiempo se me escapo demaciado,mas que los cumpleaños anteriores.

Solo queria soltar esto y desahogarme un poco. Como último deseo,si alguien quiere recomendarme alguna canción para acompañar este momento, se lo agradeceria mucho. Graciad por leer.",https://www.reddit.com/r/guatemala/comments/1rept5y/mucha_que_frustraci%C3%B3n_da_hacer_bien_las_cosas/,response,emotional_support,Entiendo que no todo se puede rápido,3,,,Reflection of Feelings,
Spanish,1rept5y,"Actualmente vivo solo tengo un trabajo decente, con un sueldo decente, vivo alquilando porque no nací en cuna de oro ni vengo de familia adinerada, tengo 30 años ya, pero no me alcanza para darme ciertos lujos (innecesarios lo se) o para comprarme una casa y mucho menos unas vacaciones largas.. por otro lado cuido mi apariencia física, me alimento sanamente, soy organizado, nutro mi cerebro con lectura y suplementos jaja, cuido de mis actos y de mis palabras, cuido de mi rostro, mis manos, mi salud bucal, voy al gim... en general llevo una vida muy de rutina del trabajo, al gim y a la casa.

El punto aca es que no logro salir de esta vida que llevo, quiero aumentar mis ingresos, quiero descansar más, quiero no depender de jefes, tráfico y horarios, pero principalmente quiero formar una familia (actualmente no tengo novia, no porque sea feo sino que no siento que tengo tiempo y dinero extra para estar con alguien, me he alejado de buenas mujeres porque siento que estar con una pareja es una decisión no una elección aunque si me quedo solo no veo problema tampoco). Siento que si tiro la toalla todo se viene para abajo y estaré peor de lo que estoy, mucha es una mierd bien hecha el sistema laboral, se paga lo justo para vivir a lo justo día con día. (ya tengo mis ahorros para salirme del sistema laboral, y estoy aprendiendo otro idioma, pero aún me falta más para lanzarme al agua).

Este post lo hago en forma de desahogo y para compartirles un poco de mi vida, llevo así unos 4 años ya desde que salí de la U. quiero ver sino soy el único atrapado en esta burbuja.Hoy es 1 de febrero, Debería ser un dia especial,pero me siento atrapado,Vivo en un lugar donde no estoy del todo comodo, mis padres me hicieron un pastel y me dieron un regalo que todavía no pude ni abrir porque no tengo fuerzas.

Me siento estancado, estoy re-estudiando mi pasado,analizando la unica amistad real que tuve en internet, y lamentablemente por todo lo que no pude concretar el año pasado ni el anterior. Me siento inferior porque, a pesar de mandar varios CVs a diferentes lugares,sigo sin trabajo y sin avanzar en mis metas personales. Siento que no me llevo nada ""rescatable"" de mis 20 años,porque no ejecuté mis deseos ni mis proyectos.

Todavía cargo con traumas sociales y miedo a la tración, lo que me hace alejarme de las personas que considero malas para que no me hagan daño, hoy me levanté tarde,me siento solo y con pensamientos oscuros que me nublan la mente. Se supone que en un cumpleaños uno debería sentirse menos infeliz, pero por primera vez siento que el tiempo se me escapo demaciado,mas que los cumpleaños anteriores.

Solo queria soltar esto y desahogarme un poco. Como último deseo,si alguien quiere recomendarme alguna canción para acompañar este momento, se lo agradeceria mucho. Graciad por leer.",https://www.reddit.com/r/guatemala/comments/1rept5y/mucha_que_frustraci%C3%B3n_da_hacer_bien_las_cosas/,response,cultural_signals,"Alquilar no es buena idea, excepto si sos el dueño de la casa porque le ganás. De lo contrario pasa el tiempo y no generás nada a tu favor, por mucho que duela entenderlo, así es",1,Values,,,
Spanish,1rept5y,"Actualmente vivo solo tengo un trabajo decente, con un sueldo decente, vivo alquilando porque no nací en cuna de oro ni vengo de familia adinerada, tengo 30 años ya, pero no me alcanza para darme ciertos lujos (innecesarios lo se) o para comprarme una casa y mucho menos unas vacaciones largas.. por otro lado cuido mi apariencia física, me alimento sanamente, soy organizado, nutro mi cerebro con lectura y suplementos jaja, cuido de mis actos y de mis palabras, cuido de mi rostro, mis manos, mi salud bucal, voy al gim... en general llevo una vida muy de rutina del trabajo, al gim y a la casa.

El punto aca es que no logro salir de esta vida que llevo, quiero aumentar mis ingresos, quiero descansar más, quiero no depender de jefes, tráfico y horarios, pero principalmente quiero formar una familia (actualmente no tengo novia, no porque sea feo sino que no siento que tengo tiempo y dinero extra para estar con alguien, me he alejado de buenas mujeres porque siento que estar con una pareja es una decisión no una elección aunque si me quedo solo no veo problema tampoco). Siento que si tiro la toalla todo se viene para abajo y estaré peor de lo que estoy, mucha es una mierd bien hecha el sistema laboral, se paga lo justo para vivir a lo justo día con día. (ya tengo mis ahorros para salirme del sistema laboral, y estoy aprendiendo otro idioma, pero aún me falta más para lanzarme al agua).

Este post lo hago en forma de desahogo y para compartirles un poco de mi vida, llevo así unos 4 años ya desde que salí de la U. quiero ver sino soy el único atrapado en esta burbuja.Hoy es 1 de febrero, Debería ser un dia especial,pero me siento atrapado,Vivo en un lugar donde no estoy del todo comodo, mis padres me hicieron un pastel y me dieron un regalo que todavía no pude ni abrir porque no tengo fuerzas.

Me siento estancado, estoy re-estudiando mi pasado,analizando la unica amistad real que tuve en internet, y lamentablemente por todo lo que no pude concretar el año pasado ni el anterior. Me siento inferior porque, a pesar de mandar varios CVs a diferentes lugares,sigo sin trabajo y sin avanzar en mis metas personales. Siento que no me llevo nada ""rescatable"" de mis 20 años,porque no ejecuté mis deseos ni mis proyectos.

Todavía cargo con traumas sociales y miedo a la tración, lo que me hace alejarme de las personas que considero malas para que no me hagan daño, hoy me levanté tarde,me siento solo y con pensamientos oscuros que me nublan la mente. Se supone que en un cumpleaños uno debería sentirse menos infeliz, pero por primera vez siento que el tiempo se me escapo demaciado,mas que los cumpleaños anteriores.

Solo queria soltar esto y desahogarme un poco. Como último deseo,si alguien quiere recomendarme alguna canción para acompañar este momento, se lo agradeceria mucho. Graciad por leer.",https://www.reddit.com/r/guatemala/comments/1rept5y/mucha_que_frustraci%C3%B3n_da_hacer_bien_las_cosas/,response,emphaty_score,,0,,,,4 (quite empathetic)
Spanish,164q1mw,"Buenas tardes gente, les comento un poco mi historia, tengo 25 años y hace ya 6 años que me encuentro viviendo en Chile.

Acá mi estancia en cuanto a lo profesional me ha ido bastante bien tengo un trabajo cómodo, techo y comida pero sin embargo no soy feliz. He estado pensando en emigrar a algún país de Europa, estuve hace 2 años de vacaciones en España y Portugal y me encantó por la tranquilidad y calidad de vida y las tengo en mi lista de posibles destinos (Igualmente estoy consciente de las dificultades sobre todo laborales que hay en España).

Sin embargo, acá en Chile tengo a mi madre y a mi abuela las cuales lo más probable es que se regresen para Venezuela finalizando el año, sobretodo porque mi abuela ha agarrado un depresión mi fuerte estando acá y no se ha podido adaptar, en especial por el clima y esto también ha afectado de sobremanera a mi madre. (Allá en Venezuela mi madre tiene su apartamento, así que tiene dónde llegar.)

Yo en otra parte estoy en una diatriba, sinceramente acá no soy feliz, siento que vivo el día a día, prácticamente no tengo amigos y menos pareja y dentro de muy poco no tendré a mi familia cerca. Y de verdad no me veo teniendo una pareja aquí y asentadome en Chile.

A veces me gustaría volver a Venezuela a probar suerte para ver que tal me va pero estoy consciente del sinfín de problemas que hay, sin embargo, siento que cuando estaba allá mi salud mental no estaba tan hecha mierda como ahora.

Obviamente, el miedo que me da devolverme también es grande, sobretodo porque no quiero llegar a una situación donde con lo que trabaje no me alcance para nada y no pueda ayudar a mi familia para cualquier eventualidad o simplemente para las cosas básicas.

Sin embargo siento que estando allá pueda estar mejor en cuanto a mi salud mental y encontrar a alguna persona con la que pueda crear un proyecto de familia juntos.

¿Estaría mal el regresarme?
",https://www.reddit.com/r/vzla/comments/164q1mw/ser%C3%ADa_una_locura_regresar_a_vivir_a_vzla/,post,cultural_signals,"Buenas tardes gente, les comento un poco mi historia, tengo 25 años y hace ya 6 años que me encuentro viviendo en Chile.",1,Demographics,,,
Spanish,164q1mw,"Buenas tardes gente, les comento un poco mi historia, tengo 25 años y hace ya 6 años que me encuentro viviendo en Chile.

Acá mi estancia en cuanto a lo profesional me ha ido bastante bien tengo un trabajo cómodo, techo y comida pero sin embargo no soy feliz. He estado pensando en emigrar a algún país de Europa, estuve hace 2 años de vacaciones en España y Portugal y me encantó por la tranquilidad y calidad de vida y las tengo en mi lista de posibles destinos (Igualmente estoy consciente de las dificultades sobre todo laborales que hay en España).

Sin embargo, acá en Chile tengo a mi madre y a mi abuela las cuales lo más probable es que se regresen para Venezuela finalizando el año, sobretodo porque mi abuela ha agarrado un depresión mi fuerte estando acá y no se ha podido adaptar, en especial por el clima y esto también ha afectado de sobremanera a mi madre. (Allá en Venezuela mi madre tiene su apartamento, así que tiene dónde llegar.)

Yo en otra parte estoy en una diatriba, sinceramente acá no soy feliz, siento que vivo el día a día, prácticamente no tengo amigos y menos pareja y dentro de muy poco no tendré a mi familia cerca. Y de verdad no me veo teniendo una pareja aquí y asentadome en Chile.

A veces me gustaría volver a Venezuela a probar suerte para ver que tal me va pero estoy consciente del sinfín de problemas que hay, sin embargo, siento que cuando estaba allá mi salud mental no estaba tan hecha mierda como ahora.

Obviamente, el miedo que me da devolverme también es grande, sobretodo porque no quiero llegar a una situación donde con lo que trabaje no me alcance para nada y no pueda ayudar a mi familia para cualquier eventualidad o simplemente para las cosas básicas.

Sin embargo siento que estando allá pueda estar mejor en cuanto a mi salud mental y encontrar a alguna persona con la que pueda crear un proyecto de familia juntos.

¿Estaría mal el regresarme?
",https://www.reddit.com/r/vzla/comments/164q1mw/ser%C3%ADa_una_locura_regresar_a_vivir_a_vzla/,post,emotional_distress,Acá mi estancia en cuanto a lo profesional me ha ido bastante bien… pero sin embargo no soy feliz.,2,,moderate,,
Spanish,164q1mw,"Buenas tardes gente, les comento un poco mi historia, tengo 25 años y hace ya 6 años que me encuentro viviendo en Chile.

Acá mi estancia en cuanto a lo profesional me ha ido bastante bien tengo un trabajo cómodo, techo y comida pero sin embargo no soy feliz. He estado pensando en emigrar a algún país de Europa, estuve hace 2 años de vacaciones en España y Portugal y me encantó por la tranquilidad y calidad de vida y las tengo en mi lista de posibles destinos (Igualmente estoy consciente de las dificultades sobre todo laborales que hay en España).

Sin embargo, acá en Chile tengo a mi madre y a mi abuela las cuales lo más probable es que se regresen para Venezuela finalizando el año, sobretodo porque mi abuela ha agarrado un depresión mi fuerte estando acá y no se ha podido adaptar, en especial por el clima y esto también ha afectado de sobremanera a mi madre. (Allá en Venezuela mi madre tiene su apartamento, así que tiene dónde llegar.)

Yo en otra parte estoy en una diatriba, sinceramente acá no soy feliz, siento que vivo el día a día, prácticamente no tengo amigos y menos pareja y dentro de muy poco no tendré a mi familia cerca. Y de verdad no me veo teniendo una pareja aquí y asentadome en Chile.

A veces me gustaría volver a Venezuela a probar suerte para ver que tal me va pero estoy consciente del sinfín de problemas que hay, sin embargo, siento que cuando estaba allá mi salud mental no estaba tan hecha mierda como ahora.

Obviamente, el miedo que me da devolverme también es grande, sobretodo porque no quiero llegar a una situación donde con lo que trabaje no me alcance para nada y no pueda ayudar a mi familia para cualquier eventualidad o simplemente para las cosas básicas.

Sin embargo siento que estando allá pueda estar mejor en cuanto a mi salud mental y encontrar a alguna persona con la que pueda crear un proyecto de familia juntos.

¿Estaría mal el regresarme?
",https://www.reddit.com/r/vzla/comments/164q1mw/ser%C3%ADa_una_locura_regresar_a_vivir_a_vzla/,post,cultural_signals,He estado pensando en emigrar a algún país de Europa. Estuve hace 2 años de vacaciones en España y Portugal y me encantó por la tranquilidad y calidad de vida,1,Demographics,,,
Spanish,164q1mw,"Buenas tardes gente, les comento un poco mi historia, tengo 25 años y hace ya 6 años que me encuentro viviendo en Chile.

Acá mi estancia en cuanto a lo profesional me ha ido bastante bien tengo un trabajo cómodo, techo y comida pero sin embargo no soy feliz. He estado pensando en emigrar a algún país de Europa, estuve hace 2 años de vacaciones en España y Portugal y me encantó por la tranquilidad y calidad de vida y las tengo en mi lista de posibles destinos (Igualmente estoy consciente de las dificultades sobre todo laborales que hay en España).

Sin embargo, acá en Chile tengo a mi madre y a mi abuela las cuales lo más probable es que se regresen para Venezuela finalizando el año, sobretodo porque mi abuela ha agarrado un depresión mi fuerte estando acá y no se ha podido adaptar, en especial por el clima y esto también ha afectado de sobremanera a mi madre. (Allá en Venezuela mi madre tiene su apartamento, así que tiene dónde llegar.)

Yo en otra parte estoy en una diatriba, sinceramente acá no soy feliz, siento que vivo el día a día, prácticamente no tengo amigos y menos pareja y dentro de muy poco no tendré a mi familia cerca. Y de verdad no me veo teniendo una pareja aquí y asentadome en Chile.

A veces me gustaría volver a Venezuela a probar suerte para ver que tal me va pero estoy consciente del sinfín de problemas que hay, sin embargo, siento que cuando estaba allá mi salud mental no estaba tan hecha mierda como ahora.

Obviamente, el miedo que me da devolverme también es grande, sobretodo porque no quiero llegar a una situación donde con lo que trabaje no me alcance para nada y no pueda ayudar a mi familia para cualquier eventualidad o simplemente para las cosas básicas.

Sin embargo siento que estando allá pueda estar mejor en cuanto a mi salud mental y encontrar a alguna persona con la que pueda crear un proyecto de familia juntos.

¿Estaría mal el regresarme?
",https://www.reddit.com/r/vzla/comments/164q1mw/ser%C3%ADa_una_locura_regresar_a_vivir_a_vzla/,post,cultural_signals,Estoy consciente de las dificultades sobre todo laborales que hay en España,1,Knowledge,,,
Spanish,164q1mw,"Buenas tardes gente, les comento un poco mi historia, tengo 25 años y hace ya 6 años que me encuentro viviendo en Chile.

Acá mi estancia en cuanto a lo profesional me ha ido bastante bien tengo un trabajo cómodo, techo y comida pero sin embargo no soy feliz. He estado pensando en emigrar a algún país de Europa, estuve hace 2 años de vacaciones en España y Portugal y me encantó por la tranquilidad y calidad de vida y las tengo en mi lista de posibles destinos (Igualmente estoy consciente de las dificultades sobre todo laborales que hay en España).

Sin embargo, acá en Chile tengo a mi madre y a mi abuela las cuales lo más probable es que se regresen para Venezuela finalizando el año, sobretodo porque mi abuela ha agarrado un depresión mi fuerte estando acá y no se ha podido adaptar, en especial por el clima y esto también ha afectado de sobremanera a mi madre. (Allá en Venezuela mi madre tiene su apartamento, así que tiene dónde llegar.)

Yo en otra parte estoy en una diatriba, sinceramente acá no soy feliz, siento que vivo el día a día, prácticamente no tengo amigos y menos pareja y dentro de muy poco no tendré a mi familia cerca. Y de verdad no me veo teniendo una pareja aquí y asentadome en Chile.

A veces me gustaría volver a Venezuela a probar suerte para ver que tal me va pero estoy consciente del sinfín de problemas que hay, sin embargo, siento que cuando estaba allá mi salud mental no estaba tan hecha mierda como ahora.

Obviamente, el miedo que me da devolverme también es grande, sobretodo porque no quiero llegar a una situación donde con lo que trabaje no me alcance para nada y no pueda ayudar a mi familia para cualquier eventualidad o simplemente para las cosas básicas.

Sin embargo siento que estando allá pueda estar mejor en cuanto a mi salud mental y encontrar a alguna persona con la que pueda crear un proyecto de familia juntos.

¿Estaría mal el regresarme?
",https://www.reddit.com/r/vzla/comments/164q1mw/ser%C3%ADa_una_locura_regresar_a_vivir_a_vzla/,post,emotional_distress,"Sin embargo, acá en Chile tengo a mi madre y a mi abuela las cuales lo más probable es que se regresen para Venezuela finalizando el año, sobretodo porque mi abuela ha agarrado un depresión mi fuerte estando acá y no se ha podido adaptar, en especial por el clima y esto también ha afectado de sobremanera a mi madre.",2,,high,,
Spanish,164q1mw,"Buenas tardes gente, les comento un poco mi historia, tengo 25 años y hace ya 6 años que me encuentro viviendo en Chile.

Acá mi estancia en cuanto a lo profesional me ha ido bastante bien tengo un trabajo cómodo, techo y comida pero sin embargo no soy feliz. He estado pensando en emigrar a algún país de Europa, estuve hace 2 años de vacaciones en España y Portugal y me encantó por la tranquilidad y calidad de vida y las tengo en mi lista de posibles destinos (Igualmente estoy consciente de las dificultades sobre todo laborales que hay en España).

Sin embargo, acá en Chile tengo a mi madre y a mi abuela las cuales lo más probable es que se regresen para Venezuela finalizando el año, sobretodo porque mi abuela ha agarrado un depresión mi fuerte estando acá y no se ha podido adaptar, en especial por el clima y esto también ha afectado de sobremanera a mi madre. (Allá en Venezuela mi madre tiene su apartamento, así que tiene dónde llegar.)

Yo en otra parte estoy en una diatriba, sinceramente acá no soy feliz, siento que vivo el día a día, prácticamente no tengo amigos y menos pareja y dentro de muy poco no tendré a mi familia cerca. Y de verdad no me veo teniendo una pareja aquí y asentadome en Chile.

A veces me gustaría volver a Venezuela a probar suerte para ver que tal me va pero estoy consciente del sinfín de problemas que hay, sin embargo, siento que cuando estaba allá mi salud mental no estaba tan hecha mierda como ahora.

Obviamente, el miedo que me da devolverme también es grande, sobretodo porque no quiero llegar a una situación donde con lo que trabaje no me alcance para nada y no pueda ayudar a mi familia para cualquier eventualidad o simplemente para las cosas básicas.

Sin embargo siento que estando allá pueda estar mejor en cuanto a mi salud mental y encontrar a alguna persona con la que pueda crear un proyecto de familia juntos.

¿Estaría mal el regresarme?
",https://www.reddit.com/r/vzla/comments/164q1mw/ser%C3%ADa_una_locura_regresar_a_vivir_a_vzla/,post,emotional_distress,"Yo en otra parte estoy en una diatriba, sinceramente acá no soy feliz, siento que vivo el día a día, prácticamente no tengo amigos y menos pareja y dentro de muy poco no tendré a mi familia cerca. Y de verdad no me veo teniendo una pareja aquí y asentadome en Chile.",2,,moderate,,
Spanish,164q1mw,"Buenas tardes gente, les comento un poco mi historia, tengo 25 años y hace ya 6 años que me encuentro viviendo en Chile.

Acá mi estancia en cuanto a lo profesional me ha ido bastante bien tengo un trabajo cómodo, techo y comida pero sin embargo no soy feliz. He estado pensando en emigrar a algún país de Europa, estuve hace 2 años de vacaciones en España y Portugal y me encantó por la tranquilidad y calidad de vida y las tengo en mi lista de posibles destinos (Igualmente estoy consciente de las dificultades sobre todo laborales que hay en España).

Sin embargo, acá en Chile tengo a mi madre y a mi abuela las cuales lo más probable es que se regresen para Venezuela finalizando el año, sobretodo porque mi abuela ha agarrado un depresión mi fuerte estando acá y no se ha podido adaptar, en especial por el clima y esto también ha afectado de sobremanera a mi madre. (Allá en Venezuela mi madre tiene su apartamento, así que tiene dónde llegar.)

Yo en otra parte estoy en una diatriba, sinceramente acá no soy feliz, siento que vivo el día a día, prácticamente no tengo amigos y menos pareja y dentro de muy poco no tendré a mi familia cerca. Y de verdad no me veo teniendo una pareja aquí y asentadome en Chile.

A veces me gustaría volver a Venezuela a probar suerte para ver que tal me va pero estoy consciente del sinfín de problemas que hay, sin embargo, siento que cuando estaba allá mi salud mental no estaba tan hecha mierda como ahora.

Obviamente, el miedo que me da devolverme también es grande, sobretodo porque no quiero llegar a una situación donde con lo que trabaje no me alcance para nada y no pueda ayudar a mi familia para cualquier eventualidad o simplemente para las cosas básicas.

Sin embargo siento que estando allá pueda estar mejor en cuanto a mi salud mental y encontrar a alguna persona con la que pueda crear un proyecto de familia juntos.

¿Estaría mal el regresarme?
",https://www.reddit.com/r/vzla/comments/164q1mw/ser%C3%ADa_una_locura_regresar_a_vivir_a_vzla/,post,emotional_distress,"A veces me gustaría volver a Venezuela a probar suerte para ver que tal me va pero estoy consciente del sinfín de problemas que hay, sin embargo, siento que cuando estaba allá mi salud mental no estaba tan hecha mierda como ahora.",2,,high,,
Spanish,164q1mw,"Buenas tardes gente, les comento un poco mi historia, tengo 25 años y hace ya 6 años que me encuentro viviendo en Chile.

Acá mi estancia en cuanto a lo profesional me ha ido bastante bien tengo un trabajo cómodo, techo y comida pero sin embargo no soy feliz. He estado pensando en emigrar a algún país de Europa, estuve hace 2 años de vacaciones en España y Portugal y me encantó por la tranquilidad y calidad de vida y las tengo en mi lista de posibles destinos (Igualmente estoy consciente de las dificultades sobre todo laborales que hay en España).

Sin embargo, acá en Chile tengo a mi madre y a mi abuela las cuales lo más probable es que se regresen para Venezuela finalizando el año, sobretodo porque mi abuela ha agarrado un depresión mi fuerte estando acá y no se ha podido adaptar, en especial por el clima y esto también ha afectado de sobremanera a mi madre. (Allá en Venezuela mi madre tiene su apartamento, así que tiene dónde llegar.)

Yo en otra parte estoy en una diatriba, sinceramente acá no soy feliz, siento que vivo el día a día, prácticamente no tengo amigos y menos pareja y dentro de muy poco no tendré a mi familia cerca. Y de verdad no me veo teniendo una pareja aquí y asentadome en Chile.

A veces me gustaría volver a Venezuela a probar suerte para ver que tal me va pero estoy consciente del sinfín de problemas que hay, sin embargo, siento que cuando estaba allá mi salud mental no estaba tan hecha mierda como ahora.

Obviamente, el miedo que me da devolverme también es grande, sobretodo porque no quiero llegar a una situación donde con lo que trabaje no me alcance para nada y no pueda ayudar a mi familia para cualquier eventualidad o simplemente para las cosas básicas.

Sin embargo siento que estando allá pueda estar mejor en cuanto a mi salud mental y encontrar a alguna persona con la que pueda crear un proyecto de familia juntos.

¿Estaría mal el regresarme?
",https://www.reddit.com/r/vzla/comments/164q1mw/ser%C3%ADa_una_locura_regresar_a_vivir_a_vzla/,post,emotional_distress,"Obviamente, el miedo que me da devolverme también es grande, sobretodo porque no quiero llegar a una situación donde con lo que trabaje no me alcance para nada y no pueda ayudar a mi familia para cualquier eventualidad o simplemente para las cosas básicas.",2,,moderate,,
Spanish,164q1mw,"Buenas tardes gente, les comento un poco mi historia, tengo 25 años y hace ya 6 años que me encuentro viviendo en Chile.

Acá mi estancia en cuanto a lo profesional me ha ido bastante bien tengo un trabajo cómodo, techo y comida pero sin embargo no soy feliz. He estado pensando en emigrar a algún país de Europa, estuve hace 2 años de vacaciones en España y Portugal y me encantó por la tranquilidad y calidad de vida y las tengo en mi lista de posibles destinos (Igualmente estoy consciente de las dificultades sobre todo laborales que hay en España).

Sin embargo, acá en Chile tengo a mi madre y a mi abuela las cuales lo más probable es que se regresen para Venezuela finalizando el año, sobretodo porque mi abuela ha agarrado un depresión mi fuerte estando acá y no se ha podido adaptar, en especial por el clima y esto también ha afectado de sobremanera a mi madre. (Allá en Venezuela mi madre tiene su apartamento, así que tiene dónde llegar.)

Yo en otra parte estoy en una diatriba, sinceramente acá no soy feliz, siento que vivo el día a día, prácticamente no tengo amigos y menos pareja y dentro de muy poco no tendré a mi familia cerca. Y de verdad no me veo teniendo una pareja aquí y asentadome en Chile.

A veces me gustaría volver a Venezuela a probar suerte para ver que tal me va pero estoy consciente del sinfín de problemas que hay, sin embargo, siento que cuando estaba allá mi salud mental no estaba tan hecha mierda como ahora.

Obviamente, el miedo que me da devolverme también es grande, sobretodo porque no quiero llegar a una situación donde con lo que trabaje no me alcance para nada y no pueda ayudar a mi familia para cualquier eventualidad o simplemente para las cosas básicas.

Sin embargo siento que estando allá pueda estar mejor en cuanto a mi salud mental y encontrar a alguna persona con la que pueda crear un proyecto de familia juntos.

¿Estaría mal el regresarme?
",https://www.reddit.com/r/vzla/comments/164q1mw/ser%C3%ADa_una_locura_regresar_a_vivir_a_vzla/,response,cultural_signals,"Sí, sería una semejante estupidez. Venezuela es una pocilga.",1,Demographics,,,
Spanish,164q1mw,"Buenas tardes gente, les comento un poco mi historia, tengo 25 años y hace ya 6 años que me encuentro viviendo en Chile.

Acá mi estancia en cuanto a lo profesional me ha ido bastante bien tengo un trabajo cómodo, techo y comida pero sin embargo no soy feliz. He estado pensando en emigrar a algún país de Europa, estuve hace 2 años de vacaciones en España y Portugal y me encantó por la tranquilidad y calidad de vida y las tengo en mi lista de posibles destinos (Igualmente estoy consciente de las dificultades sobre todo laborales que hay en España).

Sin embargo, acá en Chile tengo a mi madre y a mi abuela las cuales lo más probable es que se regresen para Venezuela finalizando el año, sobretodo porque mi abuela ha agarrado un depresión mi fuerte estando acá y no se ha podido adaptar, en especial por el clima y esto también ha afectado de sobremanera a mi madre. (Allá en Venezuela mi madre tiene su apartamento, así que tiene dónde llegar.)

Yo en otra parte estoy en una diatriba, sinceramente acá no soy feliz, siento que vivo el día a día, prácticamente no tengo amigos y menos pareja y dentro de muy poco no tendré a mi familia cerca. Y de verdad no me veo teniendo una pareja aquí y asentadome en Chile.

A veces me gustaría volver a Venezuela a probar suerte para ver que tal me va pero estoy consciente del sinfín de problemas que hay, sin embargo, siento que cuando estaba allá mi salud mental no estaba tan hecha mierda como ahora.

Obviamente, el miedo que me da devolverme también es grande, sobretodo porque no quiero llegar a una situación donde con lo que trabaje no me alcance para nada y no pueda ayudar a mi familia para cualquier eventualidad o simplemente para las cosas básicas.

Sin embargo siento que estando allá pueda estar mejor en cuanto a mi salud mental y encontrar a alguna persona con la que pueda crear un proyecto de familia juntos.

¿Estaría mal el regresarme?
",https://www.reddit.com/r/vzla/comments/164q1mw/ser%C3%ADa_una_locura_regresar_a_vivir_a_vzla/,response,cultural_signals,Los únicos que dicen que se arregló son los gordos enchufados glotones…,1,Norms and Morals,,,
Spanish,164q1mw,"Buenas tardes gente, les comento un poco mi historia, tengo 25 años y hace ya 6 años que me encuentro viviendo en Chile.

Acá mi estancia en cuanto a lo profesional me ha ido bastante bien tengo un trabajo cómodo, techo y comida pero sin embargo no soy feliz. He estado pensando en emigrar a algún país de Europa, estuve hace 2 años de vacaciones en España y Portugal y me encantó por la tranquilidad y calidad de vida y las tengo en mi lista de posibles destinos (Igualmente estoy consciente de las dificultades sobre todo laborales que hay en España).

Sin embargo, acá en Chile tengo a mi madre y a mi abuela las cuales lo más probable es que se regresen para Venezuela finalizando el año, sobretodo porque mi abuela ha agarrado un depresión mi fuerte estando acá y no se ha podido adaptar, en especial por el clima y esto también ha afectado de sobremanera a mi madre. (Allá en Venezuela mi madre tiene su apartamento, así que tiene dónde llegar.)

Yo en otra parte estoy en una diatriba, sinceramente acá no soy feliz, siento que vivo el día a día, prácticamente no tengo amigos y menos pareja y dentro de muy poco no tendré a mi familia cerca. Y de verdad no me veo teniendo una pareja aquí y asentadome en Chile.

A veces me gustaría volver a Venezuela a probar suerte para ver que tal me va pero estoy consciente del sinfín de problemas que hay, sin embargo, siento que cuando estaba allá mi salud mental no estaba tan hecha mierda como ahora.

Obviamente, el miedo que me da devolverme también es grande, sobretodo porque no quiero llegar a una situación donde con lo que trabaje no me alcance para nada y no pueda ayudar a mi familia para cualquier eventualidad o simplemente para las cosas básicas.

Sin embargo siento que estando allá pueda estar mejor en cuanto a mi salud mental y encontrar a alguna persona con la que pueda crear un proyecto de familia juntos.

¿Estaría mal el regresarme?
",https://www.reddit.com/r/vzla/comments/164q1mw/ser%C3%ADa_una_locura_regresar_a_vivir_a_vzla/,response,cultural_signals,"Aquí todo es caro, malo, no se produce nada, etc.",1,Knowledge,,,
Spanish,164q1mw,"Buenas tardes gente, les comento un poco mi historia, tengo 25 años y hace ya 6 años que me encuentro viviendo en Chile.

Acá mi estancia en cuanto a lo profesional me ha ido bastante bien tengo un trabajo cómodo, techo y comida pero sin embargo no soy feliz. He estado pensando en emigrar a algún país de Europa, estuve hace 2 años de vacaciones en España y Portugal y me encantó por la tranquilidad y calidad de vida y las tengo en mi lista de posibles destinos (Igualmente estoy consciente de las dificultades sobre todo laborales que hay en España).

Sin embargo, acá en Chile tengo a mi madre y a mi abuela las cuales lo más probable es que se regresen para Venezuela finalizando el año, sobretodo porque mi abuela ha agarrado un depresión mi fuerte estando acá y no se ha podido adaptar, en especial por el clima y esto también ha afectado de sobremanera a mi madre. (Allá en Venezuela mi madre tiene su apartamento, así que tiene dónde llegar.)

Yo en otra parte estoy en una diatriba, sinceramente acá no soy feliz, siento que vivo el día a día, prácticamente no tengo amigos y menos pareja y dentro de muy poco no tendré a mi familia cerca. Y de verdad no me veo teniendo una pareja aquí y asentadome en Chile.

A veces me gustaría volver a Venezuela a probar suerte para ver que tal me va pero estoy consciente del sinfín de problemas que hay, sin embargo, siento que cuando estaba allá mi salud mental no estaba tan hecha mierda como ahora.

Obviamente, el miedo que me da devolverme también es grande, sobretodo porque no quiero llegar a una situación donde con lo que trabaje no me alcance para nada y no pueda ayudar a mi familia para cualquier eventualidad o simplemente para las cosas básicas.

Sin embargo siento que estando allá pueda estar mejor en cuanto a mi salud mental y encontrar a alguna persona con la que pueda crear un proyecto de familia juntos.

¿Estaría mal el regresarme?
",https://www.reddit.com/r/vzla/comments/164q1mw/ser%C3%ADa_una_locura_regresar_a_vivir_a_vzla/,response,cultural_signals,Eres joven. Si quieres manda a la vieja de vuelta y quédate por allá o busca por otro lado.,1,Values,,,
Spanish,164q1mw,"Buenas tardes gente, les comento un poco mi historia, tengo 25 años y hace ya 6 años que me encuentro viviendo en Chile.

Acá mi estancia en cuanto a lo profesional me ha ido bastante bien tengo un trabajo cómodo, techo y comida pero sin embargo no soy feliz. He estado pensando en emigrar a algún país de Europa, estuve hace 2 años de vacaciones en España y Portugal y me encantó por la tranquilidad y calidad de vida y las tengo en mi lista de posibles destinos (Igualmente estoy consciente de las dificultades sobre todo laborales que hay en España).

Sin embargo, acá en Chile tengo a mi madre y a mi abuela las cuales lo más probable es que se regresen para Venezuela finalizando el año, sobretodo porque mi abuela ha agarrado un depresión mi fuerte estando acá y no se ha podido adaptar, en especial por el clima y esto también ha afectado de sobremanera a mi madre. (Allá en Venezuela mi madre tiene su apartamento, así que tiene dónde llegar.)

Yo en otra parte estoy en una diatriba, sinceramente acá no soy feliz, siento que vivo el día a día, prácticamente no tengo amigos y menos pareja y dentro de muy poco no tendré a mi familia cerca. Y de verdad no me veo teniendo una pareja aquí y asentadome en Chile.

A veces me gustaría volver a Venezuela a probar suerte para ver que tal me va pero estoy consciente del sinfín de problemas que hay, sin embargo, siento que cuando estaba allá mi salud mental no estaba tan hecha mierda como ahora.

Obviamente, el miedo que me da devolverme también es grande, sobretodo porque no quiero llegar a una situación donde con lo que trabaje no me alcance para nada y no pueda ayudar a mi familia para cualquier eventualidad o simplemente para las cosas básicas.

Sin embargo siento que estando allá pueda estar mejor en cuanto a mi salud mental y encontrar a alguna persona con la que pueda crear un proyecto de familia juntos.

¿Estaría mal el regresarme?
",https://www.reddit.com/r/vzla/comments/164q1mw/ser%C3%ADa_una_locura_regresar_a_vivir_a_vzla/,response,cultural_signals,"Pero NO VUELVAS. no no no no, menos si tienes trabajo que depende de que estés allá.",1,Knowledge,,,
Spanish,164q1mw,"Buenas tardes gente, les comento un poco mi historia, tengo 25 años y hace ya 6 años que me encuentro viviendo en Chile.

Acá mi estancia en cuanto a lo profesional me ha ido bastante bien tengo un trabajo cómodo, techo y comida pero sin embargo no soy feliz. He estado pensando en emigrar a algún país de Europa, estuve hace 2 años de vacaciones en España y Portugal y me encantó por la tranquilidad y calidad de vida y las tengo en mi lista de posibles destinos (Igualmente estoy consciente de las dificultades sobre todo laborales que hay en España).

Sin embargo, acá en Chile tengo a mi madre y a mi abuela las cuales lo más probable es que se regresen para Venezuela finalizando el año, sobretodo porque mi abuela ha agarrado un depresión mi fuerte estando acá y no se ha podido adaptar, en especial por el clima y esto también ha afectado de sobremanera a mi madre. (Allá en Venezuela mi madre tiene su apartamento, así que tiene dónde llegar.)

Yo en otra parte estoy en una diatriba, sinceramente acá no soy feliz, siento que vivo el día a día, prácticamente no tengo amigos y menos pareja y dentro de muy poco no tendré a mi familia cerca. Y de verdad no me veo teniendo una pareja aquí y asentadome en Chile.

A veces me gustaría volver a Venezuela a probar suerte para ver que tal me va pero estoy consciente del sinfín de problemas que hay, sin embargo, siento que cuando estaba allá mi salud mental no estaba tan hecha mierda como ahora.

Obviamente, el miedo que me da devolverme también es grande, sobretodo porque no quiero llegar a una situación donde con lo que trabaje no me alcance para nada y no pueda ayudar a mi familia para cualquier eventualidad o simplemente para las cosas básicas.

Sin embargo siento que estando allá pueda estar mejor en cuanto a mi salud mental y encontrar a alguna persona con la que pueda crear un proyecto de familia juntos.

¿Estaría mal el regresarme?
",https://www.reddit.com/r/vzla/comments/164q1mw/ser%C3%ADa_una_locura_regresar_a_vivir_a_vzla/,response,emphaty_score,,0,,,,1 (not empathetic at all)
Spanish,1e6b287,"Pregunto lo siguiente ya que a las personas con autismo en Venezuela siempre las quieren definir como ""locas"" cuando muchas veces solo son individuos con maneras de pensar diferentes y su cerebro procesa todo de otra manera.

En mi caso he visto como algunos Venezolanos No tienen idea sobre lo que es el autismo y lo quieren usar como una forma de insulto, cuando todos sabemos que una persona con autismo es diferente mas NO inferior.

¿Que opinan ustedes al respecto? ¿Es facil o dificil ser autista en Venezuela?",https://www.reddit.com/r/vzla/comments/1e6b287/ser_autista_en_venezuela_es_facil_o_dificil/,post,emotional_distress,A las personas con autismo en Venezuela siempre las quieren definir como ‘locas’.,2,,light,,
Spanish,1e6b287,"Pregunto lo siguiente ya que a las personas con autismo en Venezuela siempre las quieren definir como ""locas"" cuando muchas veces solo son individuos con maneras de pensar diferentes y su cerebro procesa todo de otra manera.

En mi caso he visto como algunos Venezolanos No tienen idea sobre lo que es el autismo y lo quieren usar como una forma de insulto, cuando todos sabemos que una persona con autismo es diferente mas NO inferior.

¿Que opinan ustedes al respecto? ¿Es facil o dificil ser autista en Venezuela?",https://www.reddit.com/r/vzla/comments/1e6b287/ser_autista_en_venezuela_es_facil_o_dificil/,post,cultural_signals,Muchas veces solo son individuos con maneras de pensar diferentes y su cerebro procesa todo de otra manera.,1,Concepts,,,
Spanish,1e6b287,"Pregunto lo siguiente ya que a las personas con autismo en Venezuela siempre las quieren definir como ""locas"" cuando muchas veces solo son individuos con maneras de pensar diferentes y su cerebro procesa todo de otra manera.

En mi caso he visto como algunos Venezolanos No tienen idea sobre lo que es el autismo y lo quieren usar como una forma de insulto, cuando todos sabemos que una persona con autismo es diferente mas NO inferior.

¿Que opinan ustedes al respecto? ¿Es facil o dificil ser autista en Venezuela?",https://www.reddit.com/r/vzla/comments/1e6b287/ser_autista_en_venezuela_es_facil_o_dificil/,post,cultural_signals,Algunos venezolanos no tienen idea sobre lo que es el autismo y lo quieren usar como una forma de insulto.,1,Norms and Morals,,,
Spanish,1e6b287,"Pregunto lo siguiente ya que a las personas con autismo en Venezuela siempre las quieren definir como ""locas"" cuando muchas veces solo son individuos con maneras de pensar diferentes y su cerebro procesa todo de otra manera.

En mi caso he visto como algunos Venezolanos No tienen idea sobre lo que es el autismo y lo quieren usar como una forma de insulto, cuando todos sabemos que una persona con autismo es diferente mas NO inferior.

¿Que opinan ustedes al respecto? ¿Es facil o dificil ser autista en Venezuela?",https://www.reddit.com/r/vzla/comments/1e6b287/ser_autista_en_venezuela_es_facil_o_dificil/,post,cultural_signals,Una persona con autismo es diferente mas NO inferior.,1,Values,,,
Spanish,1e6b287,"Pregunto lo siguiente ya que a las personas con autismo en Venezuela siempre las quieren definir como ""locas"" cuando muchas veces solo son individuos con maneras de pensar diferentes y su cerebro procesa todo de otra manera.

En mi caso he visto como algunos Venezolanos No tienen idea sobre lo que es el autismo y lo quieren usar como una forma de insulto, cuando todos sabemos que una persona con autismo es diferente mas NO inferior.

¿Que opinan ustedes al respecto? ¿Es facil o dificil ser autista en Venezuela?",https://www.reddit.com/r/vzla/comments/1e6b287/ser_autista_en_venezuela_es_facil_o_dificil/,post,cultural_signals,¿Es fácil o difícil ser autista en Venezuela?,1,Demographics,,,
Spanish,1e6b287,"Pregunto lo siguiente ya que a las personas con autismo en Venezuela siempre las quieren definir como ""locas"" cuando muchas veces solo son individuos con maneras de pensar diferentes y su cerebro procesa todo de otra manera.

En mi caso he visto como algunos Venezolanos No tienen idea sobre lo que es el autismo y lo quieren usar como una forma de insulto, cuando todos sabemos que una persona con autismo es diferente mas NO inferior.

¿Que opinan ustedes al respecto? ¿Es facil o dificil ser autista en Venezuela?",https://www.reddit.com/r/vzla/comments/1e6b287/ser_autista_en_venezuela_es_facil_o_dificil/,response,cultural_signals,Muy difícil… imagínate aquí donde tienes a gente que cree que las condiciones del neurodesarrollo y los trastornos mentales son ‘Espíritus del Enemigo’…,1,Languange,,,
Spanish,1e6b287,"Pregunto lo siguiente ya que a las personas con autismo en Venezuela siempre las quieren definir como ""locas"" cuando muchas veces solo son individuos con maneras de pensar diferentes y su cerebro procesa todo de otra manera.

En mi caso he visto como algunos Venezolanos No tienen idea sobre lo que es el autismo y lo quieren usar como una forma de insulto, cuando todos sabemos que una persona con autismo es diferente mas NO inferior.

¿Que opinan ustedes al respecto? ¿Es facil o dificil ser autista en Venezuela?",https://www.reddit.com/r/vzla/comments/1e6b287/ser_autista_en_venezuela_es_facil_o_dificil/,response,cultural_signals,Los venezolanos actualmente no tenemos una cultura de entendimiento hacia las realidades psicológicas y/o neurológicas del ser humano.,1,Values,,,
Spanish,1e6b287,"Pregunto lo siguiente ya que a las personas con autismo en Venezuela siempre las quieren definir como ""locas"" cuando muchas veces solo son individuos con maneras de pensar diferentes y su cerebro procesa todo de otra manera.

En mi caso he visto como algunos Venezolanos No tienen idea sobre lo que es el autismo y lo quieren usar como una forma de insulto, cuando todos sabemos que una persona con autismo es diferente mas NO inferior.

¿Que opinan ustedes al respecto? ¿Es facil o dificil ser autista en Venezuela?",https://www.reddit.com/r/vzla/comments/1e6b287/ser_autista_en_venezuela_es_facil_o_dificil/,response,cultural_signals,"No entendemos la depresión, la bipolaridad, el trastorno obsesivo-compulsivo… se tilda todo de ‘loquera’, ‘flojera’ y ‘falta de fe’",1,Languange,,,
Spanish,1e6b287,"Pregunto lo siguiente ya que a las personas con autismo en Venezuela siempre las quieren definir como ""locas"" cuando muchas veces solo son individuos con maneras de pensar diferentes y su cerebro procesa todo de otra manera.

En mi caso he visto como algunos Venezolanos No tienen idea sobre lo que es el autismo y lo quieren usar como una forma de insulto, cuando todos sabemos que una persona con autismo es diferente mas NO inferior.

¿Que opinan ustedes al respecto? ¿Es facil o dificil ser autista en Venezuela?",https://www.reddit.com/r/vzla/comments/1e6b287/ser_autista_en_venezuela_es_facil_o_dificil/,response,cultural_signals,"En el caso de niños y jóvenes con autismo, TDAH o trastornos del aprendizaje, se les suele tratar como niñitos malcriados que no conocen la disciplina.",1,Concepts,,,
Spanish,1e6b287,"Pregunto lo siguiente ya que a las personas con autismo en Venezuela siempre las quieren definir como ""locas"" cuando muchas veces solo son individuos con maneras de pensar diferentes y su cerebro procesa todo de otra manera.

En mi caso he visto como algunos Venezolanos No tienen idea sobre lo que es el autismo y lo quieren usar como una forma de insulto, cuando todos sabemos que una persona con autismo es diferente mas NO inferior.

¿Que opinan ustedes al respecto? ¿Es facil o dificil ser autista en Venezuela?",https://www.reddit.com/r/vzla/comments/1e6b287/ser_autista_en_venezuela_es_facil_o_dificil/,response,emotional_support,"Claro, esto no implica que aquí no hayan esfuerzos… pero el país está como está… las necesidades de los grupos más vulnerables están aún menos cubiertas.",3,,,Information,
Spanish,1e6b287,"Pregunto lo siguiente ya que a las personas con autismo en Venezuela siempre las quieren definir como ""locas"" cuando muchas veces solo son individuos con maneras de pensar diferentes y su cerebro procesa todo de otra manera.

En mi caso he visto como algunos Venezolanos No tienen idea sobre lo que es el autismo y lo quieren usar como una forma de insulto, cuando todos sabemos que una persona con autismo es diferente mas NO inferior.

¿Que opinan ustedes al respecto? ¿Es facil o dificil ser autista en Venezuela?",https://www.reddit.com/r/vzla/comments/1e6b287/ser_autista_en_venezuela_es_facil_o_dificil/,response,emotional_support,"En mi caso, estoy clara que no voy a conseguir un lugar de trabajo que comprenda mis sensibilidades sensoriales… mi disfunción ejecutiva… En fin, es muy difícil y agota bastante.",3,,,Self-disclosure,
Spanish,1e6b287,"Pregunto lo siguiente ya que a las personas con autismo en Venezuela siempre las quieren definir como ""locas"" cuando muchas veces solo son individuos con maneras de pensar diferentes y su cerebro procesa todo de otra manera.

En mi caso he visto como algunos Venezolanos No tienen idea sobre lo que es el autismo y lo quieren usar como una forma de insulto, cuando todos sabemos que una persona con autismo es diferente mas NO inferior.

¿Que opinan ustedes al respecto? ¿Es facil o dificil ser autista en Venezuela?",https://www.reddit.com/r/vzla/comments/1e6b287/ser_autista_en_venezuela_es_facil_o_dificil/,response,emphaty_score,,0,,,,4 (quite empathetic)
Spanish,1g14ai3,"Es triste que el objetivo de muchos jóvenes en el país quieran irse al extranjero por mejores oportunidades, entiendo es un sacrificio y la mayoría debe pensar que ""ay ya se fue, debe estar feliz"" y no man no... yo ya llevo 1 año estudiando afuera y aunque no lo crean sigo sintiendo pena por mi país, por mi familia y amigos que les tocará enfrentar malos ratos si la situación sigue así. Esta vez que volví en junio a Bolivia, no me quería regresar a (país extranjero) porque sentía tristeza dejar sola a mi mamá afrontando todos los problemas que tiene el país ahora mismo, me gustaría también regresarme a Bolivia y trabajar pero siento que esta oportunidad que tengo es gracias tanto el sacrificio de mi mamá y a la voluntad de Dios, que no debo desaprovechar... no se que piensan ustedes? Los leo
En mi caso he visto como algunos Venezolanos No tienen idea sobre lo que es el autismo y lo quieren usar como una forma de insulto, cuando todos sabemos que una persona con autismo es diferente mas NO inferior.

¿Que opinan ustedes al respecto? ¿Es facil o dificil ser autista en Venezuela?",https://www.reddit.com/r/BOLIVIA/comments/1g14ai3/es_triste/,post,emotional_distress,Es triste que el objetivo de muchos jóvenes en el país quieran irse al extranjero por mejores oportunidades.,2,,light,,
Spanish,1g14ai3,"Es triste que el objetivo de muchos jóvenes en el país quieran irse al extranjero por mejores oportunidades, entiendo es un sacrificio y la mayoría debe pensar que ""ay ya se fue, debe estar feliz"" y no man no... yo ya llevo 1 año estudiando afuera y aunque no lo crean sigo sintiendo pena por mi país, por mi familia y amigos que les tocará enfrentar malos ratos si la situación sigue así. Esta vez que volví en junio a Bolivia, no me quería regresar a (país extranjero) porque sentía tristeza dejar sola a mi mamá afrontando todos los problemas que tiene el país ahora mismo, me gustaría también regresarme a Bolivia y trabajar pero siento que esta oportunidad que tengo es gracias tanto el sacrificio de mi mamá y a la voluntad de Dios, que no debo desaprovechar... no se que piensan ustedes? Los leo
En mi caso he visto como algunos Venezolanos No tienen idea sobre lo que es el autismo y lo quieren usar como una forma de insulto, cuando todos sabemos que una persona con autismo es diferente mas NO inferior.

¿Que opinan ustedes al respecto? ¿Es facil o dificil ser autista en Venezuela?",https://www.reddit.com/r/BOLIVIA/comments/1g14ai3/es_triste/,post,emotional_distress,"Entiendo que es un sacrificio y la mayoría debe pensar que ‘ya se fue, debe estar feliz’, y no man, no…",2,,moderate,,
Spanish,1g14ai3,"Es triste que el objetivo de muchos jóvenes en el país quieran irse al extranjero por mejores oportunidades, entiendo es un sacrificio y la mayoría debe pensar que ""ay ya se fue, debe estar feliz"" y no man no... yo ya llevo 1 año estudiando afuera y aunque no lo crean sigo sintiendo pena por mi país, por mi familia y amigos que les tocará enfrentar malos ratos si la situación sigue así. Esta vez que volví en junio a Bolivia, no me quería regresar a (país extranjero) porque sentía tristeza dejar sola a mi mamá afrontando todos los problemas que tiene el país ahora mismo, me gustaría también regresarme a Bolivia y trabajar pero siento que esta oportunidad que tengo es gracias tanto el sacrificio de mi mamá y a la voluntad de Dios, que no debo desaprovechar... no se que piensan ustedes? Los leo
En mi caso he visto como algunos Venezolanos No tienen idea sobre lo que es el autismo y lo quieren usar como una forma de insulto, cuando todos sabemos que una persona con autismo es diferente mas NO inferior.

¿Que opinan ustedes al respecto? ¿Es facil o dificil ser autista en Venezuela?",https://www.reddit.com/r/BOLIVIA/comments/1g14ai3/es_triste/,post,emotional_distress,"Yo ya llevo 1 año estudiando afuera y aunque no lo crean sigo sintiendo pena por mi país, por mi familia y amigos.",2,,moderate,,
Spanish,1g14ai3,"Es triste que el objetivo de muchos jóvenes en el país quieran irse al extranjero por mejores oportunidades, entiendo es un sacrificio y la mayoría debe pensar que ""ay ya se fue, debe estar feliz"" y no man no... yo ya llevo 1 año estudiando afuera y aunque no lo crean sigo sintiendo pena por mi país, por mi familia y amigos que les tocará enfrentar malos ratos si la situación sigue así. Esta vez que volví en junio a Bolivia, no me quería regresar a (país extranjero) porque sentía tristeza dejar sola a mi mamá afrontando todos los problemas que tiene el país ahora mismo, me gustaría también regresarme a Bolivia y trabajar pero siento que esta oportunidad que tengo es gracias tanto el sacrificio de mi mamá y a la voluntad de Dios, que no debo desaprovechar... no se que piensan ustedes? Los leo
En mi caso he visto como algunos Venezolanos No tienen idea sobre lo que es el autismo y lo quieren usar como una forma de insulto, cuando todos sabemos que una persona con autismo es diferente mas NO inferior.

¿Que opinan ustedes al respecto? ¿Es facil o dificil ser autista en Venezuela?",https://www.reddit.com/r/BOLIVIA/comments/1g14ai3/es_triste/,post,emotional_distress,"Esta vez que volví en junio a Bolivia, no me quería regresar a país extranjero porque sentía tristeza dejar sola a mi mamá afrontando todos los problemas que tiene el país ahora mismo.",2,,moderate,,
Spanish,1g14ai3,"Es triste que el objetivo de muchos jóvenes en el país quieran irse al extranjero por mejores oportunidades, entiendo es un sacrificio y la mayoría debe pensar que ""ay ya se fue, debe estar feliz"" y no man no... yo ya llevo 1 año estudiando afuera y aunque no lo crean sigo sintiendo pena por mi país, por mi familia y amigos que les tocará enfrentar malos ratos si la situación sigue así. Esta vez que volví en junio a Bolivia, no me quería regresar a (país extranjero) porque sentía tristeza dejar sola a mi mamá afrontando todos los problemas que tiene el país ahora mismo, me gustaría también regresarme a Bolivia y trabajar pero siento que esta oportunidad que tengo es gracias tanto el sacrificio de mi mamá y a la voluntad de Dios, que no debo desaprovechar... no se que piensan ustedes? Los leo
En mi caso he visto como algunos Venezolanos No tienen idea sobre lo que es el autismo y lo quieren usar como una forma de insulto, cuando todos sabemos que una persona con autismo es diferente mas NO inferior.

¿Que opinan ustedes al respecto? ¿Es facil o dificil ser autista en Venezuela?",https://www.reddit.com/r/BOLIVIA/comments/1g14ai3/es_triste/,post,cultural_signals,"Me gustaría también regresarme a Bolivia y trabajar, pero siento que esta oportunidad que tengo es gracias al sacrificio de mi mamá y a la voluntad de Dios, que no debo desaprovechar.",1,Values,,,
Spanish,1g14ai3,"Es triste que el objetivo de muchos jóvenes en el país quieran irse al extranjero por mejores oportunidades, entiendo es un sacrificio y la mayoría debe pensar que ""ay ya se fue, debe estar feliz"" y no man no... yo ya llevo 1 año estudiando afuera y aunque no lo crean sigo sintiendo pena por mi país, por mi familia y amigos que les tocará enfrentar malos ratos si la situación sigue así. Esta vez que volví en junio a Bolivia, no me quería regresar a (país extranjero) porque sentía tristeza dejar sola a mi mamá afrontando todos los problemas que tiene el país ahora mismo, me gustaría también regresarme a Bolivia y trabajar pero siento que esta oportunidad que tengo es gracias tanto el sacrificio de mi mamá y a la voluntad de Dios, que no debo desaprovechar... no se que piensan ustedes? Los leo
En mi caso he visto como algunos Venezolanos No tienen idea sobre lo que es el autismo y lo quieren usar como una forma de insulto, cuando todos sabemos que una persona con autismo es diferente mas NO inferior.

¿Que opinan ustedes al respecto? ¿Es facil o dificil ser autista en Venezuela?",https://www.reddit.com/r/BOLIVIA/comments/1g14ai3/es_triste/,response,emotional_support,"Sí, yo entiendo, he vivido en el extranjero y comprendo perfectamente lo que decís.",3,,,Self-disclosure,
Spanish,1g14ai3,"Es triste que el objetivo de muchos jóvenes en el país quieran irse al extranjero por mejores oportunidades, entiendo es un sacrificio y la mayoría debe pensar que ""ay ya se fue, debe estar feliz"" y no man no... yo ya llevo 1 año estudiando afuera y aunque no lo crean sigo sintiendo pena por mi país, por mi familia y amigos que les tocará enfrentar malos ratos si la situación sigue así. Esta vez que volví en junio a Bolivia, no me quería regresar a (país extranjero) porque sentía tristeza dejar sola a mi mamá afrontando todos los problemas que tiene el país ahora mismo, me gustaría también regresarme a Bolivia y trabajar pero siento que esta oportunidad que tengo es gracias tanto el sacrificio de mi mamá y a la voluntad de Dios, que no debo desaprovechar... no se que piensan ustedes? Los leo
En mi caso he visto como algunos Venezolanos No tienen idea sobre lo que es el autismo y lo quieren usar como una forma de insulto, cuando todos sabemos que una persona con autismo es diferente mas NO inferior.

¿Que opinan ustedes al respecto? ¿Es facil o dificil ser autista en Venezuela?",https://www.reddit.com/r/BOLIVIA/comments/1g14ai3/es_triste/,response,cultural_signals,La gente suele romantizar vivir y trabajar en otro lado… creen que pisás otro país y ya tenés la vida solucionada.,1,Values,,,
Spanish,1g14ai3,"Es triste que el objetivo de muchos jóvenes en el país quieran irse al extranjero por mejores oportunidades, entiendo es un sacrificio y la mayoría debe pensar que ""ay ya se fue, debe estar feliz"" y no man no... yo ya llevo 1 año estudiando afuera y aunque no lo crean sigo sintiendo pena por mi país, por mi familia y amigos que les tocará enfrentar malos ratos si la situación sigue así. Esta vez que volví en junio a Bolivia, no me quería regresar a (país extranjero) porque sentía tristeza dejar sola a mi mamá afrontando todos los problemas que tiene el país ahora mismo, me gustaría también regresarme a Bolivia y trabajar pero siento que esta oportunidad que tengo es gracias tanto el sacrificio de mi mamá y a la voluntad de Dios, que no debo desaprovechar... no se que piensan ustedes? Los leo
En mi caso he visto como algunos Venezolanos No tienen idea sobre lo que es el autismo y lo quieren usar como una forma de insulto, cuando todos sabemos que una persona con autismo es diferente mas NO inferior.

¿Que opinan ustedes al respecto? ¿Es facil o dificil ser autista en Venezuela?",https://www.reddit.com/r/BOLIVIA/comments/1g14ai3/es_triste/,response,emotional_support,Entiendo el punto de los que quieren irse… pero mucha gente acá tiene una imagen distorsionada de estar afuera.,3,,,Information,
Spanish,1g14ai3,"Es triste que el objetivo de muchos jóvenes en el país quieran irse al extranjero por mejores oportunidades, entiendo es un sacrificio y la mayoría debe pensar que ""ay ya se fue, debe estar feliz"" y no man no... yo ya llevo 1 año estudiando afuera y aunque no lo crean sigo sintiendo pena por mi país, por mi familia y amigos que les tocará enfrentar malos ratos si la situación sigue así. Esta vez que volví en junio a Bolivia, no me quería regresar a (país extranjero) porque sentía tristeza dejar sola a mi mamá afrontando todos los problemas que tiene el país ahora mismo, me gustaría también regresarme a Bolivia y trabajar pero siento que esta oportunidad que tengo es gracias tanto el sacrificio de mi mamá y a la voluntad de Dios, que no debo desaprovechar... no se que piensan ustedes? Los leo
En mi caso he visto como algunos Venezolanos No tienen idea sobre lo que es el autismo y lo quieren usar como una forma de insulto, cuando todos sabemos que una persona con autismo es diferente mas NO inferior.

¿Que opinan ustedes al respecto? ¿Es facil o dificil ser autista en Venezuela?",https://www.reddit.com/r/BOLIVIA/comments/1g14ai3/es_triste/,response,emotional_support,Lo que más me da pena es que después de tantos años la mayor ambición siga siendo partir.,3,,,Reflection of Feelings,
Spanish,1g14ai3,"Es triste que el objetivo de muchos jóvenes en el país quieran irse al extranjero por mejores oportunidades, entiendo es un sacrificio y la mayoría debe pensar que ""ay ya se fue, debe estar feliz"" y no man no... yo ya llevo 1 año estudiando afuera y aunque no lo crean sigo sintiendo pena por mi país, por mi familia y amigos que les tocará enfrentar malos ratos si la situación sigue así. Esta vez que volví en junio a Bolivia, no me quería regresar a (país extranjero) porque sentía tristeza dejar sola a mi mamá afrontando todos los problemas que tiene el país ahora mismo, me gustaría también regresarme a Bolivia y trabajar pero siento que esta oportunidad que tengo es gracias tanto el sacrificio de mi mamá y a la voluntad de Dios, que no debo desaprovechar... no se que piensan ustedes? Los leo
En mi caso he visto como algunos Venezolanos No tienen idea sobre lo que es el autismo y lo quieren usar como una forma de insulto, cuando todos sabemos que una persona con autismo es diferente mas NO inferior.

¿Que opinan ustedes al respecto? ¿Es facil o dificil ser autista en Venezuela?",https://www.reddit.com/r/BOLIVIA/comments/1g14ai3/es_triste/,response,cultural_signals,"Hace 20 años era lo mismo… No ha cambiado nada, me da una tristeza enorme.",1,Knowledge,,,
Spanish,1j8bagy,"¿Qué necesita una persona que padece depresión?
Voy al grano... Hace años padecí depresión, estuve medicado por años y hace relativamente poco pude salir de ella. Aún sigo medicándome porque las secuelas tanto físicas como mentales siguen siendo algo a resolver...

Pero el principal tema de este post es el siguiente: ¿Qué necesita una persona depresiva o que padece de esta enfermedad mental para salir adelante? Siempre que miro atrás, no veo solamente una cosa que me haya ayudado a salir de ella, si no que han sido una sucesión de cosas que yo he ido cambiando a la fuerza para poder salir adelante.

Quisiera ayudar a más personas de mi entorno que sufren lo mismo que yo sufrí, y me encantaría saber qué os ayudaría a vosotros o qué os ayudó a vosotros a salir de ese lugar.

Para aquellos que siguen luchando día a día, no os rindáis, no os rindáis nunca. Haced lo imposible por encontrar vuestra razón.",https://www.reddit.com/r/depression/comments/1j8bagy/qu%C3%A9_necesita_una_persona_que_padece_depresi%C3%B3n/,post,emotional_distress,"Hace años padecí depresión, estuve medicado por años y hace relativamente poco pude salir de ella.",2,,moderate,,
Spanish,1j8bagy,"¿Qué necesita una persona que padece depresión?
Voy al grano... Hace años padecí depresión, estuve medicado por años y hace relativamente poco pude salir de ella. Aún sigo medicándome porque las secuelas tanto físicas como mentales siguen siendo algo a resolver...

Pero el principal tema de este post es el siguiente: ¿Qué necesita una persona depresiva o que padece de esta enfermedad mental para salir adelante? Siempre que miro atrás, no veo solamente una cosa que me haya ayudado a salir de ella, si no que han sido una sucesión de cosas que yo he ido cambiando a la fuerza para poder salir adelante.

Quisiera ayudar a más personas de mi entorno que sufren lo mismo que yo sufrí, y me encantaría saber qué os ayudaría a vosotros o qué os ayudó a vosotros a salir de ese lugar.

Para aquellos que siguen luchando día a día, no os rindáis, no os rindáis nunca. Haced lo imposible por encontrar vuestra razón.",https://www.reddit.com/r/depression/comments/1j8bagy/qu%C3%A9_necesita_una_persona_que_padece_depresi%C3%B3n/,post,emotional_distress,Aún sigo medicándome porque las secuelas tanto físicas como mentales siguen siendo algo a resolver.,2,,moderate,,
Spanish,1j8bagy,"¿Qué necesita una persona que padece depresión?
Voy al grano... Hace años padecí depresión, estuve medicado por años y hace relativamente poco pude salir de ella. Aún sigo medicándome porque las secuelas tanto físicas como mentales siguen siendo algo a resolver...

Pero el principal tema de este post es el siguiente: ¿Qué necesita una persona depresiva o que padece de esta enfermedad mental para salir adelante? Siempre que miro atrás, no veo solamente una cosa que me haya ayudado a salir de ella, si no que han sido una sucesión de cosas que yo he ido cambiando a la fuerza para poder salir adelante.

Quisiera ayudar a más personas de mi entorno que sufren lo mismo que yo sufrí, y me encantaría saber qué os ayudaría a vosotros o qué os ayudó a vosotros a salir de ese lugar.

Para aquellos que siguen luchando día a día, no os rindáis, no os rindáis nunca. Haced lo imposible por encontrar vuestra razón.",https://www.reddit.com/r/depression/comments/1j8bagy/qu%C3%A9_necesita_una_persona_que_padece_depresi%C3%B3n/,post,emotional_distress,¿Qué necesita una persona depresiva o que padece de esta enfermedad mental para salir adelante?,2,,moderate,,
Spanish,1j8bagy,"¿Qué necesita una persona que padece depresión?
Voy al grano... Hace años padecí depresión, estuve medicado por años y hace relativamente poco pude salir de ella. Aún sigo medicándome porque las secuelas tanto físicas como mentales siguen siendo algo a resolver...

Pero el principal tema de este post es el siguiente: ¿Qué necesita una persona depresiva o que padece de esta enfermedad mental para salir adelante? Siempre que miro atrás, no veo solamente una cosa que me haya ayudado a salir de ella, si no que han sido una sucesión de cosas que yo he ido cambiando a la fuerza para poder salir adelante.

Quisiera ayudar a más personas de mi entorno que sufren lo mismo que yo sufrí, y me encantaría saber qué os ayudaría a vosotros o qué os ayudó a vosotros a salir de ese lugar.

Para aquellos que siguen luchando día a día, no os rindáis, no os rindáis nunca. Haced lo imposible por encontrar vuestra razón.",https://www.reddit.com/r/depression/comments/1j8bagy/qu%C3%A9_necesita_una_persona_que_padece_depresi%C3%B3n/,post,emotional_distress,"Siempre que miro atrás, no veo solamente una cosa que me haya ayudado… han sido una sucesión de cosas que yo he ido cambiando a la fuerza.",2,,moderate,,
Spanish,1j8bagy,"¿Qué necesita una persona que padece depresión?
Voy al grano... Hace años padecí depresión, estuve medicado por años y hace relativamente poco pude salir de ella. Aún sigo medicándome porque las secuelas tanto físicas como mentales siguen siendo algo a resolver...

Pero el principal tema de este post es el siguiente: ¿Qué necesita una persona depresiva o que padece de esta enfermedad mental para salir adelante? Siempre que miro atrás, no veo solamente una cosa que me haya ayudado a salir de ella, si no que han sido una sucesión de cosas que yo he ido cambiando a la fuerza para poder salir adelante.

Quisiera ayudar a más personas de mi entorno que sufren lo mismo que yo sufrí, y me encantaría saber qué os ayudaría a vosotros o qué os ayudó a vosotros a salir de ese lugar.

Para aquellos que siguen luchando día a día, no os rindáis, no os rindáis nunca. Haced lo imposible por encontrar vuestra razón.",https://www.reddit.com/r/depression/comments/1j8bagy/qu%C3%A9_necesita_una_persona_que_padece_depresi%C3%B3n/,post,emotional_support,"Quisiera ayudar a más personas… Para aquellos que siguen luchando día a día, no os rindáis nunca.",3,,,Affirmation and Reassurance,
Spanish,1j8bagy,"¿Qué necesita una persona que padece depresión?
Voy al grano... Hace años padecí depresión, estuve medicado por años y hace relativamente poco pude salir de ella. Aún sigo medicándome porque las secuelas tanto físicas como mentales siguen siendo algo a resolver...

Pero el principal tema de este post es el siguiente: ¿Qué necesita una persona depresiva o que padece de esta enfermedad mental para salir adelante? Siempre que miro atrás, no veo solamente una cosa que me haya ayudado a salir de ella, si no que han sido una sucesión de cosas que yo he ido cambiando a la fuerza para poder salir adelante.

Quisiera ayudar a más personas de mi entorno que sufren lo mismo que yo sufrí, y me encantaría saber qué os ayudaría a vosotros o qué os ayudó a vosotros a salir de ese lugar.

Para aquellos que siguen luchando día a día, no os rindáis, no os rindáis nunca. Haced lo imposible por encontrar vuestra razón.",https://www.reddit.com/r/depression/comments/1j8bagy/qu%C3%A9_necesita_una_persona_que_padece_depresi%C3%B3n/,response,emotional_support,"Necesitas una red de apoyo, gente que te escuche",3,,,Providing Suggestions,
Spanish,1j8bagy,"¿Qué necesita una persona que padece depresión?
Voy al grano... Hace años padecí depresión, estuve medicado por años y hace relativamente poco pude salir de ella. Aún sigo medicándome porque las secuelas tanto físicas como mentales siguen siendo algo a resolver...

Pero el principal tema de este post es el siguiente: ¿Qué necesita una persona depresiva o que padece de esta enfermedad mental para salir adelante? Siempre que miro atrás, no veo solamente una cosa que me haya ayudado a salir de ella, si no que han sido una sucesión de cosas que yo he ido cambiando a la fuerza para poder salir adelante.

Quisiera ayudar a más personas de mi entorno que sufren lo mismo que yo sufrí, y me encantaría saber qué os ayudaría a vosotros o qué os ayudó a vosotros a salir de ese lugar.

Para aquellos que siguen luchando día a día, no os rindáis, no os rindáis nunca. Haced lo imposible por encontrar vuestra razón.",https://www.reddit.com/r/depression/comments/1j8bagy/qu%C3%A9_necesita_una_persona_que_padece_depresi%C3%B3n/,response,emotional_support,"te ayude a hacer actividades positivas, ayuda profesional, etc.",3,,,Providing Suggestions,
Spanish,1j8bagy,"¿Qué necesita una persona que padece depresión?
Voy al grano... Hace años padecí depresión, estuve medicado por años y hace relativamente poco pude salir de ella. Aún sigo medicándome porque las secuelas tanto físicas como mentales siguen siendo algo a resolver...

Pero el principal tema de este post es el siguiente: ¿Qué necesita una persona depresiva o que padece de esta enfermedad mental para salir adelante? Siempre que miro atrás, no veo solamente una cosa que me haya ayudado a salir de ella, si no que han sido una sucesión de cosas que yo he ido cambiando a la fuerza para poder salir adelante.

Quisiera ayudar a más personas de mi entorno que sufren lo mismo que yo sufrí, y me encantaría saber qué os ayudaría a vosotros o qué os ayudó a vosotros a salir de ese lugar.

Para aquellos que siguen luchando día a día, no os rindáis, no os rindáis nunca. Haced lo imposible por encontrar vuestra razón.",https://www.reddit.com/r/depression/comments/1j8bagy/qu%C3%A9_necesita_una_persona_que_padece_depresi%C3%B3n/,response,emotional_support,También depende del nivel de depresión.,3,,,Information,
Spanish,1j8bagy,"¿Qué necesita una persona que padece depresión?
Voy al grano... Hace años padecí depresión, estuve medicado por años y hace relativamente poco pude salir de ella. Aún sigo medicándome porque las secuelas tanto físicas como mentales siguen siendo algo a resolver...

Pero el principal tema de este post es el siguiente: ¿Qué necesita una persona depresiva o que padece de esta enfermedad mental para salir adelante? Siempre que miro atrás, no veo solamente una cosa que me haya ayudado a salir de ella, si no que han sido una sucesión de cosas que yo he ido cambiando a la fuerza para poder salir adelante.

Quisiera ayudar a más personas de mi entorno que sufren lo mismo que yo sufrí, y me encantaría saber qué os ayudaría a vosotros o qué os ayudó a vosotros a salir de ese lugar.

Para aquellos que siguen luchando día a día, no os rindáis, no os rindáis nunca. Haced lo imposible por encontrar vuestra razón.",https://www.reddit.com/r/depression/comments/1j8bagy/qu%C3%A9_necesita_una_persona_que_padece_depresi%C3%B3n/,response,emphaty_score,,0,,,,3 (moderately empathetic)
Spanish,1rxny67,"tengo 24 años y aunque sé que siempre algo estuvo mal conmigo tuve la mala suerte de que al otro año de que termine la secundaria e iba a empezar la facultad, aunque con muchas dudas, pero igual entusiasmada, empezó la pandemia, lo que me obligo a estar encerrada y arrancarla online. estar encerrada tanto tiempo me arruino todavía más de lo que ya estaba, siempre tuve mucha ansiedad social y todo esto me metió en un bucle horrible en el que me cuesta mucho salir y sociabilizar.

si bien tengo algunos amigos, no me siento amiga de mis amigos y elijo salir de vez en cuando con ellos para no caer completamente en la locura. mis padres me mantienen, porque me están bancando mientras estudio, pero me está yendo muy mal supuestamente estoy en tercer año de una carrera, pero no termine ni el primero, aunque ellos creen que me está yendo bien, les miento porque no quiero que sepan que soy esta decepción, aunque creo que ya lo saben. no tengo pareja, ni creo que podría, se me hace algo imposible confiar tanto en alguien como para elegir compartir mi vida con alguien y menos que alguien elija compartirla conmigo. tampoco tengo trabajo, debería tenerlo, pero no consigo y siento que no podría tampoco porque siempre pienso que cualquier persona que me contrate pensaría que soy una inútil y me echaría a las dos horas, no tengo ningún hobbie, no se hacer nada, no soy buena en nada y no busco ni me esfuerzo en ser buena en nada, no porque no quiera, sinceramente no encuentro las fuerzas, son tantas las cosas que están mal, que hago mal, que no sé por dónde empezar para arreglarlas. ni siquiera tengo una buena personalidad, no soy inteligente, ni graciosa, ni tengo una afición muy grande por nada, mucho menos soy linda, al contrario.

me paso los días en internet, tengo el cerebro completamente frito, pero si dejo de distraerme todo el tiempo, al segundo que lo dejo me invade un sinfín de pensamientos horribles sobre mí, desde lo más mínimo hasta lo más significante, porque fallo en todo y cada vez que pienso en todo eso, lo primero que me sale pensar y fantasear es, ""yo ya no tengo arreglo porque soy una vaga y una inútil, y si ya esta y si le pongo fin"". sé que soy una privilegiada en la vida, no soy rica ni mucho menos, pero sé que mucha gente con mi vida y mis oportunidades hubiera tenido una vida espectacular, la hubiera aprovechado, hubiera sido alguien.

en fin, solo quería desahogarme, sé que a comparación de muchas historias que se cuentan acá la mía no tiene mucho sentido, sé que se resolvería poniéndole un poco más de ganas y laburando, pero no lo hago.

gracias a todos los que lean <3",https://www.reddit.com/r/depression/comments/1rxny67/ojal%C3%A1_pudiera_volver_a_nacer/,post,emotional_distress,Tengo 24 años… empezó la pandemia… estar encerrada tanto tiempo me arruinó… siempre tuve mucha ansiedad social…,2,,moderate,,
Spanish,1rxny67,"tengo 24 años y aunque sé que siempre algo estuvo mal conmigo tuve la mala suerte de que al otro año de que termine la secundaria e iba a empezar la facultad, aunque con muchas dudas, pero igual entusiasmada, empezó la pandemia, lo que me obligo a estar encerrada y arrancarla online. estar encerrada tanto tiempo me arruino todavía más de lo que ya estaba, siempre tuve mucha ansiedad social y todo esto me metió en un bucle horrible en el que me cuesta mucho salir y sociabilizar.

si bien tengo algunos amigos, no me siento amiga de mis amigos y elijo salir de vez en cuando con ellos para no caer completamente en la locura. mis padres me mantienen, porque me están bancando mientras estudio, pero me está yendo muy mal supuestamente estoy en tercer año de una carrera, pero no termine ni el primero, aunque ellos creen que me está yendo bien, les miento porque no quiero que sepan que soy esta decepción, aunque creo que ya lo saben. no tengo pareja, ni creo que podría, se me hace algo imposible confiar tanto en alguien como para elegir compartir mi vida con alguien y menos que alguien elija compartirla conmigo. tampoco tengo trabajo, debería tenerlo, pero no consigo y siento que no podría tampoco porque siempre pienso que cualquier persona que me contrate pensaría que soy una inútil y me echaría a las dos horas, no tengo ningún hobbie, no se hacer nada, no soy buena en nada y no busco ni me esfuerzo en ser buena en nada, no porque no quiera, sinceramente no encuentro las fuerzas, son tantas las cosas que están mal, que hago mal, que no sé por dónde empezar para arreglarlas. ni siquiera tengo una buena personalidad, no soy inteligente, ni graciosa, ni tengo una afición muy grande por nada, mucho menos soy linda, al contrario.

me paso los días en internet, tengo el cerebro completamente frito, pero si dejo de distraerme todo el tiempo, al segundo que lo dejo me invade un sinfín de pensamientos horribles sobre mí, desde lo más mínimo hasta lo más significante, porque fallo en todo y cada vez que pienso en todo eso, lo primero que me sale pensar y fantasear es, ""yo ya no tengo arreglo porque soy una vaga y una inútil, y si ya esta y si le pongo fin"". sé que soy una privilegiada en la vida, no soy rica ni mucho menos, pero sé que mucha gente con mi vida y mis oportunidades hubiera tenido una vida espectacular, la hubiera aprovechado, hubiera sido alguien.

en fin, solo quería desahogarme, sé que a comparación de muchas historias que se cuentan acá la mía no tiene mucho sentido, sé que se resolvería poniéndole un poco más de ganas y laburando, pero no lo hago.

gracias a todos los que lean <4",https://www.reddit.com/r/depression/comments/1rxny67/ojal%C3%A1_pudiera_volver_a_nacer/,post,emotional_distress,"Si bien tengo algunos amigos, no me siento amiga de mis amigos…",2,,moderate,,
Spanish,1rxny67,"tengo 24 años y aunque sé que siempre algo estuvo mal conmigo tuve la mala suerte de que al otro año de que termine la secundaria e iba a empezar la facultad, aunque con muchas dudas, pero igual entusiasmada, empezó la pandemia, lo que me obligo a estar encerrada y arrancarla online. estar encerrada tanto tiempo me arruino todavía más de lo que ya estaba, siempre tuve mucha ansiedad social y todo esto me metió en un bucle horrible en el que me cuesta mucho salir y sociabilizar.

si bien tengo algunos amigos, no me siento amiga de mis amigos y elijo salir de vez en cuando con ellos para no caer completamente en la locura. mis padres me mantienen, porque me están bancando mientras estudio, pero me está yendo muy mal supuestamente estoy en tercer año de una carrera, pero no termine ni el primero, aunque ellos creen que me está yendo bien, les miento porque no quiero que sepan que soy esta decepción, aunque creo que ya lo saben. no tengo pareja, ni creo que podría, se me hace algo imposible confiar tanto en alguien como para elegir compartir mi vida con alguien y menos que alguien elija compartirla conmigo. tampoco tengo trabajo, debería tenerlo, pero no consigo y siento que no podría tampoco porque siempre pienso que cualquier persona que me contrate pensaría que soy una inútil y me echaría a las dos horas, no tengo ningún hobbie, no se hacer nada, no soy buena en nada y no busco ni me esfuerzo en ser buena en nada, no porque no quiera, sinceramente no encuentro las fuerzas, son tantas las cosas que están mal, que hago mal, que no sé por dónde empezar para arreglarlas. ni siquiera tengo una buena personalidad, no soy inteligente, ni graciosa, ni tengo una afición muy grande por nada, mucho menos soy linda, al contrario.

me paso los días en internet, tengo el cerebro completamente frito, pero si dejo de distraerme todo el tiempo, al segundo que lo dejo me invade un sinfín de pensamientos horribles sobre mí, desde lo más mínimo hasta lo más significante, porque fallo en todo y cada vez que pienso en todo eso, lo primero que me sale pensar y fantasear es, ""yo ya no tengo arreglo porque soy una vaga y una inútil, y si ya esta y si le pongo fin"". sé que soy una privilegiada en la vida, no soy rica ni mucho menos, pero sé que mucha gente con mi vida y mis oportunidades hubiera tenido una vida espectacular, la hubiera aprovechado, hubiera sido alguien.

en fin, solo quería desahogarme, sé que a comparación de muchas historias que se cuentan acá la mía no tiene mucho sentido, sé que se resolvería poniéndole un poco más de ganas y laburando, pero no lo hago.

gracias a todos los que lean <5",https://www.reddit.com/r/depression/comments/1rxny67/ojal%C3%A1_pudiera_volver_a_nacer/,post,emotional_distress,Mis padres me mantienen… me está yendo muy mal… les miento porque no quiero que sepan que soy esta decepción…,2,,high,,
Spanish,1rxny67,"tengo 24 años y aunque sé que siempre algo estuvo mal conmigo tuve la mala suerte de que al otro año de que termine la secundaria e iba a empezar la facultad, aunque con muchas dudas, pero igual entusiasmada, empezó la pandemia, lo que me obligo a estar encerrada y arrancarla online. estar encerrada tanto tiempo me arruino todavía más de lo que ya estaba, siempre tuve mucha ansiedad social y todo esto me metió en un bucle horrible en el que me cuesta mucho salir y sociabilizar.

si bien tengo algunos amigos, no me siento amiga de mis amigos y elijo salir de vez en cuando con ellos para no caer completamente en la locura. mis padres me mantienen, porque me están bancando mientras estudio, pero me está yendo muy mal supuestamente estoy en tercer año de una carrera, pero no termine ni el primero, aunque ellos creen que me está yendo bien, les miento porque no quiero que sepan que soy esta decepción, aunque creo que ya lo saben. no tengo pareja, ni creo que podría, se me hace algo imposible confiar tanto en alguien como para elegir compartir mi vida con alguien y menos que alguien elija compartirla conmigo. tampoco tengo trabajo, debería tenerlo, pero no consigo y siento que no podría tampoco porque siempre pienso que cualquier persona que me contrate pensaría que soy una inútil y me echaría a las dos horas, no tengo ningún hobbie, no se hacer nada, no soy buena en nada y no busco ni me esfuerzo en ser buena en nada, no porque no quiera, sinceramente no encuentro las fuerzas, son tantas las cosas que están mal, que hago mal, que no sé por dónde empezar para arreglarlas. ni siquiera tengo una buena personalidad, no soy inteligente, ni graciosa, ni tengo una afición muy grande por nada, mucho menos soy linda, al contrario.

me paso los días en internet, tengo el cerebro completamente frito, pero si dejo de distraerme todo el tiempo, al segundo que lo dejo me invade un sinfín de pensamientos horribles sobre mí, desde lo más mínimo hasta lo más significante, porque fallo en todo y cada vez que pienso en todo eso, lo primero que me sale pensar y fantasear es, ""yo ya no tengo arreglo porque soy una vaga y una inútil, y si ya esta y si le pongo fin"". sé que soy una privilegiada en la vida, no soy rica ni mucho menos, pero sé que mucha gente con mi vida y mis oportunidades hubiera tenido una vida espectacular, la hubiera aprovechado, hubiera sido alguien.

en fin, solo quería desahogarme, sé que a comparación de muchas historias que se cuentan acá la mía no tiene mucho sentido, sé que se resolvería poniéndole un poco más de ganas y laburando, pero no lo hago.

gracias a todos los que lean <6",https://www.reddit.com/r/depression/comments/1rxny67/ojal%C3%A1_pudiera_volver_a_nacer/,post,emotional_distress,No tengo pareja… tampoco tengo trabajo… no tengo ningún hobbie… no soy buena en nada…,2,,high,,
Spanish,1rxny67,"tengo 24 años y aunque sé que siempre algo estuvo mal conmigo tuve la mala suerte de que al otro año de que termine la secundaria e iba a empezar la facultad, aunque con muchas dudas, pero igual entusiasmada, empezó la pandemia, lo que me obligo a estar encerrada y arrancarla online. estar encerrada tanto tiempo me arruino todavía más de lo que ya estaba, siempre tuve mucha ansiedad social y todo esto me metió en un bucle horrible en el que me cuesta mucho salir y sociabilizar.

si bien tengo algunos amigos, no me siento amiga de mis amigos y elijo salir de vez en cuando con ellos para no caer completamente en la locura. mis padres me mantienen, porque me están bancando mientras estudio, pero me está yendo muy mal supuestamente estoy en tercer año de una carrera, pero no termine ni el primero, aunque ellos creen que me está yendo bien, les miento porque no quiero que sepan que soy esta decepción, aunque creo que ya lo saben. no tengo pareja, ni creo que podría, se me hace algo imposible confiar tanto en alguien como para elegir compartir mi vida con alguien y menos que alguien elija compartirla conmigo. tampoco tengo trabajo, debería tenerlo, pero no consigo y siento que no podría tampoco porque siempre pienso que cualquier persona que me contrate pensaría que soy una inútil y me echaría a las dos horas, no tengo ningún hobbie, no se hacer nada, no soy buena en nada y no busco ni me esfuerzo en ser buena en nada, no porque no quiera, sinceramente no encuentro las fuerzas, son tantas las cosas que están mal, que hago mal, que no sé por dónde empezar para arreglarlas. ni siquiera tengo una buena personalidad, no soy inteligente, ni graciosa, ni tengo una afición muy grande por nada, mucho menos soy linda, al contrario.

me paso los días en internet, tengo el cerebro completamente frito, pero si dejo de distraerme todo el tiempo, al segundo que lo dejo me invade un sinfín de pensamientos horribles sobre mí, desde lo más mínimo hasta lo más significante, porque fallo en todo y cada vez que pienso en todo eso, lo primero que me sale pensar y fantasear es, ""yo ya no tengo arreglo porque soy una vaga y una inútil, y si ya esta y si le pongo fin"". sé que soy una privilegiada en la vida, no soy rica ni mucho menos, pero sé que mucha gente con mi vida y mis oportunidades hubiera tenido una vida espectacular, la hubiera aprovechado, hubiera sido alguien.

en fin, solo quería desahogarme, sé que a comparación de muchas historias que se cuentan acá la mía no tiene mucho sentido, sé que se resolvería poniéndole un poco más de ganas y laburando, pero no lo hago.

gracias a todos los que lean <7",https://www.reddit.com/r/depression/comments/1rxny67/ojal%C3%A1_pudiera_volver_a_nacer/,post,emotional_distress,Me paso los días en internet… me invade un sinfín de pensamientos horribles sobre mí…,2,,high,,
Spanish,1rxny67,"tengo 24 años y aunque sé que siempre algo estuvo mal conmigo tuve la mala suerte de que al otro año de que termine la secundaria e iba a empezar la facultad, aunque con muchas dudas, pero igual entusiasmada, empezó la pandemia, lo que me obligo a estar encerrada y arrancarla online. estar encerrada tanto tiempo me arruino todavía más de lo que ya estaba, siempre tuve mucha ansiedad social y todo esto me metió en un bucle horrible en el que me cuesta mucho salir y sociabilizar.

si bien tengo algunos amigos, no me siento amiga de mis amigos y elijo salir de vez en cuando con ellos para no caer completamente en la locura. mis padres me mantienen, porque me están bancando mientras estudio, pero me está yendo muy mal supuestamente estoy en tercer año de una carrera, pero no termine ni el primero, aunque ellos creen que me está yendo bien, les miento porque no quiero que sepan que soy esta decepción, aunque creo que ya lo saben. no tengo pareja, ni creo que podría, se me hace algo imposible confiar tanto en alguien como para elegir compartir mi vida con alguien y menos que alguien elija compartirla conmigo. tampoco tengo trabajo, debería tenerlo, pero no consigo y siento que no podría tampoco porque siempre pienso que cualquier persona que me contrate pensaría que soy una inútil y me echaría a las dos horas, no tengo ningún hobbie, no se hacer nada, no soy buena en nada y no busco ni me esfuerzo en ser buena en nada, no porque no quiera, sinceramente no encuentro las fuerzas, son tantas las cosas que están mal, que hago mal, que no sé por dónde empezar para arreglarlas. ni siquiera tengo una buena personalidad, no soy inteligente, ni graciosa, ni tengo una afición muy grande por nada, mucho menos soy linda, al contrario.

me paso los días en internet, tengo el cerebro completamente frito, pero si dejo de distraerme todo el tiempo, al segundo que lo dejo me invade un sinfín de pensamientos horribles sobre mí, desde lo más mínimo hasta lo más significante, porque fallo en todo y cada vez que pienso en todo eso, lo primero que me sale pensar y fantasear es, ""yo ya no tengo arreglo porque soy una vaga y una inútil, y si ya esta y si le pongo fin"". sé que soy una privilegiada en la vida, no soy rica ni mucho menos, pero sé que mucha gente con mi vida y mis oportunidades hubiera tenido una vida espectacular, la hubiera aprovechado, hubiera sido alguien.

en fin, solo quería desahogarme, sé que a comparación de muchas historias que se cuentan acá la mía no tiene mucho sentido, sé que se resolvería poniéndole un poco más de ganas y laburando, pero no lo hago.

gracias a todos los que lean <8",https://www.reddit.com/r/depression/comments/1rxny67/ojal%C3%A1_pudiera_volver_a_nacer/,post,emotional_distress,Lo primero que me sale pensar y fantasear es… ‘yo ya no tengo arreglo… y si le pongo fin’…,2,,high,,
Spanish,1rxny67,"tengo 24 años y aunque sé que siempre algo estuvo mal conmigo tuve la mala suerte de que al otro año de que termine la secundaria e iba a empezar la facultad, aunque con muchas dudas, pero igual entusiasmada, empezó la pandemia, lo que me obligo a estar encerrada y arrancarla online. estar encerrada tanto tiempo me arruino todavía más de lo que ya estaba, siempre tuve mucha ansiedad social y todo esto me metió en un bucle horrible en el que me cuesta mucho salir y sociabilizar.

si bien tengo algunos amigos, no me siento amiga de mis amigos y elijo salir de vez en cuando con ellos para no caer completamente en la locura. mis padres me mantienen, porque me están bancando mientras estudio, pero me está yendo muy mal supuestamente estoy en tercer año de una carrera, pero no termine ni el primero, aunque ellos creen que me está yendo bien, les miento porque no quiero que sepan que soy esta decepción, aunque creo que ya lo saben. no tengo pareja, ni creo que podría, se me hace algo imposible confiar tanto en alguien como para elegir compartir mi vida con alguien y menos que alguien elija compartirla conmigo. tampoco tengo trabajo, debería tenerlo, pero no consigo y siento que no podría tampoco porque siempre pienso que cualquier persona que me contrate pensaría que soy una inútil y me echaría a las dos horas, no tengo ningún hobbie, no se hacer nada, no soy buena en nada y no busco ni me esfuerzo en ser buena en nada, no porque no quiera, sinceramente no encuentro las fuerzas, son tantas las cosas que están mal, que hago mal, que no sé por dónde empezar para arreglarlas. ni siquiera tengo una buena personalidad, no soy inteligente, ni graciosa, ni tengo una afición muy grande por nada, mucho menos soy linda, al contrario.

me paso los días en internet, tengo el cerebro completamente frito, pero si dejo de distraerme todo el tiempo, al segundo que lo dejo me invade un sinfín de pensamientos horribles sobre mí, desde lo más mínimo hasta lo más significante, porque fallo en todo y cada vez que pienso en todo eso, lo primero que me sale pensar y fantasear es, ""yo ya no tengo arreglo porque soy una vaga y una inútil, y si ya esta y si le pongo fin"". sé que soy una privilegiada en la vida, no soy rica ni mucho menos, pero sé que mucha gente con mi vida y mis oportunidades hubiera tenido una vida espectacular, la hubiera aprovechado, hubiera sido alguien.

en fin, solo quería desahogarme, sé que a comparación de muchas historias que se cuentan acá la mía no tiene mucho sentido, sé que se resolvería poniéndole un poco más de ganas y laburando, pero no lo hago.

gracias a todos los que lean <9",https://www.reddit.com/r/depression/comments/1rxny67/ojal%C3%A1_pudiera_volver_a_nacer/,response,emotional_support,No te rindas contigo misma.,3,,,Affirmation and Reassurance,
Spanish,1rxny67,"tengo 24 años y aunque sé que siempre algo estuvo mal conmigo tuve la mala suerte de que al otro año de que termine la secundaria e iba a empezar la facultad, aunque con muchas dudas, pero igual entusiasmada, empezó la pandemia, lo que me obligo a estar encerrada y arrancarla online. estar encerrada tanto tiempo me arruino todavía más de lo que ya estaba, siempre tuve mucha ansiedad social y todo esto me metió en un bucle horrible en el que me cuesta mucho salir y sociabilizar.

si bien tengo algunos amigos, no me siento amiga de mis amigos y elijo salir de vez en cuando con ellos para no caer completamente en la locura. mis padres me mantienen, porque me están bancando mientras estudio, pero me está yendo muy mal supuestamente estoy en tercer año de una carrera, pero no termine ni el primero, aunque ellos creen que me está yendo bien, les miento porque no quiero que sepan que soy esta decepción, aunque creo que ya lo saben. no tengo pareja, ni creo que podría, se me hace algo imposible confiar tanto en alguien como para elegir compartir mi vida con alguien y menos que alguien elija compartirla conmigo. tampoco tengo trabajo, debería tenerlo, pero no consigo y siento que no podría tampoco porque siempre pienso que cualquier persona que me contrate pensaría que soy una inútil y me echaría a las dos horas, no tengo ningún hobbie, no se hacer nada, no soy buena en nada y no busco ni me esfuerzo en ser buena en nada, no porque no quiera, sinceramente no encuentro las fuerzas, son tantas las cosas que están mal, que hago mal, que no sé por dónde empezar para arreglarlas. ni siquiera tengo una buena personalidad, no soy inteligente, ni graciosa, ni tengo una afición muy grande por nada, mucho menos soy linda, al contrario.

me paso los días en internet, tengo el cerebro completamente frito, pero si dejo de distraerme todo el tiempo, al segundo que lo dejo me invade un sinfín de pensamientos horribles sobre mí, desde lo más mínimo hasta lo más significante, porque fallo en todo y cada vez que pienso en todo eso, lo primero que me sale pensar y fantasear es, ""yo ya no tengo arreglo porque soy una vaga y una inútil, y si ya esta y si le pongo fin"". sé que soy una privilegiada en la vida, no soy rica ni mucho menos, pero sé que mucha gente con mi vida y mis oportunidades hubiera tenido una vida espectacular, la hubiera aprovechado, hubiera sido alguien.

en fin, solo quería desahogarme, sé que a comparación de muchas historias que se cuentan acá la mía no tiene mucho sentido, sé que se resolvería poniéndole un poco más de ganas y laburando, pero no lo hago.

gracias a todos los que lean <10",https://www.reddit.com/r/depression/comments/1rxny67/ojal%C3%A1_pudiera_volver_a_nacer/,response,emotional_support,"Por lo que cuentas, parece que pasaste por mucho a nivel personal, y te demonizas, como si todo sea tu culpa o que fuera fácil de solucionar.",3,,,Reflection of Feelings,
Spanish,1rxny67,"tengo 24 años y aunque sé que siempre algo estuvo mal conmigo tuve la mala suerte de que al otro año de que termine la secundaria e iba a empezar la facultad, aunque con muchas dudas, pero igual entusiasmada, empezó la pandemia, lo que me obligo a estar encerrada y arrancarla online. estar encerrada tanto tiempo me arruino todavía más de lo que ya estaba, siempre tuve mucha ansiedad social y todo esto me metió en un bucle horrible en el que me cuesta mucho salir y sociabilizar.

si bien tengo algunos amigos, no me siento amiga de mis amigos y elijo salir de vez en cuando con ellos para no caer completamente en la locura. mis padres me mantienen, porque me están bancando mientras estudio, pero me está yendo muy mal supuestamente estoy en tercer año de una carrera, pero no termine ni el primero, aunque ellos creen que me está yendo bien, les miento porque no quiero que sepan que soy esta decepción, aunque creo que ya lo saben. no tengo pareja, ni creo que podría, se me hace algo imposible confiar tanto en alguien como para elegir compartir mi vida con alguien y menos que alguien elija compartirla conmigo. tampoco tengo trabajo, debería tenerlo, pero no consigo y siento que no podría tampoco porque siempre pienso que cualquier persona que me contrate pensaría que soy una inútil y me echaría a las dos horas, no tengo ningún hobbie, no se hacer nada, no soy buena en nada y no busco ni me esfuerzo en ser buena en nada, no porque no quiera, sinceramente no encuentro las fuerzas, son tantas las cosas que están mal, que hago mal, que no sé por dónde empezar para arreglarlas. ni siquiera tengo una buena personalidad, no soy inteligente, ni graciosa, ni tengo una afición muy grande por nada, mucho menos soy linda, al contrario.

me paso los días en internet, tengo el cerebro completamente frito, pero si dejo de distraerme todo el tiempo, al segundo que lo dejo me invade un sinfín de pensamientos horribles sobre mí, desde lo más mínimo hasta lo más significante, porque fallo en todo y cada vez que pienso en todo eso, lo primero que me sale pensar y fantasear es, ""yo ya no tengo arreglo porque soy una vaga y una inútil, y si ya esta y si le pongo fin"". sé que soy una privilegiada en la vida, no soy rica ni mucho menos, pero sé que mucha gente con mi vida y mis oportunidades hubiera tenido una vida espectacular, la hubiera aprovechado, hubiera sido alguien.

en fin, solo quería desahogarme, sé que a comparación de muchas historias que se cuentan acá la mía no tiene mucho sentido, sé que se resolvería poniéndole un poco más de ganas y laburando, pero no lo hago.

gracias a todos los que lean <11",https://www.reddit.com/r/depression/comments/1rxny67/ojal%C3%A1_pudiera_volver_a_nacer/,response,emotional_support,Sé que es duro salir de ese bucle del internet buscando una satisfacción corta.,3,,,Reflection of Feelings,
Spanish,1rxny67,"tengo 24 años y aunque sé que siempre algo estuvo mal conmigo tuve la mala suerte de que al otro año de que termine la secundaria e iba a empezar la facultad, aunque con muchas dudas, pero igual entusiasmada, empezó la pandemia, lo que me obligo a estar encerrada y arrancarla online. estar encerrada tanto tiempo me arruino todavía más de lo que ya estaba, siempre tuve mucha ansiedad social y todo esto me metió en un bucle horrible en el que me cuesta mucho salir y sociabilizar.

si bien tengo algunos amigos, no me siento amiga de mis amigos y elijo salir de vez en cuando con ellos para no caer completamente en la locura. mis padres me mantienen, porque me están bancando mientras estudio, pero me está yendo muy mal supuestamente estoy en tercer año de una carrera, pero no termine ni el primero, aunque ellos creen que me está yendo bien, les miento porque no quiero que sepan que soy esta decepción, aunque creo que ya lo saben. no tengo pareja, ni creo que podría, se me hace algo imposible confiar tanto en alguien como para elegir compartir mi vida con alguien y menos que alguien elija compartirla conmigo. tampoco tengo trabajo, debería tenerlo, pero no consigo y siento que no podría tampoco porque siempre pienso que cualquier persona que me contrate pensaría que soy una inútil y me echaría a las dos horas, no tengo ningún hobbie, no se hacer nada, no soy buena en nada y no busco ni me esfuerzo en ser buena en nada, no porque no quiera, sinceramente no encuentro las fuerzas, son tantas las cosas que están mal, que hago mal, que no sé por dónde empezar para arreglarlas. ni siquiera tengo una buena personalidad, no soy inteligente, ni graciosa, ni tengo una afición muy grande por nada, mucho menos soy linda, al contrario.

me paso los días en internet, tengo el cerebro completamente frito, pero si dejo de distraerme todo el tiempo, al segundo que lo dejo me invade un sinfín de pensamientos horribles sobre mí, desde lo más mínimo hasta lo más significante, porque fallo en todo y cada vez que pienso en todo eso, lo primero que me sale pensar y fantasear es, ""yo ya no tengo arreglo porque soy una vaga y una inútil, y si ya esta y si le pongo fin"". sé que soy una privilegiada en la vida, no soy rica ni mucho menos, pero sé que mucha gente con mi vida y mis oportunidades hubiera tenido una vida espectacular, la hubiera aprovechado, hubiera sido alguien.

en fin, solo quería desahogarme, sé que a comparación de muchas historias que se cuentan acá la mía no tiene mucho sentido, sé que se resolvería poniéndole un poco más de ganas y laburando, pero no lo hago.

gracias a todos los que lean <12",https://www.reddit.com/r/depression/comments/1rxny67/ojal%C3%A1_pudiera_volver_a_nacer/,response,emotional_support,"Creería yo que debes ir a una consulta en psicología o psiquiatría, pues muestras comportamientos depresivos.",3,,,Providing Suggestions,
Spanish,1rxny67,"tengo 24 años y aunque sé que siempre algo estuvo mal conmigo tuve la mala suerte de que al otro año de que termine la secundaria e iba a empezar la facultad, aunque con muchas dudas, pero igual entusiasmada, empezó la pandemia, lo que me obligo a estar encerrada y arrancarla online. estar encerrada tanto tiempo me arruino todavía más de lo que ya estaba, siempre tuve mucha ansiedad social y todo esto me metió en un bucle horrible en el que me cuesta mucho salir y sociabilizar.

si bien tengo algunos amigos, no me siento amiga de mis amigos y elijo salir de vez en cuando con ellos para no caer completamente en la locura. mis padres me mantienen, porque me están bancando mientras estudio, pero me está yendo muy mal supuestamente estoy en tercer año de una carrera, pero no termine ni el primero, aunque ellos creen que me está yendo bien, les miento porque no quiero que sepan que soy esta decepción, aunque creo que ya lo saben. no tengo pareja, ni creo que podría, se me hace algo imposible confiar tanto en alguien como para elegir compartir mi vida con alguien y menos que alguien elija compartirla conmigo. tampoco tengo trabajo, debería tenerlo, pero no consigo y siento que no podría tampoco porque siempre pienso que cualquier persona que me contrate pensaría que soy una inútil y me echaría a las dos horas, no tengo ningún hobbie, no se hacer nada, no soy buena en nada y no busco ni me esfuerzo en ser buena en nada, no porque no quiera, sinceramente no encuentro las fuerzas, son tantas las cosas que están mal, que hago mal, que no sé por dónde empezar para arreglarlas. ni siquiera tengo una buena personalidad, no soy inteligente, ni graciosa, ni tengo una afición muy grande por nada, mucho menos soy linda, al contrario.

me paso los días en internet, tengo el cerebro completamente frito, pero si dejo de distraerme todo el tiempo, al segundo que lo dejo me invade un sinfín de pensamientos horribles sobre mí, desde lo más mínimo hasta lo más significante, porque fallo en todo y cada vez que pienso en todo eso, lo primero que me sale pensar y fantasear es, ""yo ya no tengo arreglo porque soy una vaga y una inútil, y si ya esta y si le pongo fin"". sé que soy una privilegiada en la vida, no soy rica ni mucho menos, pero sé que mucha gente con mi vida y mis oportunidades hubiera tenido una vida espectacular, la hubiera aprovechado, hubiera sido alguien.

en fin, solo quería desahogarme, sé que a comparación de muchas historias que se cuentan acá la mía no tiene mucho sentido, sé que se resolvería poniéndole un poco más de ganas y laburando, pero no lo hago.

gracias a todos los que lean <13",https://www.reddit.com/r/depression/comments/1rxny67/ojal%C3%A1_pudiera_volver_a_nacer/,response,emotional_support,"Entiendo que te puedas sentir avergonzada, pero actualmente necesitas ayuda… necesitas apoyo de otros, sea tu familia o donde puedas encontrar algo de paz.",3,,,Providing Suggestions,
Spanish,1rxny67,"tengo 24 años y aunque sé que siempre algo estuvo mal conmigo tuve la mala suerte de que al otro año de que termine la secundaria e iba a empezar la facultad, aunque con muchas dudas, pero igual entusiasmada, empezó la pandemia, lo que me obligo a estar encerrada y arrancarla online. estar encerrada tanto tiempo me arruino todavía más de lo que ya estaba, siempre tuve mucha ansiedad social y todo esto me metió en un bucle horrible en el que me cuesta mucho salir y sociabilizar.

si bien tengo algunos amigos, no me siento amiga de mis amigos y elijo salir de vez en cuando con ellos para no caer completamente en la locura. mis padres me mantienen, porque me están bancando mientras estudio, pero me está yendo muy mal supuestamente estoy en tercer año de una carrera, pero no termine ni el primero, aunque ellos creen que me está yendo bien, les miento porque no quiero que sepan que soy esta decepción, aunque creo que ya lo saben. no tengo pareja, ni creo que podría, se me hace algo imposible confiar tanto en alguien como para elegir compartir mi vida con alguien y menos que alguien elija compartirla conmigo. tampoco tengo trabajo, debería tenerlo, pero no consigo y siento que no podría tampoco porque siempre pienso que cualquier persona que me contrate pensaría que soy una inútil y me echaría a las dos horas, no tengo ningún hobbie, no se hacer nada, no soy buena en nada y no busco ni me esfuerzo en ser buena en nada, no porque no quiera, sinceramente no encuentro las fuerzas, son tantas las cosas que están mal, que hago mal, que no sé por dónde empezar para arreglarlas. ni siquiera tengo una buena personalidad, no soy inteligente, ni graciosa, ni tengo una afición muy grande por nada, mucho menos soy linda, al contrario.

me paso los días en internet, tengo el cerebro completamente frito, pero si dejo de distraerme todo el tiempo, al segundo que lo dejo me invade un sinfín de pensamientos horribles sobre mí, desde lo más mínimo hasta lo más significante, porque fallo en todo y cada vez que pienso en todo eso, lo primero que me sale pensar y fantasear es, ""yo ya no tengo arreglo porque soy una vaga y una inútil, y si ya esta y si le pongo fin"". sé que soy una privilegiada en la vida, no soy rica ni mucho menos, pero sé que mucha gente con mi vida y mis oportunidades hubiera tenido una vida espectacular, la hubiera aprovechado, hubiera sido alguien.

en fin, solo quería desahogarme, sé que a comparación de muchas historias que se cuentan acá la mía no tiene mucho sentido, sé que se resolvería poniéndole un poco más de ganas y laburando, pero no lo hago.

gracias a todos los que lean <14",https://www.reddit.com/r/depression/comments/1rxny67/ojal%C3%A1_pudiera_volver_a_nacer/,response,emotional_support,"Y no hables de ti como si fueras insignificante… estoy seguro que eres una persona maravillosa… ojalá encuentres el valor de luchar por ti y buscar ayuda, te deseo la mejor suerte.",3,,,Affirmation and Reassurance,
Spanish,1rxny67,"tengo 24 años y aunque sé que siempre algo estuvo mal conmigo tuve la mala suerte de que al otro año de que termine la secundaria e iba a empezar la facultad, aunque con muchas dudas, pero igual entusiasmada, empezó la pandemia, lo que me obligo a estar encerrada y arrancarla online. estar encerrada tanto tiempo me arruino todavía más de lo que ya estaba, siempre tuve mucha ansiedad social y todo esto me metió en un bucle horrible en el que me cuesta mucho salir y sociabilizar.

si bien tengo algunos amigos, no me siento amiga de mis amigos y elijo salir de vez en cuando con ellos para no caer completamente en la locura. mis padres me mantienen, porque me están bancando mientras estudio, pero me está yendo muy mal supuestamente estoy en tercer año de una carrera, pero no termine ni el primero, aunque ellos creen que me está yendo bien, les miento porque no quiero que sepan que soy esta decepción, aunque creo que ya lo saben. no tengo pareja, ni creo que podría, se me hace algo imposible confiar tanto en alguien como para elegir compartir mi vida con alguien y menos que alguien elija compartirla conmigo. tampoco tengo trabajo, debería tenerlo, pero no consigo y siento que no podría tampoco porque siempre pienso que cualquier persona que me contrate pensaría que soy una inútil y me echaría a las dos horas, no tengo ningún hobbie, no se hacer nada, no soy buena en nada y no busco ni me esfuerzo en ser buena en nada, no porque no quiera, sinceramente no encuentro las fuerzas, son tantas las cosas que están mal, que hago mal, que no sé por dónde empezar para arreglarlas. ni siquiera tengo una buena personalidad, no soy inteligente, ni graciosa, ni tengo una afición muy grande por nada, mucho menos soy linda, al contrario.

me paso los días en internet, tengo el cerebro completamente frito, pero si dejo de distraerme todo el tiempo, al segundo que lo dejo me invade un sinfín de pensamientos horribles sobre mí, desde lo más mínimo hasta lo más significante, porque fallo en todo y cada vez que pienso en todo eso, lo primero que me sale pensar y fantasear es, ""yo ya no tengo arreglo porque soy una vaga y una inútil, y si ya esta y si le pongo fin"". sé que soy una privilegiada en la vida, no soy rica ni mucho menos, pero sé que mucha gente con mi vida y mis oportunidades hubiera tenido una vida espectacular, la hubiera aprovechado, hubiera sido alguien.

en fin, solo quería desahogarme, sé que a comparación de muchas historias que se cuentan acá la mía no tiene mucho sentido, sé que se resolvería poniéndole un poco más de ganas y laburando, pero no lo hago.

gracias a todos los que lean <15",https://www.reddit.com/r/depression/comments/1rxny67/ojal%C3%A1_pudiera_volver_a_nacer/,response,emphaty_score,,0,,,,5 (very empathetic)
